AN;NOM_COURT_GHT;CODE_GHT;NOM_COMPLET_GHT;LIT_MED;LIT_CHI;LIT_OBS;LIT_MCO;SEJHC_MED;SEJHC_CHI;SEJHC_OBS;SEJHC_MCO;JOU_MED;JOU_CHI;JOU_OBS;JOU_MCO;PLA_MED;PLA_CHI;PLA_OBS;PLA_MCO;SEJHP_MED;SEJHP_CHI;SEJHP_OBS;SEJHP_MCO;CAP_COMPLET_GEN;CAP_COMPLET_INF;CAP_COMPLET_PEN;CAP_COMPLET_TOT;CAP_HTP_GEN;CAP_HTP_INF;CAP_HTP_PEN;CAP_HTP_TOT;SEJ_HTP_GEN;SEJ_HTP_INF;SEJ_HTP_PEN;SEJ_HTP_TOT;CAP_HDJ_GEN;CAP_HDJ_INF;CAP_HDJ_PEN;CAP_HDJ_TOT;VEN_HDJ_GEN;VEN_HDJ_INF;VEN_HDJ_PEN;VEN_HDJ_TOT;CAP_HDN_GEN;CAP_HDN_INF;CAP_HDN_TOT;VEN_HDN_GEN;VEN_HDN_INF;VEN_HDN_TOT;FIL_TPL_GEN;FIL_TPL_INF;FIL_TPL_PEN;FIL_TPL_TOT;FIL_AMB_GEN;FIL_AMB_INF;FIL_AMB_PEN;FIL_AMB_TOT;FIL_TOT_GEN;FIL_TOT_INF;FIL_TOT_PEN;FIL_TOT_TOT;LIT_SSR;SEJHC_SSR;JOUHC_SSR;JOUHP_SSR;PLA_SSR;LIT_USLD;ENT;JOU_USLD;PLATOT_HAD;SEJ_HAD;JOU_HAD;FIL_HAD;BIO_B2;BIO_B3;NB_SCAN;ACT_SCAN;ACTNUI_SCAN;NB_IRM;ACT_IRM;ACTNUI_IRM;NB_CAM;ACT_CAM;ACTNUI_CAM;NB_TOMO;ACT_TOMO;ACTNUI_TOMO;NB_MAMM;ACTEX_MAMM;NB_LITHO;ACT_LITHO;ACTNUI_LITHO;NB_RADIO;ACT_RADIO;ACTNUI_RADIO;NB_VASC;ACT_VASC;ACTNUI_VASC;SITES;SALCHIR;SAL24CHIR;SALOBS;SAL24OBS;SALINT;SAL24INT;SALEND;SALEND24;SALAUT;SALAUT24;SALTOT;SALTOT24;SALAMBU;SURV;SURV24;SURVAMBU;POST;POST24;POSTAMBU;BLOCS_C10;BLOCS_C11;BLOCS_C12;BLOCS_C13;BLOCS_C14;BLOCS_C15;PHARMA_A7;PHARMA_B7;PHARMA_C7;PHARMA_D7;PHARMA_E7;PHARMA_A10;PHARMA_A16_POURCENTOUI;PHARMA_A17_POURCENTOUI;PHARMA_A18_POURCENTOUI;PHARMA_A19_POURCENTOUI;PHARMA_A20_POURCENTOUI;EFFSAL_SPEMED;EFFSAL_DT_MEDGEN;EFFSAL_DT_URG;EFFSAL_DT_ANESTREA;EFFSAL_SPECHI;EFFSAL_DT_GYNOBS;EFFSAL_PSY;EFFSAL_ODON;EFFSAL_PHARMA;EFFSAL_AUT;EFFSAL_TOT;EFFLIB_SPEMED;EFFLIB_DT_MEDGEN;EFFLIB_DT_URG;EFFLIB_DT_ANESTREA;EFFLIB_SPECHI;EFFLIB_DT_GYNOBS;EFFLIB_PSY;EFFLIB_ODON;EFFLIB_PHARMA;EFFLIB_AUT;EFFLIB_TOT;ETPSAL_SPEMED;ETPSAL_DT_MEDGEN;ETPSAL_DT_URG;ETPSAL_DT_ANESTREA;ETPSAL_SPECHI;ETPSAL_DT_GYNOBS;ETPSAL_PSY;ETPSAL_ODON;ETPSAL_PHARMA;ETPSAL_AUT;ETPSAL_TOT;INTTOT;ETPINT;EFF_SAG;EFF_CAD;EFF_INFAVECSPE;EFF_INFSANSSPE;EFF_AID;EFF_ASH;EFF_PSYCHO;EFF_REEDU;EFF_SOINS;EFF_DIR;EFF_DIRINF;EFF_AUTADM;EFF_EDU;EFF_DTSOC;EFF_PERSPHARMA;EFF_PERSLABO;EFF_PERSRADIO;EFF_AUTMEDTEC;EFF_TEC;EFF_TOT_HORS_SOINS;EFF_TOT_PNM;ETP_SAG;ETP_CAD;ETP_INFAVECSPE;ETP_INFSANSSPE;ETP_AID;ETP_ASH;ETP_PSYCHO;ETP_REEDU;ETP_SOINS;ETP_DIR;ETP_DIRINF;ETP_AUTADM;ETP_EDU;ETP_DTSOC;ETP_PERSPHARMA;ETP_PERSLABO;ETP_PERSRADIO;ETP_AUTMEDTEC;ETP_TEC;ETP_TOT_HORS_SOINS;ETP_TOT_PNM;NB_ETAB;NB_CHRCHU;NB_CH;NB_CHS;NB_AUT
2020;ARA-01;84101;ALLIER PUY-DE-DÔME;1784;504;203;2491;96787;16022;12578;125387;589622;94765;43457;727844;128;69;17;214;19239;15396;972;35607;893;65;0;958;506;31;0;537;4131;460;;4591;152;83;0;235;18601;7442;;26043;1;0;1;117;0;117;3154;138;;3291;13711;4207;75;17920;17448;4630;75;21952;694;5763;202548;9759;49;582;324;209464;92;1193;31932;787;;;14;157829;2199;8;39512;284;1;8566;;;;;6;5070;2;1492;0;36;183738;1370;7;15395;128;11;49;6;8;3;17;0;15;0;2;0;91;9;1;16;3;1;107;12;8;44173;6808;7071;2719;26531;1517;2438;858;699;582;2174;87167106;33.3;7.1;7.7;50;93.8;;;;;;;;;;;;;;;;;;;;;;;;;;;;;;;;;;;;;;;;;;;;;;;;;;;;;;;;;;;;;;;;;;;;;;;;;;;;;;20;4;15;1;
2020;ARA-02;84102;SAVOIE BELLEY;899;273;136;1308;38878;15489;5954;60321;241489;63066;23287;327842;81;64;18;163;3871;10210;1094;15175;230;8;;238;200;8;;208;2004;196;0;2200;77;28;;105;1520;568;;2088;;;;;;;1136;58;0;1186;7665;4165;1094;12777;8983;4287;1128;14192;301;2707;87526;5194;34;173;139;60574;68;2431;34809;1226;;;9;52668;169;4;11289;;3;10028;;1;11967;;2;3143;1;161;;16;118054;338;2;3383;;7;24;2;3;1;1;1;3;1;0;0;31;5;15;5;1;3;47;4;25;24172;4063;1271;336;11651;264;1376;234;311;173;1243;27821904;50;0;10;60;90;;;;;;;;;;;;;;;;;;;;;;;;;;;;;;;;;;;;;;;;;;;;;;;;;;;;;;;;;;;;;;;;;;;;;;;;;;;;;;13;;11;1;1
2020;ARA-03;84103;BRESSE HAUT-BUGEY;401;94;71;566;17301;4570;4615;26486;117520;21010;14356;152886;21;27;1;49;2538;4314;88;6940;;;;;;;;;;;;;;;;;;;;;;;;;;;;;;;;;;;;;;;421;4074;108192;1968;13;170;160;56624;45;785;11973;367;;;3;20618;396;3;8001;8;;;;;;;1;;;;;8;58417;753;2;252;;3;12;1;3;3;1;0;2;0;1;0;19;4;;3;1;0;27;4;0;8446;1596;69;258;5365;57;646;0;429;185;1154;16731076;28.6;0;0;28.6;100;;;;;;;;;;;;;;;;;;;;;;;;;;;;;;;;;;;;;;;;;;;;;;;;;;;;;;;;;;;;;;;;;;;;;;;;;;;;;;12;;10;;2
2020;ARA-04;84104;CANTAL;371;82;35;488;13695;4035;1966;19696;98053;17073;5682;120808;31;16;0;47;1669;1659;0;3328;142;14;;156;135;10;;145;1165;346;;1511;73;22;;95;20093;16364;;36457;1;;1;179;;179;782;51;;833;2686;1054;;3740;3733;1187;;4920;186;1523;46171;1079;15;154;106;49529;15;618;5702;245;;;2;30073;240;2;11950;42;;;;;;;2;2099;;;;8;45003;296;1;1909;;4;9;3;2;2;1;1;3;1;0;0;15;7;0;3;3;0;17;1;0;5380;880;958;172;3410;13;494;149;242;154;514;10954829;16.7;0;0;50;100;;;;;;;;;;;;;;;;;;;;;;;;;;;;;;;;;;;;;;;;;;;;;;;;;;;;;;;;;;;;;;;;;;;;;;;;;;;;;;9;;8;;1
2020;ARA-05;84105;ALPES DAUPHINÉ;1024;447;95;1566;48360;18355;6106;72821;301537;99015;24525;425077;138;48;18;204;17188;8934;2938;29060;350;22;0;372;334;20;0;354;3514;293;0;3807;100;103;22;225;6377;10719;5004;22100;1;1;2;0;0;0;2271;186;0;2444;11789;4939;1013;17466;14477;5381;1060;21956;472;4896;122331;13454;55;346;241;114276;112;2681;25550;858;;;7;94699;892;6;51550;;4;7514;;1;4554;;2;2820;1;121;;26;174591;1199;4;8215;36;15;45;7;3;1;14;;8;;;;70;8;;7;3;;48;14;;35722;3916;2744;1876;10372;310;1619;362;435;346;679;65959604;0;0;0;22.2;77.8;;;;;;;;;;;;;;;;;;;;;;;;;;;;;;;;;;;;;;;;;;;;;;;;;;;;;;;;;;;;;;;;;;;;;;;;;;;;;;11;4;6;1;
2020;ARA-06;84106;HAUTE-LOIRE;327;111;21;459;15977;5366;1381;22724;91302;26201;5185;122688;23;25;2;50;1096;5214;180;6490;;;;;;;;;;;;;;;;;;;;;;;;;;;;;;;;;;;;;;;112;1285;34646;605;9;131;100;44432;64;519;14193;404;;;3;37507;516;2;16263;13;;;;;;;1;3001;;;;5;57966;276;;;;2;9;1;1;1;;;2;;;;12;2;2;3;;;20;;;8648;852;122;226;4397;18;395;0;77;125;716;11272675;60;0;0;40;100;;;;;;;;;;;;;;;;;;;;;;;;;;;;;;;;;;;;;;;;;;;;;;;;;;;;;;;;;;;;;;;;;;;;;;;;;;;;;;5;;5;;
2020;ARA-07;84107;LÉMAN MONT-BLANC;643;166;86;895;29079;9180;6407;44666;178439;36711;21940;237090;38;46;1;85;4270;7970;885;13125;209;0;0;209;209;0;0;209;2033;;;2033;58;25;;83;7369;1118;;8487;5;;5;0;;0;1147;;;1147;5143;2115;;7227;6507;2164;444;8626;105;974;34165;0;;110;83;37184;52;1435;18113;668;;;4;39875;711;3;7853;94;3;10774;0;1;7998;0;3;4761;;;;10;77290;1505;;;;4;16;3;4;3;1;0;6;0;2;0;29;6;1;3;3;0;37;15;0;16988;3490;355;375;10560;91;954;208;130;110;1535;18840085;40;0;20;60;100;;;;;;;;;;;;;;;;;;;;;;;;;;;;;;;;;;;;;;;;;;;;;;;;;;;;;;;;;;;;;;;;;;;;;;;;;;;;;;9;;6;1;2
2020;ARA-08;84108;GENEVOIS ANNECY ALBANAIS;575;147;85;807;28738;8774;5965;43477;164903;41005;22412;228320;17;20;;37;3321;6173;0;9494;93;0;;93;75;0;;75;711;;;711;20;28;;48;1571;1618;;3189;;;;;;;388;;;388;3990;1659;;5494;4457;1715;;6008;133;1201;37068;3260;10;137;85;44735;35;662;11300;389;;;3;38016;429;3;17779;;;;;;;;1;1669;1;58;;8;52972;586;3;5583;45;11;18;2;3;2;4;1;10;0;0;0;35;5;1;2;1;;28;;;14388;2773;1776;428;6120;133;807;95;165;157;338;28163331;50;0;0;50;75;;;;;;;;;;;;;;;;;;;;;;;;;;;;;;;;;;;;;;;;;;;;;;;;;;;;;;;;;;;;;;;;;;;;;;;;;;;;;;7;;6;;1
2020;ARA-09;84109;LOIRE;1543;391;192;2126;78803;18796;11770;109369;446892;92985;39102;578979;159;96;13;268;19220;12894;1805;33919;291;19;;310;255;18;;273;4177;362;;4539;191;75;;266;19211;7321;;26532;0;0;0;0;0;0;2494;199;;2625;13721;3146;887;17642;17378;3683;887;21708;797;8182;225517;8689;66;450;378;156092;50;459;13049;291;;;10;148462;2146;7;43238;60;3;4549;0;1;3560;0;5;9374;1;59;;31;197161;5017;4;6005;45;13;53;3;6;3;10;3;13;1;5;1;87;11;0;10;3;0;78;19;0;40289;5957;3879;724;19668;820;3032;461;797;580;2145;77899275;15;5;10;30;85;;;;;;;;;;;;;;;;;;;;;;;;;;;;;;;;;;;;;;;;;;;;;;;;;;;;;;;;;;;;;;;;;;;;;;;;;;;;;;27;4;20;;3
2020;ARA-10;84110;RHÔNE CENTRE;2419;816;287;3522;94252;35603;19136;148991;643137;176397;72260;891794;292;122;32;446;50126;20542;5530;76198;;24;;24;;24;;24;;602;;602;;9;;9;;955;;955;;;;;;;;;;;;;;;;733;;733;880;7413;249815;11970;73;462;229;161679;;;;;;;13;137386;2781;9;47416;130;5;16247;;2;5480;;6;4105;;;;36;191124;727;12;13570;39;27;98;9;5;4;16;4;16;0;8;;143;17;5;23;3;2;193;4;12;80500;11549;5282;3078;29800;1023;3523;0;670;229;1916;176877692;50;25;50;77.8;100;;;;;;;;;;;;;;;;;;;;;;;;;;;;;;;;;;;;;;;;;;;;;;;;;;;;;;;;;;;;;;;;;;;;;;;;;;;;;;16;12;3;;1
2020;ARA-11;84111;NORD DAUPHINÉ;326;57;31;414;18194;2436;2329;22959;95368;12989;6942;115299;21;9;1;31;1263;1833;218;3314;;10;;10;;10;;10;;99;;99;;24;;24;;792;;792;;;;;;;;;;;;;;;;1930;;1930;80;886;25490;1590;10;155;89;55015;;;;;;;2;24266;398;2;14849;0;;;;;;;;;;;;6;48407;733;1;;;2;8;1;1;1;1;;5;;;;15;2;;2;1;;15;12;;4617;1103;160;32;3381;25;414;10;50;155;276;7381069;33.3;33.3;0;33.3;100;;;;;;;;;;;;;;;;;;;;;;;;;;;;;;;;;;;;;;;;;;;;;;;;;;;;;;;;;;;;;;;;;;;;;;;;;;;;;;6;;4;;2
2020;ARA-12;84112;RHÔNE NORD BEAUJOLAIS DOMBES;480;65;38;583;25421;3271;2939;31631;145725;12630;11063;169418;14;18;1;33;1851;5355;1008;8214;158;;;158;158;;;158;1397;;;1397;83;49;;132;3593;3964;;7557;5;;5;0;;0;931;;;931;6780;2604;682;9300;7943;2740;682;10598;224;2232;69415;0;0;70;55;24460;;;;;;;3;33891;459;1;4205;96;;;;;;;2;3786;;;;8;53505;728;2;3528;5;4;10;1;1;1;2;;2;;;;15;2;2;2;;1;13;;4;9581;1659;879;390;6471;37;594;158;224;70;1423;15729709;16.7;0;16.7;42.9;100;;;;;;;;;;;;;;;;;;;;;;;;;;;;;;;;;;;;;;;;;;;;;;;;;;;;;;;;;;;;;;;;;;;;;;;;;;;;;;10;;7;1;2
2020;ARA-13;84113;VAL RHÔNE SANTÉ;333;48;42;423;11456;1829;3175;16460;81597;7090;11641;100328;19;10;7;36;1761;986;729;3476;;;;;;;;;;;;;;;;;;;;;;;;;;;;;;;;;;;;;;;255;2350;69421;798;5;;;;35;337;12789;225;;;2;17585;206;1;3897;;;;;;;;1;516;;;;6;35459;113;;;;6;5;2;3;3;1;0;2;1;0;0;11;6;0;2;2;0;12;12;0;3578;1736;36;42;2377;50;460;0;225;0;670;5492915;20;0;0;40;100;;;;;;;;;;;;;;;;;;;;;;;;;;;;;;;;;;;;;;;;;;;;;;;;;;;;;;;;;;;;;;;;;;;;;;;;;;;;;;6;;6;;
2020;ARA-14;84114;RHÔNE VERCORS VIVARAIS;704;153;76;933;29728;8018;4852;42598;202710;34577;17682;254969;64;37;3;104;3304;5951;846;10101;248;10;;258;240;10;;250;2357;77;;2434;99;38;;137;12801;2635;;15436;;;;;;;1509;44;0;1551;8223;2740;526;11291;10073;2858;536;13212;279;2581;71372;2080;21;107;50;36295;140;1953;47607;1222;;;4;37994;459;5;22623;52;4;7003;;1;3736;;3;2539;;;;14;85614;810;3;5763;18;5;15;1;2;1;4;;4;0;0;;25;2;1;3;1;1;26;;9;13071;2809;1731;561;5477;219;945;250;279;107;1431;20659750;22.2;0;11.1;33.3;100;;;;;;;;;;;;;;;;;;;;;;;;;;;;;;;;;;;;;;;;;;;;;;;;;;;;;;;;;;;;;;;;;;;;;;;;;;;;;;11;;9;2;
2020;ARA-15;84115;SUD DRÔME ARDÈCHE;510;96;53;659;22350;5364;3474;31188;143131;22411;12488;178030;28;27;1;56;2026;4517;687;7230;;;;;;;;;;;;;;;;;;;;;;;;;;;;;;;;;;;;;;;322;4130;106446;3207;10;171;109;57609;54;722;20990;522;;;5;33835;230;3;10820;72;;;;;;;3;3307;;;;8;57633;456;;;;3;12;3;2;0;;0;2;0;;;16;3;;3;2;;21;6;;9617;1948;118;2;7266;101;713;0;383;175;1414;12047192;33.3;0;0;27.3;63.6;;;;;;;;;;;;;;;;;;;;;;;;;;;;;;;;;;;;;;;;;;;;;;;;;;;;;;;;;;;;;;;;;;;;;;;;;;;;;;15;;14;;1
2020;BFC-01;27101;SAÔNE-ET-LOIRE-BRESSE MORVAN;535;80;57;672;25796;3900;3754;33450;159913;21876;11972;193761;18;24;3;45;2513;3173;56;5742;269;16;;285;269;16;;285;1599;307;0;1906;54;75;;129;6024;5864;0;11888;7;;7;16;0;16;1054;144;;1195;6400;3309;614;10160;7708;3715;614;11876;250;2178;69230;0;0;54;51;15973;;;;;;;4;52431;536;2;12585;10;;;;;;;2;4196;;;;11;48738;374;;;;3;9;1;2;1;1;0;1;0;0;0;13;2;;3;0;;19;0;;7385;1760;342;605;4740;92;671;285;215;54;992;18801700;28.6;0;0;28.6;100;;;;;;;;;;;;;;;;;;;;;;;;;;;;;;;;;;;;;;;;;;;;;;;;;;;;;;;;;;;;;;;;;;;;;;;;;;;;;;9;;8;1;
2020;BFC-02;27102;BOURGOGNE MÉRIDIONALE;476;108;50;634;24082;5971;3136;33189;134863;28667;10012;173542;43;31;0;74;2937;4969;26;7932;83;;;83;80;;;80;748;;;748;10;;;10;897;;;897;;;;;;;486;;;486;41;;;41;4492;;;4498;259;2678;75281;1629;18;149;65;50445;40;602;16149;383;;;2;25377;366;1;7435;;;;;;;;;;;;;8;51532;469;1;3724;7;4;9;2;3;3;2;1;7;;0;;21;6;;3;1;;20;;;9421;1685;1098;703;7109;131;688;80;261;149;1323;10483733;40;0;0;40;100;;;;;;;;;;;;;;;;;;;;;;;;;;;;;;;;;;;;;;;;;;;;;;;;;;;;;;;;;;;;;;;;;;;;;;;;;;;;;;9;;7;;2
2020;BFC-03;27103;21-52 CÔTE D'OR-HAUTE-MARNE;1092;274;126;1492;49673;13688;6646;70007;304171;68142;27258;399571;201;57;21;279;17589;10121;2592;30302;336;18;;354;336;15;;351;3537;199;0;3736;140;105;20;265;4658;5582;5252;15492;5;4;9;0;209;209;2458;115;;2592;10501;2424;536;13379;13297;3014;628;16763;427;3881;126456;12106;43;182;137;59468;;;;;;;6;47872;1075;5;19991;51;;;;;;;4;2168;;;;17;106970;1960;3;4060;12;4;33;4;4;3;3;1;4;;;;44;8;5;3;3;1;59;11;8;27571;3668;2884;1696;9833;165;1412;336;374;142;1295;58922309;28.6;0;14.3;50;87.5;;;;;;;;;;;;;;;;;;;;;;;;;;;;;;;;;;;;;;;;;;;;;;;;;;;;;;;;;;;;;;;;;;;;;;;;;;;;;;15;2;10;1;2
2020;BFC-04;27104;SUD YONNE-HAUT-NIVERNAIS;429;68;37;534;18893;4608;3204;26705;113467;18765;10029;142261;34;24;;58;1122;1158;0;2280;223;18;2;243;217;10;2;229;1674;67;33;1774;49;73;;122;4436;4983;;9419;;;;0;;0;1307;55;27;1359;7683;2426;994;9971;9091;2565;1021;11515;175;1467;46495;2783;20;29;6;8800;;;;;;;3;18867;74;1;4115;;1;;;;;;2;620;;;;5;31970;44;1;812;;7;9;2;2;1;4;;5;;2;;22;3;1;2;;1;17;;1;5558;1893;1368;133;3520;119;172;229;95;0;620;11043498;20;0;0;20;80;;;;;;;;;;;;;;;;;;;;;;;;;;;;;;;;;;;;;;;;;;;;;;;;;;;;;;;;;;;;;;;;;;;;;;;;;;;;;;5;;4;1;
2020;BFC-05;27105;NORD YONNE;277;76;30;383;11580;2870;1926;16376;84004;12860;6465;103329;16;11;0;27;617;2298;0;2915;;;;;;;;;;;;;;;;;;;;;;;;;;;;;;;;;;;;;;;100;931;26954;3235;22;64;40;19489;50;485;8421;369;;;3;20081;270;1;7100;68;;;;;;;2;1528;;;;6;35499;414;;;;2;7;1;1;1;;;1;;;;9;2;;2;2;;12;2;;4261;949;17;187;2197;66;308;;50;;240;2758033;100;0;100;50;100;;;;;;;;;;;;;;;;;;;;;;;;;;;;;;;;;;;;;;;;;;;;;;;;;;;;;;;;;;;;;;;;;;;;;;;;;;;;;;5;;4;;1
2020;BFC-06;27106;NIÈVRE;417;88;41;546;18486;3572;1874;23932;123803;23168;6543;153514;49;20;1;70;849;2787;151;3787;156;;;156;155;;;155;1339;;;1339;80;22;;102;8705;2127;;10832;;;;;;;863;;10;867;5964;1462;221;7397;6959;2583;267;9498;159;1448;40747;2454;27;270;152;83195;;;;;;;3;22355;175;2;4969;;2;4890;;1;3143;;2;554;1;18;;9;51042;536;1;1103;;4;5;1;1;1;1;;2;;;;9;2;4;2;1;1;14;4;4;6242;788;1105;436;2720;141;176;155;137;120;878;11530406;14.3;0;0;28.6;85.7;;;;;;;;;;;;;;;;;;;;;;;;;;;;;;;;;;;;;;;;;;;;;;;;;;;;;;;;;;;;;;;;;;;;;;;;;;;;;;11;;8;2;1
2020;BFC-07;27107;CENTRE FRANCHE-COMTÉ;1004;318;126;1448;48725;14821;7512;71058;277100;71837;27001;375938;121;58;7;186;12332;8809;2452;23593;580;33;;613;509;33;;542;4137;447;0;4584;160;100;;260;17191;6082;0;23273;8;;8;98;0;98;2754;323;0;3038;11326;4951;141;16046;15106;5777;162;20591;397;3119;115669;5019;32;293;159;100845;;;;;;;5;56399;1038;4;15268;214;3;7139;6;2;3172;25;2;930;1;0;0;14;101594;1728;6;1963;0;8;28;5;3;2;6;4;5;1;3;0;45;12;3;7;2;0;68;21;0;29095;3562;3031;1150;10427;290;1277;614;310;261;1418;54718424;25;0;16.7;16.7;91.7;;;;;;;;;;;;;;;;;;;;;;;;;;;;;;;;;;;;;;;;;;;;;;;;;;;;;;;;;;;;;;;;;;;;;;;;;;;;;;17;2;9;2;4
2020;BFC-08;27108;JURA;272;45;25;342;12952;2771;1695;17418;81876;10413;5770;98059;8;18;0;26;442;2129;0;2571;;;;;;;;;;;;;;;;;;;;;;;;;;;;;;;;;;;;;;;298;2362;88076;5246;26;111;57;38190;;;;;;;3;19717;;2;0;0;1;0;0;;;;;;1;;;7;44037;;;;;3;5;1;1;1;0;0;3;1;1;0;10;3;5;2;1;1;8;6;6;4203;744;76;1;2694;71;380;0;305;111;410;7218662;20;0;0;40;60;;;;;;;;;;;;;;;;;;;;;;;;;;;;;;;;;;;;;;;;;;;;;;;;;;;;;;;;;;;;;;;;;;;;;;;;;;;;;;7;;7;;
2020;BFC-09;27109;NORD FRANCHE-COMTÉ;473;100;76;649;23590;6265;4770;34625;172307;37026;18545;227878;24;41;3;68;3262;6389;1919;11570;;;;;;;;;;;;;;;;;;;;;;;;;;;;;;;;;;;;;;;206;1548;64695;1052;15;153;65;52954;;;;;;;3;28187;471;4;7613;22;3;3701;;1;1586;;1;2329;1;73;;7;68916;913;;;;1;15;2;1;1;3;1;4;1;;;23;5;;3;1;;26;11;;13133;2438;1722;475;6703;209;861;;221;153;1090;20950280;50;0;0;50;100;;;;;;;;;;;;;;;;;;;;;;;;;;;;;;;;;;;;;;;;;;;;;;;;;;;;;;;;;;;;;;;;;;;;;;;;;;;;;;4;;3;;1
2020;BFC-11;27211;HAUTE-SAÔNE;363;58;25;446;17376;2698;1864;21938;104750;13802;7002;125554;41;18;0;59;5875;4534;131;10540;;;;;;;;;;;;;;;;;;;;;;;;;;;;;;;;;;;;;;;96;1031;19324;464;6;;;;;;;;;;3;22126;351;3;5429;29;1;;;;;;2;1687;1;;;6;46067;602;;;;1;10;1;1;1;0;0;4;1;0;0;15;3;;1;1;;18;1;;5341;810;143;1;4986;47;427;0;65;;960;21451240;100;0;0;100;100;;;;;;;;;;;;;;;;;;;;;;;;;;;;;;;;;;;;;;;;;;;;;;;;;;;;;;;;;;;;;;;;;;;;;;;;;;;;;;4;;4;;
2020;BFC-12;27112;SUD COTE D'OR;134;30;23;187;6463;2892;1077;10432;38219;7961;3196;49376;8;10;;18;362;500;0;862;;;;;;;;;;;;;;;;;;;;;;;;;;;;;;;;;;;;;;;50;533;15573;0;;60;28;18955;35;346;6516;230;;;1;8802;178;1;3741;27;;;;;;;1;28;;;;3;14261;161;;;;1;6;1;;;;;1;;;;7;1;;1;;;10;;;2913;516;40;4;1456;10;225;;50;60;550;2001235;33.3;0;0;33.3;100;;;;;;;;;;;;;;;;;;;;;;;;;;;;;;;;;;;;;;;;;;;;;;;;;;;;;;;;;;;;;;;;;;;;;;;;;;;;;;4;;4;;
2020;BRE-01;53101;BRETAGNE OCCIDENTALE;1046;351;102;1499;48051;15408;5077;68536;319434;73542;20999;413975;108;56;6;170;11187;8839;1875;21901;461;38;;499;435;22;;457;6046;473;;6519;229;109;;338;21604;8629;;30233;27;;27;795;;795;3859;195;;4040;15112;1641;655;17316;19439;2199;655;22119;409;4328;127361;3726;17;252;147;85634;;;;;;;7;61416;792;5;22453;28;4;9055;;2;11380;61;2;3105;1;274;;19;144560;1703;5;7935;;13;40;6;3;3;9;1;7;0;4;1;63;11;0;9;4;0;62;33;0;28159;3059;2140;1048;11961;364;1479;496;408;252;1524;69269924;63.6;54.5;54.5;72.7;81.8;;;;;;;;;;;;;;;;;;;;;;;;;;;;;;;;;;;;;;;;;;;;;;;;;;;;;;;;;;;;;;;;;;;;;;;;;;;;;;13;5;7;;1
2020;BRE-02;53102;UNION HOSPITALIÈRE DE CORNOUAILLE;479;97;40;616;23900;6354;3758;34012;149480;19691;11852;181023;101;28;0;129;6692;3441;606;10739;218;16;;234;192;16;;208;2321;162;;2483;143;56;;199;11994;5473;;17467;6;7;13;358;379;737;1317;76;;1390;7795;1355;;9077;9569;1561;;11054;43;513;15303;2233;14;180;101;62971;;;;;;;3;23133;433;2;9240;46;;;;;;;2;2267;1;603;;10;51026;694;1;1884;;2;15;1;1;1;1;;2;;1;;20;2;;2;1;;22;18;;12084;2402;1124;96;5764;159;584;273;176;180;777;31626439;66.7;0;33.3;66.7;100;;;;;;;;;;;;;;;;;;;;;;;;;;;;;;;;;;;;;;;;;;;;;;;;;;;;;;;;;;;;;;;;;;;;;;;;;;;;;;8;;3;1;4
2020;BRE-03;53103;GROUPE HOSPITALIER SUD BRETAGNE;567;75;53;695;28733;4383;4079;37195;180025;21206;14826;216057;89;33;4;126;4845;5129;750;10724;268;8;;276;256;8;;264;2480;85;;2565;140;68;;208;8422;5349;;13771;5;;5;136;;136;1657;56;0;1709;7452;1742;638;9748;9553;2019;670;12099;247;2608;84188;906;14;195;82;67555;;;;;;;3;26456;321;2;10493;64;;;;;;;2;2921;;;;7;53496;175;2;2859;;2;9;1;2;1;3;;2;;;;16;2;;2;1;;23;;;11621;2223;1667;129;4599;107;695;266;247;195;862;24952237;50;0;0;50;100;;;;;;;;;;;;;;;;;;;;;;;;;;;;;;;;;;;;;;;;;;;;;;;;;;;;;;;;;;;;;;;;;;;;;;;;;;;;;;11;;8;1;2
2020;BRE-04;53104;BROCÉLIANDE ATLANTIQUE;606;148;54;808;28298;8243;2986;39527;185324;35059;11957;232340;69;26;4;99;5465;6521;441;12427;319;13;;332;309;12;;321;2846;167;;3013;239;84;;323;13126;6166;;19292;14;2;16;3993;15;4008;2144;131;;2256;12082;2299;;14354;15059;2744;;17793;271;2597;83846;8218;28;223;96;77589;40;501;10091;412;;;4;75456;1053;3;21140;231;;;;;;;3;4279;;;;12;85613;1057;1;284;0;5;14;2;2;2;1;1;3;0;0;0;20;5;5;3;2;1;30;15;12;14173;2202;1640;1059;8378;64;867;331;377;208;1073;22516194;16.7;0;16.7;33.3;83.3;;;;;;;;;;;;;;;;;;;;;;;;;;;;;;;;;;;;;;;;;;;;;;;;;;;;;;;;;;;;;;;;;;;;;;;;;;;;;;8;;5;1;2
2020;BRE-05;53105;HAUTE BRETAGNE;1250;398;141;1789;62161;19034;8612;89807;390064;107577;37701;535342;151;76;18;245;17827;12617;2017;32461;29;;;29;25;;;25;277;;;277;12;;;12;1513;;;1513;;;;;;;222;;;222;1328;;;1328;1745;;;1745;458;4684;141646;8508;33;282;159;89736;;;;;;;8;81723;854;7;32404;127;;;;;;;2;2777;;;;20;180012;1297;3;4607;29;27;48;8;6;4;11;4;11;1;2;0;78;17;0;12;4;0;83;24;0;39903;5347;3098;1974;14754;475;1865;26;486;282;1710;64292898;27.3;18.2;18.2;33.3;83.3;;;;;;;;;;;;;;;;;;;;;;;;;;;;;;;;;;;;;;;;;;;;;;;;;;;;;;;;;;;;;;;;;;;;;;;;;;;;;;15;4;11;;
2020;BRE-06;53106;RANCE EMÉRAUDE;486;56;36;578;26157;3478;2711;32346;153615;16040;8993;178648;33;15;2;50;5476;1256;490;7222;74;7;0;81;64;7;0;71;704;151;;855;20;28;0;48;1874;2226;;4100;0;0;0;0;0;0;479;121;0;598;3835;1646;167;5546;4402;1799;171;6231;120;1243;41594;2285;8;143;115;50175;;;;;;;2;26209;330;3;5631;;;;;;;;;;;;;5;41087;442;1;1693;10;5;8;2;2;2;0;0;1;0;0;0;11;4;;2;2;;15;15;;6049;1465;1345;22;3939;45;635;93;137;143;557;14713608;66.7;0;0;66.7;100;;;;;;;;;;;;;;;;;;;;;;;;;;;;;;;;;;;;;;;;;;;;;;;;;;;;;;;;;;;;;;;;;;;;;;;;;;;;;;4;;3;;1
2020;BRE-07;53107;ARMOR;864;178;61;1103;40399;10999;3923;55321;264699;45789;14511;324999;78;49;6;133;5947;8647;1358;15952;;;;;;;;;;;;;;;;;;;;;;;;;;;;;;;;;;;;;;;384;4298;111182;20664;116;180;158;58112;35;442;12541;320;;;5;41987;516;4;19446;232;2;6899;;1;2648;;4;6240;;;;21;121110;2509;2;3301;0;9;19;13;4;3;2;2;8;1;4;0;37;19;0;6;4;0;39;27;0;18136;2454;1671;607;9821;117;1124;0;399;180;2281;30618088;28.6;0;14.3;42.9;100;;;;;;;;;;;;;;;;;;;;;;;;;;;;;;;;;;;;;;;;;;;;;;;;;;;;;;;;;;;;;;;;;;;;;;;;;;;;;;10;;9;;1
2020;BRE-08;53108;CENTRE BRETAGNE;226;50;15;291;10191;1657;1325;13173;68034;7652;5039;80725;10;9;3;22;1032;1457;529;3018;;;;;;;;;;;;;;;;;;;;;;;;;;;;;;;;;;;;;;;179;1779;49045;1205;6;30;18;9819;;;;;;;1;9808;;1;3043;;;;;;;;1;790;;;;4;25605;;;;;1;5;1;1;1;;;3;1;;;9;3;;1;1;;12;4;;3564;619;20;1;2101;28;326;0;150;30;537;3097000;100;0;0;100;100;;;;;;;;;;;;;;;;;;;;;;;;;;;;;;;;;;;;;;;;;;;;;;;;;;;;;;;;;;;;;;;;;;;;;;;;;;;;;;5;;5;;
2020;COR-01;94101;HAUTE-CORSE G2HC;218;69;22;309;13765;3090;1694;18549;59087;19532;5233;83852;3;6;0;9;292;1046;0;1338;38;0;0;38;38;0;0;38;638;0;0;638;0;25;0;25;0;1538;0;1538;0;0;0;0;0;0;461;0;0;461;1535;958;608;3101;1996;996;608;3590;72;590;16636;4587;27;60;43;18872;20;44;2384;39;;;2;5361;23;1;;;;;;;;;2;1962;;;;4;2976;18;1;;;1;4;1;1;0;1;1;1;0;4;0;11;2;0;1;0;0;7;0;0;5194;888;1382;116;1530;8;305;38;72;60;38;10870830;66.7;0;0;33.3;100;;;;;;;;;;;;;;;;;;;;;;;;;;;;;;;;;;;;;;;;;;;;;;;;;;;;;;;;;;;;;;;;;;;;;;;;;;;;;;4;;3;;1
2020;COR-02;94102;CORSE DU SUD;171;63;29;263;7825;2858;1996;12679;50121;14042;5979;70142;2;11;0;13;141;1778;0;1919;;;;;;;;;;;;;;;;;;;;;;;;;;;;;;;;;;;;;;;58;529;18519;0;;130;58;43087;25;126;3232;69;;;1;17581;192;2;8075;36;;;;;;;;;1;68;0;4;19134;289;2;1963;13;1;6;1;0;0;1;0;1;0;1;0;9;1;0;1;0;0;11;0;0;4273;858;900;223;2233;53;288;0;58;130;171;2513401;0;0;0;33.3;66.7;;;;;;;;;;;;;;;;;;;;;;;;;;;;;;;;;;;;;;;;;;;;;;;;;;;;;;;;;;;;;;;;;;;;;;;;;;;;;;4;;3;;1
2020;CVL-01;24101;CHER;481;69;66;616;21190;4714;3000;28904;145887;27241;11218;184346;25;26;8;59;398;4600;910;5908;459;8;;467;217;8;;225;1314;120;;1434;120;52;;172;6293;1722;;8015;2;0;2;12;;12;843;92;;932;9321;1664;320;11185;11050;1843;320;13090;271;2183;86893;3701;22;277;129;93326;30;517;9025;220;;;4;33610;484;2;9083;45;;;;;;;1;0;;;;7;50345;558;2;1103;1;12;10;2;2;2;4;0;6;0;0;0;22;4;1;2;2;0;16;6;0;8947;1393;1636;115;4215;63;702;467;331;277;1066;12957977;40;0;20;40;100;;;;;;;;;;;;;;;;;;;;;;;;;;;;;;;;;;;;;;;;;;;;;;;;;;;;;;;;;;;;;;;;;;;;;;;;;;;;;;9;;7;1;1
2020;CVL-02;24102;INDRE;373;117;40;530;14491;4681;2345;21517;108258;24329;7947;140534;31;21;1;53;970;2965;38;3973;165;8;;173;150;4;;154;1116;2;;1118;12;33;;45;1126;1331;;2457;9;;9;36;;36;727;;;727;3677;1194;778;5649;4443;1194;778;6415;376;2753;107559;5164;14;170;119;51814;35;329;9317;237;;;4;32739;305;2;815;;;;;;;;2;2104;;;;17;62284;628;;;;4;8;3;2;2;1;;4;1;2;;17;6;;2;1;;14;6;;5630;1051;281;386;4096;7;619;237;425;202;1494;11593827;10;0;0;20;90;;;;;;;;;;;;;;;;;;;;;;;;;;;;;;;;;;;;;;;;;;;;;;;;;;;;;;;;;;;;;;;;;;;;;;;;;;;;;;11;;9;;2
2020;CVL-03;24103;TOURAINE VAL DE LOIRE;956;358;96;1410;51873;18153;6548;76574;274929;89962;26059;390950;86;49;21;156;11234;12332;1529;25095;315;24;;339;312;24;;336;2941;577;;3518;182;75;;257;21675;11198;;32873;2;1;3;180;38;218;1742;120;;1862;6769;4383;;11155;9019;4708;;13981;482;3764;130075;1838;16;124;51;44008;;;;;;;9;53941;1354;6;20047;385;3;7469;0;2;10455;70;4;7895;;;;24;121390;1190;3;4644;71;10;49;10;7;1;14;2;5;0;2;0;77;13;4;8;4;1;71;16;6;36683;4492;3980;1558;10788;170;1427;279;482;124;1461;57479461;55.6;33.3;33.3;55.6;100;;;;;;;;;;;;;;;;;;;;;;;;;;;;;;;;;;;;;;;;;;;;;;;;;;;;;;;;;;;;;;;;;;;;;;;;;;;;;;13;5;8;;
2020;CVL-04;24104;LOIR-ET-CHER;468;117;40;625;18155;4973;2815;25943;139374;22295;9140;170809;29;25;1;55;1050;4813;59;5922;180;5;;185;164;4;;168;1279;195;0;1474;85;31;;116;5830;2002;0;7832;5;0;5;0;0;0;870;133;0;1003;3926;1407;302;5331;5082;1681;302;6725;307;2522;97041;340;4;160;86;55432;;;;;;;4;42400;1397;3;15915;3;;;;;;;1;1620;;;;9;52133;818;;;;4;11;2;2;1;0;0;1;0;0;0;14;3;0;2;1;0;22;2;0;9040;1414;255;16;4180;59;626;168;307;160;1935;13586539;40;0;0;60;80;;;;;;;;;;;;;;;;;;;;;;;;;;;;;;;;;;;;;;;;;;;;;;;;;;;;;;;;;;;;;;;;;;;;;;;;;;;;;;8;;8;;
2020;CVL-05;24105;LOIRET;1024;266;165;1455;43038;10821;11359;65218;291285;53561;39707;384553;131;75;1;207;5013;10173;1298;16484;256;10;40;306;222;6;40;268;2589;129;302;3020;105;51;18;174;10304;3106;3743;17153;;;;;;;1760;87;206;2030;13070;3019;1003;16903;15354;3267;1232;19474;273;2306;79683;494;6;290;129;99117;;;;;;;5;48826;643;4;12129;12;3;8264;0;3;5128;0;3;3799;;;;15;108328;1375;4;43;0;4;24;3;5;3;1;0;5;0;1;0;36;6;0;6;1;0;53;2;0;19778;5080;1718;337;13419;314;1695;273;263;290;1431;49945718;30;0;10;30;100;;;;;;;;;;;;;;;;;;;;;;;;;;;;;;;;;;;;;;;;;;;;;;;;;;;;;;;;;;;;;;;;;;;;;;;;;;;;;;13;2;8;1;2
2020;CVL-06;24106;EURE-ET-LOIRE;799;107;71;977;39737;6369;4908;51014;235991;29106;18358;283455;74;47;7;128;2130;7799;713;10642;234;16;0;250;218;6;0;224;1975;125;0;2100;89;95;0;184;10810;10508;0;21318;8;0;8;226;0;226;1633;52;0;1655;5327;2839;0;8710;7722;3551;568;11808;287;2305;84083;2961;11;218;92;73392;;;;;;;6;52203;1235;4;11585;21;;;;1;;;4;1734;;;;16;87992;1224;1;5003;21;7;16;2;4;2;1;1;3;0;1;0;25;5;6;4;;1;34;;5;12146;2986;1842;535;9040;24;984;234;287;222;1247;19954841;50;0;0;66.7;100;;;;;;;;;;;;;;;;;;;;;;;;;;;;;;;;;;;;;;;;;;;;;;;;;;;;;;;;;;;;;;;;;;;;;;;;;;;;;;8;;7;1;
2020;GE-01;44101;BASSE-ALSACE SUD-MOSELLE;1590;744;242;2576;82185;31682;15823;129690;496889;137445;46808;681142;252;114;33;399;20761;13589;3278;37628;605;29;;634;601;29;;630;6484;239;;6723;339;178;12;529;27907;15819;1954;45680;9;;9;28;0;28;4364;168;0;4512;20236;7670;1215;28732;26113;8959;1301;35912;492;4785;134510;6590;52;502;262;170248;92;908;19457;716;;;13;124259;2040;11;46871;308;5;21318;101;1;112;;3;5677;1;2;0;31;206106;1938;8;8420;35;13;71;12;7;6;15;3;13;2;2;0;108;23;4;14;4;0;148;23;0;53154;7066;4880;2178;21312;463;2433;634;492;461;1651;75892145;36.4;0;10;45.5;100;;;;;;;;;;;;;;;;;;;;;;;;;;;;;;;;;;;;;;;;;;;;;;;;;;;;;;;;;;;;;;;;;;;;;;;;;;;;;;18;4;11;2;1
2020;GE-02;44102;CENTRE ALSACE;666;216;79;961;28957;12593;5562;47112;204124;56890;14870;275884;54;41;1;96;8012;11622;28;19662;51;;;51;51;;;51;565;;;565;27;36;;63;1945;5232;;7177;;;;;;;393;;;393;3025;1780;;4787;3160;1786;;4920;302;3035;90426;5797;33;219;217;72703;;;;;;;3;43017;627;3;15635;181;2;6891;0;;;;1;1096;1;133;0;17;104359;970;4;3391;12;4;27;4;2;2;6;0;12;1;1;0;48;7;2;5;2;1;56;18;5;24122;2283;552;541;9495;268;979;54;306;267;2591;29288601;33.3;0;16.7;42.9;100;;;;;;;;;;;;;;;;;;;;;;;;;;;;;;;;;;;;;;;;;;;;;;;;;;;;;;;;;;;;;;;;;;;;;;;;;;;;;;11;;11;;
2020;GE-03;44103;HAUTE ALSACE;619;196;70;885;24253;6311;5118;35682;193602;35375;19802;248779;81;59;15;155;8863;6729;2247;17839;356;16;;372;345;16;;361;3586;122;;3708;160;82;;242;12460;5043;;17503;;;;;;;2730;101;23;2813;15290;3296;1431;18436;18731;3628;2262;22190;313;2673;91089;7505;77;193;152;62682;;;;;;;3;39627;640;3;12968;81;1;2403;14;1;;;1;827;1;139;;12;65924;748;2;4930;40;4;19;2;1;1;3;;1;;0;;24;3;0;4;;;27;;;14784;2812;1809;443;7096;143;885;374;266;193;834;33019925;33.3;0;16.7;33.3;83.3;;;;;;;;;;;;;;;;;;;;;;;;;;;;;;;;;;;;;;;;;;;;;;;;;;;;;;;;;;;;;;;;;;;;;;;;;;;;;;10;;9;1;
2020;GE-04;44104;NORD ARDENNES;457;79;56;592;18748;3646;3003;25397;111366;19085;10481;140932;30;23;4;57;3077;2176;934;6187;208;8;;216;186;8;;194;2066;73;;2139;65;45;;110;9010;4370;;13380;6;;6;0;0;0;1262;58;;1377;3970;794;;4722;5769;1282;;7051;83;705;22440;0;;108;57;32196;;;;;;;4;21385;132;2;7590;;2;3776;;;;;2;1479;1;36;;12;60821;184;1;700;;4;9;2;3;;1;;4;;;;17;2;4;3;;1;28;;11;6943;1533;64;130;4675;78;593;210;83;108;705;11271860;50;0;0;100;100;;;;;;;;;;;;;;;;;;;;;;;;;;;;;;;;;;;;;;;;;;;;;;;;;;;;;;;;;;;;;;;;;;;;;;;;;;;;;;6;;4;1;1
2020;GE-05;44105;CHAMPAGNE;979;359;93;1431;44835;16370;5846;67051;291933;80554;20640;393127;106;52;5;163;12758;9870;1273;23901;356;27;;383;321;12;;333;2024;148;;2172;61;48;9;118;6900;2736;2105;11741;1;;1;0;;0;2101;71;;2172;11394;4785;892;16908;13930;4954;913;19631;405;3353;117281;9943;73;258;143;80552;30;308;6432;185;;;6;58247;887;5;19970;119;;;;;;;2;1126;1;33;0;24;127672;1257;2;2480;24;12;33;26;3;3;8;2;9;2;1;0;54;33;3;7;3;;57;21;;29181;2900;2015;1301;14013;256;1472;382;443;260;1910;47392466;37.5;12.5;0;50;100;;;;;;;;;;;;;;;;;;;;;;;;;;;;;;;;;;;;;;;;;;;;;;;;;;;;;;;;;;;;;;;;;;;;;;;;;;;;;;14;4;7;2;1
2020;GE-06;44106;AUBE ET  SÉZANNAIS;452;57;63;572;20742;3377;3565;27684;141522;18705;13148;173375;49;15;2;66;4070;2184;919;7173;174;6;;180;145;6;;151;1215;122;;1337;86;36;;122;10231;3258;;13489;;;;;;;875;70;;934;2833;1557;480;4299;5896;2471;480;8268;115;1585;48939;0;;170;108;51215;40;296;7633;244;;;3;33301;621;3;7295;5;2;1159;4;1;828;3;2;2928;;;;7;56593;519;1;1407;;1;5;1;1;1;;;;;0;;6;2;0;1;1;;10;6;;4958;2327;1125;334;3061;68;619;189;188;170;981;26538984;20;0;0;40;100;;;;;;;;;;;;;;;;;;;;;;;;;;;;;;;;;;;;;;;;;;;;;;;;;;;;;;;;;;;;;;;;;;;;;;;;;;;;;;10;;9;1;
2020;GE-07;44107;MOSELLE EST;420;81;41;542;16875;4205;2865;23945;110145;17321;8368;135834;33;37;1;71;1827;4903;201;6931;432;6;;438;418;;;418;1828;;;1828;34;25;;59;7703;1479;;9182;3;;3;90;;90;1304;;;1304;4280;1867;237;6286;5841;1984;237;7963;89;914;24769;2853;15;60;65;19166;35;214;9392;150;;;4;34386;385;3;12692;29;2;3717;;1;37;0;;;;;;7;38406;602;;;;2;9;1;2;2;;;2;;;;13;3;1;2;1;0;21;9;0;7871;1284;90;36;6076;95;580;418;89;60;159;11565363;25;0;25;50;100;;;;;;;;;;;;;;;;;;;;;;;;;;;;;;;;;;;;;;;;;;;;;;;;;;;;;;;;;;;;;;;;;;;;;;;;;;;;;;5;;4;1;
2020;GE-08;44108;LORRAINE NORD;942;206;140;1288;45087;10150;9270;64507;281719;47572;34012;363303;68;64;9;141;6611;9759;2022;18392;423;10;;433;380;10;;390;3505;57;;3562;96;89;24;209;9517;4888;3350;17755;6;;6;0;;0;2968;61;;3021;15958;6439;957;23131;19571;6717;1050;27106;286;1989;59629;9596;35;120;63;37893;32;429;9475;321;;;5;57957;1235;6;20341;29;6;8431;0;1;4852;12;3;2105;2;244;2;16;103229;1689;3;7861;160;14;28;1;5;3;5;;12;;12;7;62;11;;5;;;57;;;24239;5154;3761;561;15230;199;1310;410;286;120;858;40117575;28.6;14.3;14.3;42.9;100;;;;;;;;;;;;;;;;;;;;;;;;;;;;;;;;;;;;;;;;;;;;;;;;;;;;;;;;;;;;;;;;;;;;;;;;;;;;;;12;6;4;2;
2020;GE-09;44109;CŒUR GRAND EST;476;96;59;631;20923;7650;3935;32508;137152;27057;12818;177027;37;33;8;78;3914;2169;502;6585;341;23;;364;312;13;;325;2457;82;;2539;167;129;;296;10943;7287;;18230;12;;12;370;;370;1503;62;;1563;8294;2409;319;10753;10142;2651;843;12893;335;2923;90782;6718;46;143;46;41735;140;1176;38043;798;;;4;32217;200;5;20361;42;;;;;;;2;1503;1;4;;11;59041;532;;;;3;18;2;2;2;0;0;4;0;0;0;24;4;;3;0;;28;0;;7424;1357;148;57;5883;137;666;378;318;143;1060;14170626;30;0;0;30;90;;;;;;;;;;;;;;;;;;;;;;;;;;;;;;;;;;;;;;;;;;;;;;;;;;;;;;;;;;;;;;;;;;;;;;;;;;;;;;13;;10;2;1
2020;GE-10;44110;SUD LORRAINE;1105;450;95;1650;54851;21640;6834;83325;336796;105956;23571;466323;156;60;9;225;20873;19842;2421;43136;530;45;40;615;439;35;40;514;3959;588;248;4795;124;130;0;254;8113;5537;0;13650;11;2;13;52;0;52;2751;323;201;3186;23062;10117;2639;35401;27045;10882;3037;40401;280;2884;81119;4672;10;265;158;83581;42;317;13113;223;;;9;112670;919;9;30168;95;6;13070;29;2;9880;15;3;2266;;;;29;187489;1734;7;10374;31;7;46;3;4;1;6;0;7;1;2;0;65;5;0;10;2;0;107;17;0;48246;3411;3522;1348;14975;266;1649;602;249;265;1474;63866575;20;10;10;30;100;;;;;;;;;;;;;;;;;;;;;;;;;;;;;;;;;;;;;;;;;;;;;;;;;;;;;;;;;;;;;;;;;;;;;;;;;;;;;;20;6;8;2;4
2020;GE-11;44111;VOSGES;662;147;59;868;29835;6658;3731;40224;184161;28398;10831;223390;71;42;0;113;6007;7106;225;13338;;;;;;;;;;;;;;;;;;;;;;;;;;;;;;;;;;;;;;;575;5423;151363;10157;42;168;135;51138;18;282;10790;218;;;5;41078;494;4;17852;80;;;;;;;6;5494;;;;18;85852;781;;;;7;18;1;4;1;;;6;1;1;;29;3;0;5;0;;44;;;12633;1680;194;7;8235;63;948;0;513;169;1020;14814102;36.4;0;0;36.4;81.8;;;;;;;;;;;;;;;;;;;;;;;;;;;;;;;;;;;;;;;;;;;;;;;;;;;;;;;;;;;;;;;;;;;;;;;;;;;;;;18;;16;;2
2020;GUA-01;01101;ILE DU NORD;47;17;17;81;3388;804;864;5056;12255;3331;2657;18243;5;5;2;12;1266;0;84;1350;12;0;;12;12;0;;12;274;0;;274;0;0;;0;0;0;;0;0;0;0;0;0;0;177;;;131;;;;;1174;;;1174;7;13;214;0;;;;;;;;;;;;;;;;;;;;;;;;;;;;2;5111;220;;;;1;3;0;0;0;0;0;0;0;0;0;3;0;;1;0;0;6;0;0;2456;381;2;31;468;3;86;12;6;0;0;995011;0;0;0;50;50;;;;;;;;;;;;;;;;;;;;;;;;;;;;;;;;;;;;;;;;;;;;;;;;;;;;;;;;;;;;;;;;;;;;;;;;;;;;;;2;;2;;
2020;GUA-02;01102;GHT DE LA GUADELOUPE;470;121;84;675;16851;6243;4586;27680;124037;32359;16386;172782;96;26;8;130;5125;4000;1794;10919;;;;;;;;;;;;;;;;;;;;;;;;;;;;;;;;;;;;;;;242;1828;65107;4684;44;165;29;48400;105;307;30999;256;;;4;31033;559;2;5412;18;2;6004;;1;2101;;2;90;;;;7;40026;433;1;1199;4;3;11;3;2;1;2;;1;;1;;17;4;1;4;1;1;17;5;1;12347;2150;672;49;3612;109;716;241;182;177;349;15431250;33.3;16.7;50;42.9;100;;;;;;;;;;;;;;;;;;;;;;;;;;;;;;;;;;;;;;;;;;;;;;;;;;;;;;;;;;;;;;;;;;;;;;;;;;;;;;8;2;6;;
2020;GUY-01;03101;GHT DE LA GUYANE;391;105;178;674;14963;3983;11620;30566;111548;27099;57611;196258;36;23;4;63;4814;900;330;6044;94;20;;114;93;10;;103;850;57;;907;20;22;;42;1096;884;;1980;;;;;;;;;;;;;;;1382;449;1500;3314;26;177;8654;0;0;30;7;9751;;;;;;;3;27478;522;3;8606;26;;;;;;;3;550;;;;8;42960;643;1;421;0;3;9;3;4;3;1;;1;;;;15;6;4;3;0;2;26;;9;7027;3745;77;46;3211;12;673;99;26;30;64;11175295;100;33.3;33.3;100;100;;;;;;;;;;;;;;;;;;;;;;;;;;;;;;;;;;;;;;;;;;;;;;;;;;;;;;;;;;;;;;;;;;;;;;;;;;;;;;3;;3;;
2020;HF-01;32101;AISNE NORD;773;140;79;992;36755;6984;4468;48207;218541;28461;14670;261672;55;61;1;117;6034;8066;968;15068;98;0;;98;88;0;;88;1080;0;;1080;37;15;;52;8443;1165;;9608;8;0;8;36;;36;611;;;611;4048;1008;;5053;4756;1011;;5763;524;4182;128105;6180;32;235;138;69731;56;634;22320;479;;;6;89874;943;1;12165;31;;;;;;;2;1937;1;134;2;18;86163;878;2;2981;4;5;21;4;4;3;2;0;6;0;0;0;33;7;0;4;2;1;44;35;0;15886;2210;1473;601;11270;46;1092;90;511;204;996;26145625;22.2;0;0;44.4;100;;;;;;;;;;;;;;;;;;;;;;;;;;;;;;;;;;;;;;;;;;;;;;;;;;;;;;;;;;;;;;;;;;;;;;;;;;;;;;16;;15;;1
2020;HF-02;32102;AISNE SUD- SAPHIR;350;60;40;450;18824;1785;2780;23389;98805;8784;9367;116956;4;25;;29;96;6224;250;6570;;;;;;;;;;;;;;;;;;;;;;;;;;;;;;;;;;;;;;;60;692;16427;0;;50;30;15403;;;;;;;3;18335;172;4;7864;3;;;;;;;1;902;;;;5;40450;476;;;;3;9;1;2;1;1;1;2;;;;14;3;;2;;;14;;;7659;1223;667;86;4706;54;462;;60;50;575;7387114;50;0;0;100;100;;;;;;;;;;;;;;;;;;;;;;;;;;;;;;;;;;;;;;;;;;;;;;;;;;;;;;;;;;;;;;;;;;;;;;;;;;;;;;3;;2;;1
2020;HF-03;32103;ARTOIS;611;116;68;795;38063;5667;4455;48185;184331;26344;15539;226214;65;34;8;107;11152;4865;1312;17329;187;;;187;175;;;175;1740;;;1740;70;31;;101;7765;1524;;9289;8;;8;31;;31;1245;;;1355;5716;2983;118;8739;6961;3099;118;10094;172;1245;51534;4070;30;120;93;38627;;;;;;;4;32206;297;5;16480;68;2;4880;1;1;4522;3;1;759;;;;11;58865;1275;;;;7;10;1;3;2;4;;2;;1;;20;3;;4;;;14;;;13153;2707;2158;751;7386;86;893;177;172;120;120;21531167;50;25;50;50;100;;;;;;;;;;;;;;;;;;;;;;;;;;;;;;;;;;;;;;;;;;;;;;;;;;;;;;;;;;;;;;;;;;;;;;;;;;;;;;5;;5;;
2020;HF-04;32104;ARTOIS-TERNOIS;308;35;44;387;15190;2094;2904;20188;91199;9436;12030;112665;40;8;2;50;3314;2755;395;6464;130;12;;142;110;6;;116;1080;387;0;1467;36;10;;46;4234;937;0;5171;8;;8;0;0;0;906;79;0;985;3906;1301;274;5432;4896;1416;288;6535;111;1275;28445;1000;6;140;133;48036;;;;;;;2;7757;72;2;8789;517;;;;;;;1;2101;;;;6;45530;;1;900;1;2;7;2;1;1;1;1;7;;;;16;4;;1;1;;15;15;;4619;1856;388;454;4130;24;368;133;106;140;585;14356286;33.3;0;0;33.3;100;;;;;;;;;;;;;;;;;;;;;;;;;;;;;;;;;;;;;;;;;;;;;;;;;;;;;;;;;;;;;;;;;;;;;;;;;;;;;;5;;3;;2
2020;HF-05;32105;DOUAISIS;354;83;28;465;17189;3639;1945;22773;91423;18960;7643;118026;33;21;2;56;4642;3059;695;8396;130;;;130;90;;;90;1096;;;1096;40;15;;55;3941;815;;4756;;;;0;;0;656;;;656;5597;1712;791;8031;6560;1929;801;9200;70;681;18994;342;5;90;44;28305;;;;;;;2;16678;427;1;8622;112;;;;;;;;;;;;6;54475;913;;;;2;10;1;2;1;0;0;3;0;0;0;15;2;0;1;0;0;12;0;0;5073;1131;272;623;3916;21;564;165;70;90;276;188941;50;0;50;50;100;;;;;;;;;;;;;;;;;;;;;;;;;;;;;;;;;;;;;;;;;;;;;;;;;;;;;;;;;;;;;;;;;;;;;;;;;;;;;;3;;3;;
2020;HF-06;32106;HAINAUT-CAMBRÉSIS;1399;350;168;1917;70205;17027;11441;98673;402545;79118;38930;520593;113;71;13;197;11409;13912;2164;27485;470;22;;492;404;8;;412;3864;358;;4222;153;76;;229;14562;8873;;23435;3;1;4;230;4;234;2112;10;;2122;14894;5840;842;21594;19733;5878;862;26471;708;5822;173726;14148;120;348;183;112255;;;;;;;9;86630;1773;8;28311;343;2;6403;;2;6522;;3;11636;1;0;;20;215388;5723;5;5722;15;10;32;5;7;6;5;4;3;1;1;0;48;16;5;7;4;2;77;13;13;37374;5069;1872;905;16348;315;2207;481;698;348;2352;31432836;16.7;8.3;8.3;41.7;100;;;;;;;;;;;;;;;;;;;;;;;;;;;;;;;;;;;;;;;;;;;;;;;;;;;;;;;;;;;;;;;;;;;;;;;;;;;;;;13;;12;;1
2020;HF-07;32107;LILLE MÉTROPOLE FLANDRE INTÉRIEURE;2356;823;315;3494;121309;34555;20746;176610;637851;160334;76455;874640;347;210;56;613;39172;36217;6214;81603;58;19;60;137;46;19;60;125;943;146;530;1619;23;28;20;71;1545;1146;2025;4716;0;0;0;0;0;0;525;94;360;972;3467;1564;2475;7472;4519;1748;2896;9067;795;7284;225005;9266;75;480;220;143476;95;3403;37101;1505;;;16;171821;2466;15;82884;835;6;9010;0;2;8057;0;5;4716;1;90;;41;252865;10236;6;6559;39;26;113;8;10;4;10;;7;0;0;;140;12;2;23;;;180;;;80035;10522;4242;3240;28875;989;2876;137;613;278;1668;150873415;44.4;0;0;60;90;;;;;;;;;;;;;;;;;;;;;;;;;;;;;;;;;;;;;;;;;;;;;;;;;;;;;;;;;;;;;;;;;;;;;;;;;;;;;;24;8;15;;1
2020;HF-08;32108;DUNKERQUOIS ET AUDOMAROIS;495;144;61;700;31699;7882;3946;43527;144824;34340;12978;192142;39;34;2;75;4917;5585;255;10757;;;;;;;;;;;;;;;;;;;;;;;;;;;;;;;;;;;;;;;297;2903;76695;14751;83;80;40;27923;;;;;;;3;33878;228;4;15703;7;1;9;;1;194;;;;1;168;;7;80270;411;1;1311;9;2;15;2;2;2;1;0;1;0;0;0;19;4;;3;3;;27;1;;14407;1964;719;579;6802;274;700;0;345;80;543;18661599;50;0;25;50;100;;;;;;;;;;;;;;;;;;;;;;;;;;;;;;;;;;;;;;;;;;;;;;;;;;;;;;;;;;;;;;;;;;;;;;;;;;;;;;4;;4;;
2020;HF-09;32109;LITTORAL SUD;539;138;70;747;28067;7149;4407;39623;153027;30551;18242;201820;77;53;9;139;4878;6440;1171;12489;212;10;;222;176;5;;181;1622;997;;2619;50;50;;100;4841;5356;;10197;;2;2;;39;39;1177;47;;1224;5171;4291;;9462;6776;4338;;11114;178;1712;53933;3642;20;90;48;31314;;;;;;;5;40412;412;5;24485;169;2;6054;0;2;5692;0;2;4691;;;;9;74030;1421;2;795;7;4;16;1;2;2;2;1;3;0;;;23;4;;3;1;;26;2;;13863;2417;839;344;6177;132;876;206;184;90;776;23664201;66.7;33.3;66.7;66.7;66.7;;;;;;;;;;;;;;;;;;;;;;;;;;;;;;;;;;;;;;;;;;;;;;;;;;;;;;;;;;;;;;;;;;;;;;;;;;;;;;3;;2;1;
2020;HF-10;32110;OISE OUEST ET VEXIN;328;71;43;442;15669;3457;2942;22068;104383;16910;11502;132795;40;21;3;64;2103;3223;789;6115;;;;;;;;;;;;;;;;;;;;;;;;;;;;;;;;;;;;;;;92;962;27464;3;0;305;150;105542;35;424;10440;288;;;3;37260;603;2;10310;10;1;6586;0;;531;0;2;2612;;;;9;68920;851;1;1267;6;2;10;1;1;1;0;0;3;1;0;0;14;3;;2;1;;18;14;;6969;1574;755;39;3896;26;466;0;92;305;914;11332112;25;0;0;40;80;;;;;;;;;;;;;;;;;;;;;;;;;;;;;;;;;;;;;;;;;;;;;;;;;;;;;;;;;;;;;;;;;;;;;;;;;;;;;;6;;4;;2
2020;HF-11;32111;OISE SUD;308;46;50;404;14425;2735;4165;21325;99788;12347;14185;126320;17;23;1;41;1687;3233;761;5681;;;;;;;;;;;;;;;;;;;;;;;;;;;;;;;;;;;;;;;71;571;19801;119;7;103;57;36121;;;;;;;3;13831;258;4;5120;;;;;;;;1;222;1;312;;6;33738;672;1;1466;9;2;5;2;1;;1;;1;;;;8;2;;2;;;20;;;6105;2057;1042;99;4007;68;404;;35;73;90;9644525;33.3;0;0;66.7;100;;;;;;;;;;;;;;;;;;;;;;;;;;;;;;;;;;;;;;;;;;;;;;;;;;;;;;;;;;;;;;;;;;;;;;;;;;;;;;3;;3;;
2020;HF-12;32112;OISE NORD EST (ONE);345;75;24;444;13839;3263;2067;19169;93445;12925;7503;113873;32;28;1;61;1918;3104;371;5393;;;;;;;;;;;;;;;;;;;;;;;;;;;;;;;;;;;;;;;132;1206;35309;1385;3;150;78;50542;33;298;11035;230;;;3;17428;;1;5250;;;;;;;;1;938;;;;5;35948;;1;837;;2;5;5;1;1;2;2;1;1;0;0;9;9;3;1;0;1;12;0;5;6248;1147;645;77;3657;17;495;;105;120;389;16126031;50;0;0;50;50;;;;;;;;;;;;;;;;;;;;;;;;;;;;;;;;;;;;;;;;;;;;;;;;;;;;;;;;;;;;;;;;;;;;;;;;;;;;;;4;;3;;1
2020;HF-13;32113;PSY NORD PAS DE CALAIS;;;;;;;;;;;;;;;;;;;;;1061;34;0;1095;874;26;0;900;11891;458;3;12352;334;175;0;509;29792;14782;0;44574;21;2;23;2321;70;2391;7077;277;3;7345;50953;18273;373;68972;60065;18925;386;78861;15;101;3480;0;;;;;;;;;;;;;;;;;;;;;;;;;;;;2;474;0;;;;;;;;;;;;;;;;;;;;;;;;;;;;;;0;1150;15;0;110;1676023;0;0;0;0;100;;;;;;;;;;;;;;;;;;;;;;;;;;;;;;;;;;;;;;;;;;;;;;;;;;;;;;;;;;;;;;;;;;;;;;;;;;;;;;5;;;5;
2020;HF-14;32114;SOMME LITTORAL SUD;1195;409;114;1718;57584;21074;7469;86127;355892;94535;27151;477578;90;57;7;154;13243;10327;2851;26421;321;34;0;355;301;12;0;313;3355;110;;3465;123;55;7;185;13032;3123;1518;17673;0;0;0;;;;2206;74;;2276;5973;1625;764;8232;10840;2809;804;14248;497;4293;127583;5453;64;463;254;131954;85;926;36055;676;;;9;85643;998;5;22316;79;3;4195;0;1;3698;0;4;4260;2;384;;33;165953;1714;5;6161;24;8;38;10;3;1;5;1;12;1;0;;58;13;6;6;2;3;73;18;11;44416;3540;2347;1916;20120;258;1963;333;562;448;2750;87779436;23.1;7.7;7.7;23.1;100;;;;;;;;;;;;;;;;;;;;;;;;;;;;;;;;;;;;;;;;;;;;;;;;;;;;;;;;;;;;;;;;;;;;;;;;;;;;;;18;5;10;1;2
2020;IDF-01;11101;77 NORD;715;154;110;979;31504;6473;9314;47291;213115;34486;34085;281686;69;38;3;110;5775;4794;2505;13074;274;;;274;241;;;241;4182;;;4182;103;68;;171;15051;6555;;21606;10;;10;;;;2244;;;2244;9307;5026;;14333;11811;5119;;16930;67;508;23495;0;;114;30;29568;;;;;;;5;49227;1098;4;16592;21;;;;;;;2;1063;;;;14;94024;1293;;;;3;16;2;4;3;4;1;7;2;0;0;31;8;0;4;3;0;41;35;0;13443;5506;2878;487;8349;217;997;279;67;114;46;22194807;75;50;0;75;100;;;;;;;;;;;;;;;;;;;;;;;;;;;;;;;;;;;;;;;;;;;;;;;;;;;;;;;;;;;;;;;;;;;;;;;;;;;;;;4;;3;;1
2020;IDF-02;11102;77 SUD;654;72;118;844;25727;4818;8283;38828;177281;20332;28298;225911;45;31;7;83;2204;4474;663;7341;180;;;180;139;;;139;1823;0;;1823;45;44;;89;2519;3029;;5548;;;;;;;1050;0;;1050;2491;1292;;3770;3583;1400;;4948;210;1734;58306;0;2;92;85;30330;50;420;21672;288;;;3;15690;80;2;3901;;;;;;;;3;3264;;;;10;49071;400;;;;5;10;1;4;4;5;;5;;;;24;5;;3;;;21;;;9312;3996;31;107;6378;14;886;161;158;92;619;15634604;100;0;0;100;100;;;;;;;;;;;;;;;;;;;;;;;;;;;;;;;;;;;;;;;;;;;;;;;;;;;;;;;;;;;;;;;;;;;;;;;;;;;;;;5;;5;;
2020;IDF-03;11103;YVELINES NORD;629;169;136;934;30730;8170;11408;50308;165991;25747;38955;230693;74;22;6;102;4317;4557;58;8932;286;43;;329;260;43;;303;3354;489;;3843;138;168;;306;21158;11965;;33123;1;2;3;16;18;34;1807;454;;2261;7542;5891;;13395;11606;6531;;18099;216;1426;55843;3995;25;192;51;60287;;;;;;;6;45546;536;3;15516;4;;;;;;;3;1468;;;;14;46741;666;2;1635;;9;21;2;4;3;2;0;6;0;;;33;5;0;5;3;0;46;13;0;15582;6160;950;137;5232;62;845;341;224;192;237;26946034;33.3;16.7;16.7;66.7;100;;;;;;;;;;;;;;;;;;;;;;;;;;;;;;;;;;;;;;;;;;;;;;;;;;;;;;;;;;;;;;;;;;;;;;;;;;;;;;8;;5;2;1
2020;IDF-04;11104;YVELINES SUD;595;103;74;772;31363;4868;6038;42269;178168;24167;22048;224383;43;23;6;72;7172;3807;1327;12306;184;;;184;178;;;178;1676;;;1676;89;87;;176;11156;7909;;19065;5;;5;0;;0;950;0;0;950;10332;3484;1654;15297;11442;3530;1654;17471;457;2904;114920;10946;81;176;92;52208;;;;;;;5;41985;1186;4;12609;32;2;4292;0;1;2876;0;2;443;;;;18;95890;1685;2;2621;12;3;9;2;2;2;1;0;4;0;0;0;16;4;0;3;1;0;28;;;10434;4063;1123;206;6115;47;804;178;453;158;925;23663748;25;0;12.5;25;100;;;;;;;;;;;;;;;;;;;;;;;;;;;;;;;;;;;;;;;;;;;;;;;;;;;;;;;;;;;;;;;;;;;;;;;;;;;;;;10;;9;;1
2020;IDF-05;11105;NORD ESSONNE;326;61;63;450;16409;2790;4749;23948;98631;13181;17381;129193;18;11;1;30;2294;1748;960;5002;87;8;;95;87;8;;95;691;81;;772;45;25;;70;5440;2789;;8229;;;;;;;503;46;;549;3215;789;;4004;3820;907;;4727;92;764;28563;530;6;;;;;;;;;;3;22278;467;3;3347;23;2;1581;;2;1731;;1;0;;;;7;47563;694;;;;3;9;1;2;2;;;;;;;11;3;;2;1;;19;10;;4434;2589;29;31;2165;12;514;95;94;;0;4964318;100;0;0;100;100;;;;;;;;;;;;;;;;;;;;;;;;;;;;;;;;;;;;;;;;;;;;;;;;;;;;;;;;;;;;;;;;;;;;;;;;;;;;;;5;;5;;
2020;IDF-06;11106;ILE DE FRANCE SUD;751;171;131;1053;33337;8712;11427;53476;219869;31882;40331;292082;93;47;0;140;8271;2407;503;11181;197;16;;213;100;;;100;1026;;;1026;39;10;24;73;4069;665;5920;10654;;;;;;;1522;;;924;2423;1437;;726;4188;1437;5052;10677;140;1464;36919;6481;30;73;41;30241;;;;;;;5;42110;761;3;10951;70;2;3710;;1;2804;;3;3641;;;;12;84363;1543;3;3299;4;6;13;3;4;1;3;0;2;;;;22;4;4;4;3;3;33;20;22;11735;6025;1771;704;6449;127;1077;130;128;118;230;23287976;75;0;25;100;100;;;;;;;;;;;;;;;;;;;;;;;;;;;;;;;;;;;;;;;;;;;;;;;;;;;;;;;;;;;;;;;;;;;;;;;;;;;;;;4;;4;;
2020;IDF-07;11107;HAUTS-DE-SEINE;324;29;96;449;13964;1048;7400;22412;87957;4061;26691;118709;23;6;12;41;2145;935;1737;4817;;;;;;;;;;;;;;;;;;;;;;;;;;;;;;;;;;;;;;;339;2983;104337;8338;42;333;171;106079;;;;;;;2;17807;241;2;15552;145;;;;;;;1;829;;;;8;18234;332;;;;3;7;;2;2;;;1;;1;;11;2;;4;1;;21;7;;3042;4389;56;2;1553;9;475;;372;328;504;2426824;0;0;0;33.3;83.3;;;;;;;;;;;;;;;;;;;;;;;;;;;;;;;;;;;;;;;;;;;;;;;;;;;;;;;;;;;;;;;;;;;;;;;;;;;;;;8;;8;;
2020;IDF-08;11108;93/95;624;106;150;880;23881;5562;13808;43251;160521;18384;44189;223094;66;37;16;119;4000;1863;659;6522;114;10;0;124;102;10;0;112;687;23;;710;42;46;0;88;13429;5518;;18947;3;0;3;882;;882;464;19;;483;2878;5713;;8556;3387;5801;;9145;189;1411;65121;6396;35;220;104;71973;20;91;4983;72;;;4;43606;463;3;15740;113;1;;;;;;1;1338;;;;8;71732;837;1;1297;7;3;12;3;3;3;2;2;7;0;1;;25;8;2;2;1;0;39;6;0;8930;5731;652;27;4430;27;912;130;196;220;155;12144449;50;50;0;100;100;;;;;;;;;;;;;;;;;;;;;;;;;;;;;;;;;;;;;;;;;;;;;;;;;;;;;;;;;;;;;;;;;;;;;;;;;;;;;;4;;3;;1
2020;IDF-09;11109;93 EST;770;154;171;1095;31895;7311;13426;52632;222554;31964;51251;305769;52;35;8;95;4933;6831;1178;12942;95;18;;113;74;8;;82;789;54;;843;65;26;;91;6184;3710;;9894;0;0;0;0;0;0;556;35;;591;3175;2729;;5904;3824;2835;;6659;183;1747;45558;4919;33;41;16;14650;20;317;6490;216;;;5;43404;2235;4;10222;430;2;3678;;;;;1;681;;;;12;100032;4173;3;2491;3;7;18;1;4;2;4;0;9;0;0;0;35;3;3;5;3;1;37;22;4;13082;6153;2881;231;7934;114;1107;113;189;41;53;19582864;66.7;33.3;0;100;100;;;;;;;;;;;;;;;;;;;;;;;;;;;;;;;;;;;;;;;;;;;;;;;;;;;;;;;;;;;;;;;;;;;;;;;;;;;;;;4;;4;;
2020;IDF-10;11210;94 NORD;21;;48;69;505;0;4680;5185;6839;0;13755;20594;2;;2;4;112;0;569;681;513;7;;520;374;;;374;4279;0;;4279;224;45;;269;22065;4448;;26513;7;;7;700;0;700;2494;0;;2494;12709;4488;;17174;16021;4666;;20652;271;2061;66299;24240;137;42;6;13804;;;;;;;;;;;;;;;;;;;;;;;;3;6279;0;;;;1;1;;1;1;;;1;;1;;4;1;;1;;;4;;;203;2862;;;204;17;69;487;271;42;;2489182;0;0;0;0;100;;;;;;;;;;;;;;;;;;;;;;;;;;;;;;;;;;;;;;;;;;;;;;;;;;;;;;;;;;;;;;;;;;;;;;;;;;;;;;3;;1;1;1
2020;IDF-11;11111;94 EST;543;127;140;810;22853;7584;10604;41041;147342;30150;43583;221075;79;50;6;135;6733;8371;817;15921;34;;;34;24;;;24;272;;;272;10;43;;53;1772;3728;;5500;0;;0;0;;0;171;;;171;2436;3989;;6425;2633;4097;;6730;72;737;19528;0;0;46;23;15212;;;;;;;4;49956;5939;4;13232;40;;;;;;;1;3544;;;;9;76125;9361;1;337;;5;20;2;3;3;1;0;3;0;0;0;27;5;0;4;2;0;33;12;0;15994;5423;618;41;6618;69;810;32;72;46;46;20469494;50;50;50;100;100;;;;;;;;;;;;;;;;;;;;;;;;;;;;;;;;;;;;;;;;;;;;;;;;;;;;;;;;;;;;;;;;;;;;;;;;;;;;;;3;;2;;1
2020;IDF-12;11212;PSY SUD PARIS;4;0;0;4;584;0;0;584;1125;0;0;1125;;;;;0;0;0;0;711;95;48;854;549;81;48;678;8871;1489;1150;11510;215;81;45;341;28319;7052;10927;46298;19;;19;7856;0;7856;3155;278;230;3654;5007;6490;172;11605;21206;6895;3996;31989;;;;;;;;;;;;;;;;;;;;;;;;;;;;;;;;;;;;;;;;;;;;;;;;;;;;;;;;;;;;;;;;;215;;;;295175;0;0;0;0;100;;;;;;;;;;;;;;;;;;;;;;;;;;;;;;;;;;;;;;;;;;;;;;;;;;;;;;;;;;;;;;;;;;;;;;;;;;;;;;4;;;4;
2020;IDF-13;11113;SUD VAL D'OISE NORD HAUTS-DE-SEINE;697;120;119;936;34540;5489;9790;49819;203009;26316;36139;265464;58;32;5;95;10238;3358;2122;15718;448;17;;465;401;17;;418;3304;376;;3680;214;49;;263;22677;5671;;28348;11;5;16;2232;188;2420;1572;99;;1668;11651;5481;1354;18450;15412;5761;1354;22485;343;3099;94024;5750;32;271;112;79879;40;568;8224;497;;;5;46866;467;5;11639;18;;;;;;;2;6283;;;;14;102107;842;2;3787;12;4;17;3;5;3;4;1;5;1;2;0;33;8;;4;3;;43;15;;11325;5695;1644;365;7825;59;936;410;343;271;813;41794204;16.7;0;0;50;83.3;;;;;;;;;;;;;;;;;;;;;;;;;;;;;;;;;;;;;;;;;;;;;;;;;;;;;;;;;;;;;;;;;;;;;;;;;;;;;;6;;4;2;
2020;IDF-14;11114;NORD OUEST VAL D'OISE;505;90;111;706;21951;5293;7306;34550;140182;22111;30050;192343;27;30;10;67;3674;4237;1858;9769;141;10;;151;110;10;;120;934;77;;1011;89;53;;142;9847;5331;;15178;2;;2;0;;0;640;54;0;683;3774;2096;173;5804;4430;2150;173;6636;307;3078;83930;3653;48;103;41;33409;;;;;;;3;20841;389;2;5285;17;3;2919;9;1;5915;6;1;420;;;;17;64736;1075;1;164;0;3;17;1;3;2;2;0;7;0;0;0;29;3;5;3;2;0;38;7;0;10957;4659;1133;224;5218;47;725;176;302;103;416;20588565;25;0;0;50;75;;;;;;;;;;;;;;;;;;;;;;;;;;;;;;;;;;;;;;;;;;;;;;;;;;;;;;;;;;;;;;;;;;;;;;;;;;;;;;7;;7;;
2020;IDF-15;11115;PARIS PSYCHIATRIE ET NEUROSCIENCES;53;55;0;108;2059;926;0;2985;16721;9642;0;26363;13;0;0;13;6948;0;0;6948;1185;61;0;1246;941;35;0;976;10872;419;0;11291;302;120;0;422;26299;6340;0;32639;18;0;18;652;0;652;6782;149;0;6923;39239;7666;1980;48363;47247;7964;1980;56659;10;70;3528;1547;8;114;9;39665;;;;;;;1;4180;;2;10152;;;;;;;;;;;;;1;1950;;1;840;;1;3;3;;;1;1;;;;;4;4;;2;1;;12;6;;485;0;1;21;104;0;123;758;18;114;146;6058850;100;0;0;0;100;;;;;;;;;;;;;;;;;;;;;;;;;;;;;;;;;;;;;;;;;;;;;;;;;;;;;;;;;;;;;;;;;;;;;;;;;;;;;;2;;1;;1
2020;IDF-16;11116;PROVINS EST SEINE-ET-MARNE;119;36;15;170;5515;1776;993;8284;36138;9151;3415;48704;7;10;3;20;298;3030;126;3454;31;;;31;25;;;25;288;;;288;10;;;10;1309;;;1309;;;;;;;243;;;243;745;;;745;989;;;989;54;529;16539;1276;2;;;;;;;;;;2;16015;1148;2;5491;529;;;;;;;;;;;;2;20336;1616;;;;1;4;;1;1;;;1;;;;6;1;;1;1;;7;7;;4124;387;29;1;3198;80;170;31;54;;150;2367600;100;0;0;100;100;;;;;;;;;;;;;;;;;;;;;;;;;;;;;;;;;;;;;;;;;;;;;;;;;;;;;;;;;;;;;;;;;;;;;;;;;;;;;;1;;1;;
2020;MAR-01;02101;CENTRE SUD;74;;;74;1400;0;0;1400;13897;0;0;13897;;;;;0;0;0;0;;;;;;;;;;;;;;;;;;;;;;;;;;;;;;;;;;;;;;;165;1248;46593;0;0;;;;;;;;;;;;;;;;;;;;;;;;;;;2;3819;;;;;;;;;;;;;;;;;;;;;;;;;;;;;;;34;;144;;89;422313;0;0;0;0;100;;;;;;;;;;;;;;;;;;;;;;;;;;;;;;;;;;;;;;;;;;;;;;;;;;;;;;;;;;;;;;;;;;;;;;;;;;;;;;5;;5;;
2020;NA-01;75101;CHARENTE;511;70;40;621;29608;4318;2757;36683;134881;18146;9795;162822;43;19;0;62;2154;3165;0;5319;244;11;0;255;227;10;0;237;2164;192;0;2356;73;83;0;156;2129;3296;0;5425;0;0;0;0;0;0;1242;121;;1404;10721;1704;469;12216;11603;2086;479;13103;321;2726;84042;4417;29;295;191;99763;;;;;;;6;34615;233;3;9526;23;2;5362;;1;2932;;5;7093;1;26;;14;86832;647;2;4339;;7;8;1;2;2;2;1;5;;1;;18;4;;2;;;15;;;7650;1649;1656;14;3714;27;641;277;321;295;1496;16807093;28.6;0;14.3;28.6;85.7;;;;;;;;;;;;;;;;;;;;;;;;;;;;;;;;;;;;;;;;;;;;;;;;;;;;;;;;;;;;;;;;;;;;;;;;;;;;;;9;;8;1;
2020;NA-02;75102;ATLANTIQUE 17;630;139;60;829;28870;8183;4824;41877;174820;36835;17104;228759;44;42;2;88;5377;9792;723;15892;231;16;;247;214;16;;230;2105;413;;2518;84;67;;151;8514;5841;;14355;;7;7;;118;118;1367;91;;1455;7996;1726;278;9846;9911;2089;282;11986;243;2422;76336;956;6;142;46;48934;90;1285;30465;738;;;5;26115;400;5;11137;17;;;;;;;2;4158;;;;10;79554;921;3;1687;;4;17;3;2;2;5;0;7;1;;;31;6;;3;;;29;;;16905;2193;2181;440;8006;119;920;230;243;142;811;45216537;50;0;0;50;100;;;;;;;;;;;;;;;;;;;;;;;;;;;;;;;;;;;;;;;;;;;;;;;;;;;;;;;;;;;;;;;;;;;;;;;;;;;;;;8;;8;;
2020;NA-03;75103;SAINTONGE;463;73;24;560;21765;5375;1790;28930;146758;21991;6486;175235;24;17;0;41;1011;5998;0;7009;108;9;;117;108;;;108;938;0;0;938;60;49;;109;4052;5879;0;9931;2;;2;2;0;2;682;0;0;682;6155;2571;383;9932;7705;3019;383;10972;269;2571;83421;7743;21;95;46;33239;90;1363;27761;637;;;4;30893;560;2;5549;5;;;;;;;3;1538;;;;14;68056;573;1;945;5;7;13;4;1;1;2;0;4;1;1;0;21;6;1;4;0;0;31;0;0;8886;879;2038;19;7193;65;570;128;270;95;867;16988045;60;0;20;80;100;;;;;;;;;;;;;;;;;;;;;;;;;;;;;;;;;;;;;;;;;;;;;;;;;;;;;;;;;;;;;;;;;;;;;;;;;;;;;;9;;8;;1
2020;NA-04;75104;LIMOUSIN;1533;423;168;2124;67959;18670;9266;95895;430372;89901;33667;553940;169;99;15;283;20098;15888;2639;38625;483;43;4;530;480;30;4;514;4891;315;21;5227;417;81;;498;30290;3840;;34130;4;0;4;31;0;31;3540;150;16;3687;20858;3077;243;23900;25559;3497;267;29050;875;8593;241859;10807;64;868;605;297283;159;2030;53204;991;;;10;108534;1377;7;47281;391;3;7099;0;1;5174;0;8;10778;1;58;0;35;223391;1259;6;14249;18;21;53;11;4;3;6;4;16;0;1;0;80;18;2;13;5;1;86;24;1;37230;4377;4792;968;22678;423;2155;514;857;838;2498;70079981;29.4;5.9;17.6;47.1;100;;;;;;;;;;;;;;;;;;;;;;;;;;;;;;;;;;;;;;;;;;;;;;;;;;;;;;;;;;;;;;;;;;;;;;;;;;;;;;33;3;23;2;5
2020;NA-05;75105;DORDOGNE;557;119;70;746;27022;4576;4451;36049;161637;26225;11948;199810;48;32;0;80;2522;5314;0;7836;314;6;;320;306;6;;312;2973;81;;3054;117;51;;168;13209;5381;;18590;4;0;4;0;;0;1942;58;6;1998;10478;2915;933;13284;12770;3119;942;15793;423;3592;115109;2579;20;240;119;84244;79;980;28909;649;;;4;38567;673;5;18826;87;;;;;;;2;1075;;;;6;104606;746;2;3670;;3;15;5;3;2;1;;2;1;1;;22;8;4;3;2;1;35;30;5;10467;1824;1638;201;5646;30;759;312;435;240;1712;15491214;9.1;0;0;27.3;100;;;;;;;;;;;;;;;;;;;;;;;;;;;;;;;;;;;;;;;;;;;;;;;;;;;;;;;;;;;;;;;;;;;;;;;;;;;;;;12;;11;1;
2020;NA-06;75106;ALLIANCE DE GIRONDE;2024;944;237;3205;120572;33840;15156;169568;638932;181133;59817;879882;304;101;28;433;40270;21434;5477;67181;1020;96;40;1156;964;38;40;1042;7183;769;255;8207;304;227;5;536;33408;13475;0;46883;0;0;0;0;0;0;5092;310;201;5589;27475;8012;1243;36508;34573;8896;1444;44604;401;3206;106228;6368;31;250;125;85472;40;489;11257;365;;;12;164481;2646;11;63209;620;5;6153;;2;7799;;5;4235;;;;41;188389;1925;6;9804;49;18;76;5;8;1;2;0;11;0;3;0;100;6;3;15;2;1;140;10;10;70749;8745;7307;4309;20823;1562;3245;1169;419;250;1444;47032933;30;10;10;50;100;;;;;;;;;;;;;;;;;;;;;;;;;;;;;;;;;;;;;;;;;;;;;;;;;;;;;;;;;;;;;;;;;;;;;;;;;;;;;;17;5;9;2;1
2020;NA-07;75107;LANDES;447;137;45;629;24205;8552;3184;35941;136677;39806;11838;188321;60;37;5;102;5242;7134;845;13221;214;12;;226;198;12;;210;1539;98;;1637;56;50;;106;5886;5137;;11023;3;;3;36;;36;1144;62;0;1252;9939;3221;11;11807;10838;3441;705;13452;270;1819;63987;5607;42;249;187;78094;;;;;;;4;33790;632;3;15402;143;2;11040;0;;;;1;201;;;;10;51245;897;1;1296;;4;14;2;2;1;1;;5;;1;;23;3;;2;2;;21;1;;16253;2014;921;656;8763;144;644;216;270;249;1356;26421704;50;0;25;50;75;;;;;;;;;;;;;;;;;;;;;;;;;;;;;;;;;;;;;;;;;;;;;;;;;;;;;;;;;;;;;;;;;;;;;;;;;;;;;;9;;7;;2
2020;NA-08;75108;LOT-ET-GARONNE;498;68;64;630;25812;3347;3543;32702;142683;14552;12117;169352;66;26;2;94;3324;6772;159;10255;246;16;;262;231;16;;247;2160;401;;2561;76;69;;145;8850;5707;;14557;4;2;6;0;0;0;1334;124;;1453;7168;2496;;9587;8752;2807;;11474;238;2631;63489;971;18;134;58;47974;;;;;;;4;54579;3176;4;27073;454;3;10567;;1;3841;;1;1288;;;;11;89848;4099;;;;3;11;2;2;1;;;2;1;;;15;4;;2;2;;24;1;;10204;1193;74;262;3910;21;718;302;213;134;881;21801541;50;0;16.7;42.9;85.7;;;;;;;;;;;;;;;;;;;;;;;;;;;;;;;;;;;;;;;;;;;;;;;;;;;;;;;;;;;;;;;;;;;;;;;;;;;;;;11;;8;1;2
2020;NA-09;75109;NAVARRE-CÔTE BASQUE;351;128;42;521;22698;6835;2911;32444;109250;31155;12324;152729;29;27;1;57;3637;6095;16;9748;115;8;;123;107;8;;115;1083;126;;1209;20;32;;52;1800;2524;;4324;10;;10;9;;9;1104;89;2;1185;4005;1095;281;5323;5248;1278;297;6741;85;556;21675;2393;15;150;67;49351;6;202;2559;167;;;3;37050;355;3;14531;134;4;10355;53;1;4811;35;2;1579;;;;5;41265;362;1;3285;16;2;13;2;2;1;2;1;3;;;;20;4;;3;;;27;4;;11554;2063;36;577;6755;85;528;131;85;150;264;32066180;33.3;33.3;33.3;66.7;66.7;;;;;;;;;;;;;;;;;;;;;;;;;;;;;;;;;;;;;;;;;;;;;;;;;;;;;;;;;;;;;;;;;;;;;;;;;;;;;;4;;4;;
2020;NA-10;75110;BÉARN-SOULE;448;138;40;626;28189;6304;3308;37801;137541;30099;11750;179390;78;29;5;112;6748;4163;436;11347;287;32;;319;269;29;;298;1741;215;0;1956;181;56;;237;14646;3861;0;18507;30;2;32;4221;0;4221;1249;113;0;1354;7824;2413;489;10493;9900;2864;540;12858;210;1860;62456;1667;22;252;136;82969;113;1029;29566;587;;;4;37307;759;2;7722;57;3;6705;;1;1535;;1;1501;;;;11;51231;440;3;3546;14;5;16;3;1;1;3;0;3;0;4;0;27;4;0;3;0;0;23;0;0;13523;1442;2068;584;4723;50;679;320;204;332;763;26680902;28.6;14.3;14.3;42.9;100;;;;;;;;;;;;;;;;;;;;;;;;;;;;;;;;;;;;;;;;;;;;;;;;;;;;;;;;;;;;;;;;;;;;;;;;;;;;;;7;;4;1;2
2020;NA-11;75111;DEUX SÈVRES;501;147;57;705;25415;7902;3126;36443;155170;37285;10873;203328;45;40;5;90;2648;6186;592;9426;255;16;;271;220;15;;235;1592;150;;1742;126;53;;179;11993;4374;;16367;10;;10;1;0;1;1076;94;;1166;11310;2978;;14196;12981;3356;;16265;309;2917;98991;1452;12;203;135;63852;80;873;33013;556;;;5;68771;444;4;29069;23;;;;;;;2;2199;;;;12;87904;792;1;1925;9;3;15;4;3;3;1;;2;;1;;22;7;2;4;3;2;37;6;5;12784;1563;1310;416;7317;204;706;260;351;243;892;19856900;66.7;0;33.3;40;100;;;;;;;;;;;;;;;;;;;;;;;;;;;;;;;;;;;;;;;;;;;;;;;;;;;;;;;;;;;;;;;;;;;;;;;;;;;;;;9;;9;;
2020;NA-12;75112;VIENNE;866;289;67;1222;45256;13936;4718;63910;269329;71785;20688;361802;91;54;11;156;15338;8489;1036;24863;394;50;0;444;297;28;0;325;2963;445;;3408;103;101;20;224;5964;5494;6299;17757;8;0;8;26;;26;1810;164;;1946;13511;2719;1196;17146;16146;3316;1388;20361;277;3903;89209;2135;12;213;169;71961;107;2577;26282;1069;;;7;43860;627;7;19258;78;4;7206;49;2;7184;15;5;3885;2;112;0;17;116982;1251;2;1667;0;9;33;4;2;1;2;1;6;;7;;50;6;1;5;3;0;45;24;0;28217;2670;3645;1045;11196;319;1206;360;271;213;597;58918854;50;25;25;50;100;;;;;;;;;;;;;;;;;;;;;;;;;;;;;;;;;;;;;;;;;;;;;;;;;;;;;;;;;;;;;;;;;;;;;;;;;;;;;;6;3;2;1;
2020;NOR-01;28101;LES COLLINES DE NORMANDIE;248;34;20;302;13930;1769;1484;17183;75968;8794;4837;89599;18;12;;30;2002;2516;0;4518;40;;;40;40;;;40;382;;;382;20;;;20;1758;;;1758;;;;5;;5;235;;;235;2661;;;2661;2897;;;2897;100;1346;34740;0;0;30;34;10454;55;512;14482;368;;;1;4953;83;;;;;;;;;;;;;;;8;45281;411;;;;2;4;1;1;;0;;3;1;0;;8;2;;1;1;;11;;;3817;639;27;0;2745;31;363;40;120;30;677;5137292;66.7;0;0;33.3;100;;;;;;;;;;;;;;;;;;;;;;;;;;;;;;;;;;;;;;;;;;;;;;;;;;;;;;;;;;;;;;;;;;;;;;;;;;;;;;6;;6;;
2020;NOR-02;28102;ORNE-PERCHE-SAOSNOIS;280;56;20;356;11789;2154;1034;14977;79744;12582;3273;95599;12;8;0;20;3368;1295;429;5092;162;7;;169;142;5;;147;1178;63;;1241;72;11;;83;5497;392;;5889;;;;0;;0;708;41;18;773;6601;2541;758;9352;7403;2725;776;10154;149;1323;38567;391;2;140;33;48203;;;;;;;1;12817;203;1;4551;20;;;;;;;2;1531;;;;11;42982;451;;;;3;5;;1;;;;2;;1;;9;;;2;;;8;;;4092;565;63;290;2375;36;360;147;149;140;860;4579740;20;0;0;40;100;;;;;;;;;;;;;;;;;;;;;;;;;;;;;;;;;;;;;;;;;;;;;;;;;;;;;;;;;;;;;;;;;;;;;;;;;;;;;;7;;5;1;1
2020;NOR-03;28103;COTENTIN;334;41;40;415;16582;2426;2515;21523;92499;11173;9344;113016;22;12;1;35;996;1578;204;2778;;;;;;;;;;;;;;;;;;;;;;;;;;;;;;;;;;;;;;;90;1114;31673;0;;;;;48;792;9968;331;;;3;22208;274;2;6549;35;;;;;;;1;3213;;;;5;53987;604;1;208;;2;4;1;2;2;;;;;;;6;3;;2;2;;10;4;;4734;1380;243;6;3018;5;451;;90;;347;9797926;100;0;0;100;100;;;;;;;;;;;;;;;;;;;;;;;;;;;;;;;;;;;;;;;;;;;;;;;;;;;;;;;;;;;;;;;;;;;;;;;;;;;;;;2;;2;;
2020;NOR-04;28104;CAUX MARITIME;225;54;29;308;10705;2581;2015;15301;63860;10195;6568;80623;24;8;0;32;1113;1906;0;3019;73;7;;80;73;0;;73;1205;;;1205;22;18;;40;745;3827;;4572;;;;;;;720;5;;725;3487;753;;4240;4262;782;;5044;116;1338;37572;1626;10;130;100;44480;;;;;;;2;16088;204;2;4430;;;;;;;;1;1428;;;;3;35039;942;;;;1;6;1;1;1;0;;0;;0;;7;2;;1;;;13;;;4133;916;160;1;2999;20;327;120;116;130;559;2583529;33.3;0;0;33.3;100;;;;;;;;;;;;;;;;;;;;;;;;;;;;;;;;;;;;;;;;;;;;;;;;;;;;;;;;;;;;;;;;;;;;;;;;;;;;;;4;;4;;
2020;NOR-05;28105;CENTRE MANCHE;309;63;29;401;15563;3126;2284;20973;90429;15965;8908;115302;20;12;0;32;1184;1984;308;3476;;;;;;;;;;;;;;;;;;;;;;;;;;;;;;;;;;;;;;;105;892;35342;0;0;95;59;32819;45;587;13680;433;;;2;32940;350;1;9524;14;;;;;;;1;421;;;;6;38270;454;1;8;;1;6;6;2;2;0;0;1;1;0;0;9;9;;1;1;;12;12;;5344;1325;255;349;1998;22;463;;75;95;269;11872184;33.3;0;0;33.3;66.7;;;;;;;;;;;;;;;;;;;;;;;;;;;;;;;;;;;;;;;;;;;;;;;;;;;;;;;;;;;;;;;;;;;;;;;;;;;;;;3;;3;;
2020;NOR-06;28106;NORMANDIE CENTRE;1292;471;153;1916;69211;22657;8512;100380;379068;107524;35277;521869;150;79;2;231;15351;15023;373;30747;370;16;;386;360;16;;376;3930;163;;4093;248;96;6;350;17810;8625;503;26938;14;;14;351;;351;2756;100;;2856;15973;5415;1270;22535;19218;5745;1368;26113;403;3652;112064;5693;34;280;166;94561;60;876;17358;657;;;7;65338;1315;7;21164;38;3;6353;;1;3420;;3;2479;;;;24;149896;1972;3;9511;19;15;46;5;2;2;9;0;8;0;1;;66;7;3;16;2;0;88;3;0;34774;4718;2852;1783;12991;241;2016;378;381;280;1715;67796430;40;10;30;60;100;;;;;;;;;;;;;;;;;;;;;;;;;;;;;;;;;;;;;;;;;;;;;;;;;;;;;;;;;;;;;;;;;;;;;;;;;;;;;;17;2;11;1;3
2020;NOR-07;28107;ROUEN CŒUR DE SEINE;946;418;134;1498;62011;19080;7773;88864;295255;104089;29427;428771;113;63;6;182;22188;9235;1375;32798;550;98;8;656;505;20;8;533;5135;124;244;5503;195;88;8;291;21159;10157;1459;32775;0;0;0;0;0;0;3441;55;142;3592;15706;7180;1994;24209;19903;7486;2143;28798;503;4516;156999;769;11;344;110;120048;;;;;;;5;52569;;4;17513;;;;;;;;2;1417;1;237;;16;139045;;3;3403;;12;36;4;5;3;9;1;8;0;1;0;59;8;6;7;3;2;64;26;16;25657;4896;2850;1496;8173;218;1527;560;503;344;1437;62624405;12.5;12.5;12.5;33.3;100;;;;;;;;;;;;;;;;;;;;;;;;;;;;;;;;;;;;;;;;;;;;;;;;;;;;;;;;;;;;;;;;;;;;;;;;;;;;;;13;4;7;1;1
2020;NOR-08;28108;ESTUAIRE DE LA SEINE;679;99;96;874;35278;5297;6051;46626;194652;23911;19997;238560;45;30;6;81;4827;3795;378;9000;239;49;4;292;209;8;4;221;1883;161;19;2063;169;79;;248;6260;965;;7225;;;;;;;1275;108;0;1382;9405;5018;668;14689;10680;5126;668;16071;275;2335;82267;6875;39;248;156;89109;60;713;16048;546;;;6;37017;485;6;18983;50;;;;1;;;1;1409;;;;13;72470;1380;1;1956;;5;13;4;4;4;1;0;2;0;10;7;30;15;0;5;1;0;36;3;0;8890;3149;1067;100;4965;72;913;231;265;258;889;18576991;60;0;0;60;100;;;;;;;;;;;;;;;;;;;;;;;;;;;;;;;;;;;;;;;;;;;;;;;;;;;;;;;;;;;;;;;;;;;;;;;;;;;;;;9;;8;;1
2020;NOR-09;28109;VAL DE SEINE ET PLATEAUX DE L'EURE;259;62;30;351;13214;3452;2461;19127;67845;13505;9277;90627;13;20;3;36;915;2751;732;4398;;;;;;;;;;;;;;;;;;;;;;;;;;;;;;;;;;;;;;;155;1474;52371;1019;8;30;19;10562;30;344;9470;257;;;2;18260;195;2;4280;0;;;;;;;1;364;;;;4;34734;514;;;;1;7;1;1;1;0;0;1;;0;0;9;2;;1;1;;11;1;;5225;1408;107;189;2912;50;351;;155;30;1383;8027297;0;0;50;66.7;100;;;;;;;;;;;;;;;;;;;;;;;;;;;;;;;;;;;;;;;;;;;;;;;;;;;;;;;;;;;;;;;;;;;;;;;;;;;;;;4;;4;;
2020;NOR-10;28110;EURE-SEINE PAYS D'OUCHE;518;123;84;725;26292;6010;6281;38583;151866;27535;18411;197812;40;45;0;85;3271;6524;0;9795;288;12;0;300;269;;0;269;2453;0;58;2511;89;70;;159;4057;2827;0;6884;0;;0;0;0;0;1658;0;47;1665;8799;3866;529;12909;11201;4145;591;15458;155;1658;46518;0;;165;143;53669;25;185;5536;142;;;7;44866;456;4;8357;46;1;;;;;;2;4364;;;;14;103847;940;;;;5;14;4;5;2;1;1;7;0;;;27;7;;5;2;;33;2;;10704;2496;235;194;6746;53;956;305;134;149;714;14565239;42.9;0;28.6;57.1;100;;;;;;;;;;;;;;;;;;;;;;;;;;;;;;;;;;;;;;;;;;;;;;;;;;;;;;;;;;;;;;;;;;;;;;;;;;;;;;9;;7;1;1
2020;NOR-11;28111;GROUPE HOSPITALIER MONT SAINT MICHEL;266;48;24;338;12939;3203;1668;17810;82008;14090;6154;102252;11;28;;39;594;2538;0;3132;91;;;91;87;;;87;645;;;645;67;36;;103;12246;1860;;14106;6;;6;0;;0;481;;;481;5318;880;;6177;6106;944;;7028;192;2200;60586;0;;120;92;42576;30;392;9075;248;;;2;21011;235;1;3972;;;;;;;;2;2101;;;;6;39547;347;;;;2;4;1;1;1;;;3;;;;8;2;2;1;;1;8;;7;4741;812;30;3;3216;0;365;118;144;120;1013;999482;40;0;0;20;100;;;;;;;;;;;;;;;;;;;;;;;;;;;;;;;;;;;;;;;;;;;;;;;;;;;;;;;;;;;;;;;;;;;;;;;;;;;;;;7;;6;1;
2020;OCC-01;76101;GHT DES CH DE PERPIGNAN-NARBONNE-LEZIGNAN-CORBIÈRES-PORT-LA-NOUVELLE-PRADES;712;169;81;962;31681;7552;5471;44704;207795;35970;19741;263506;81;30;2;113;5286;4469;1390;11145;55;;;55;49;;;49;460;;;460;20;18;;38;2531;2950;;5481;0;0;0;;;;354;;;354;1857;1053;;2910;2211;1053;;3264;165;1354;45732;1562;10;358;206;124291;70;827;14748;493;;;3;43413;598;4;24590;277;2;8157;;2;6225;;2;2241;;;;7;67321;824;2;2898;18;5;19;2;2;1;2;1;3;;0;;26;4;16;3;1;0;34;4;0;12385;2045;1453;496;8592;210;314;54;127;160;458;27013651;20;0;0;40;100;;;;;;;;;;;;;;;;;;;;;;;;;;;;;;;;;;;;;;;;;;;;;;;;;;;;;;;;;;;;;;;;;;;;;;;;;;;;;;9;;6;;3
2020;OCC-02;76102;OUEST AUDOIS;341;57;35;433;16197;2615;2721;21533;90487;14343;8564;113394;21;5;3;29;2806;1443;369;4618;;;;;;;;;;;;;;;;;;;;;;;;;;;;;;;;;;;;;;;69;743;18799;0;;60;40;20550;;;;;;;3;25086;360;2;6158;20;2;2569;0;;;;1;599;;;;6;39765;512;2;1429;7;2;6;;1;1;1;;3;;;;11;1;;1;;;16;;;4997;1310;864;271;4334;66;433;0;69;60;380;10427506;50;0;25;50;100;;;;;;;;;;;;;;;;;;;;;;;;;;;;;;;;;;;;;;;;;;;;;;;;;;;;;;;;;;;;;;;;;;;;;;;;;;;;;;5;;4;;1
2020;OCC-03;76103;CÉVENNES GARD CAMARGUE;1042;285;119;1446;51387;14712;6589;72688;314503;61532;27409;403444;85;48;17;150;21743;10294;4265;36302;329;20;0;349;304;15;0;319;3375;196;0;3571;124;95;;219;11522;7151;;18673;3;0;3;175;0;175;2484;271;;2755;12393;2051;270;14420;15082;3268;;18321;551;4208;123186;9427;81;336;202;113368;26;441;10332;229;;;7;86163;1358;5;29165;298;2;6435;;2;5304;;3;6270;;;;14;98919;244;4;7463;;7;29;8;4;2;7;2;7;2;2;1;49;15;4;6;1;1;45;10;8;26506;3813;2297;891;13966;376;1458;343;558;626;1452;55286367;37.5;0;12.5;37.5;100;;;;;;;;;;;;;;;;;;;;;;;;;;;;;;;;;;;;;;;;;;;;;;;;;;;;;;;;;;;;;;;;;;;;;;;;;;;;;;12;3;6;1;2
2020;OCC-04;76104;EST HÉRAULT ET SUD AVEYRON;1386;422;129;1937;59944;22356;7673;89973;370644;96539;29346;496529;185;86;24;295;20649;13994;2722;37365;312;13;;325;280;10;;290;2749;145;;2894;219;95;;314;25256;9931;;35187;2;;2;0;;0;1975;98;;2073;12066;6082;751;18650;16760;7930;820;25727;473;3875;114946;9815;45;437;306;148973;133;1384;34896;949;;;13;93419;1733;8;36811;594;4;7041;52;2;8576;13;5;8754;;;;27;133458;1257;6;7278;50;8;60;4;4;3;2;;11;1;0;0;77;8;2;9;2;1;86;2;2;41577;4424;3424;1876;16920;862;1986;329;473;437;1038;95258742;33.3;0;0;44.4;100;;;;;;;;;;;;;;;;;;;;;;;;;;;;;;;;;;;;;;;;;;;;;;;;;;;;;;;;;;;;;;;;;;;;;;;;;;;;;;20;6;11;;3
2020;OCC-05;76105;OUEST HÉRAULT;346;104;26;476;15421;4407;1905;21733;93521;25345;6633;125499;27;21;4;52;1487;1724;530;3741;143;2;;145;128;;;128;1210;55;;1265;44;12;;56;12334;2774;;15108;1;;1;3;;3;1230;1;;1240;4839;1470;1263;7492;6674;1553;1306;9422;75;698;22481;0;;173;178;58771;20;290;10995;203;;;2;26646;;2;8951;;;;;;;;1;1457;;;;7;52545;;1;2139;;2;4;4;2;1;1;1;2;2;1;0;10;8;1;2;2;1;18;18;2;6143;1197;307;808;2420;8;476;138;75;173;524;10593952;33.3;0;0;33.3;100;;;;;;;;;;;;;;;;;;;;;;;;;;;;;;;;;;;;;;;;;;;;;;;;;;;;;;;;;;;;;;;;;;;;;;;;;;;;;;5;;5;;
2020;OCC-06;76106;LOZÈRE;150;22;12;184;4665;1677;751;7093;41058;6984;2129;50171;14;18;0;32;822;3121;0;3943;116;6;;122;108;6;;114;771;240;;1011;30;24;;54;2607;1092;;3699;;;;;;;457;32;;486;2326;787;;3102;2835;907;;3708;60;546;14699;0;;85;58;26521;;;;;;;1;6572;;1;4309;;;;;;;;1;729;;;;4;16189;;;;;2;5;0;1;;1;;2;0;;;9;0;;2;0;;15;0;;3253;289;34;36;2384;22;214;114;45;60;415;2464566;16.7;0;0;33.3;100;;;;;;;;;;;;;;;;;;;;;;;;;;;;;;;;;;;;;;;;;;;;;;;;;;;;;;;;;;;;;;;;;;;;;;;;;;;;;;8;;7;1;
2020;OCC-07;76107;HAUTE-GARONNE ET TARN OUEST;1634;540;147;2321;90654;26117;10322;127093;437518;125038;42023;604579;337;101;12;450;38028;18092;2166;58286;486;44;40;570;412;36;40;488;3163;1229;289;4681;204;140;18;362;20712;13589;4808;39109;10;1;11;485;75;560;1857;129;220;2172;14518;6942;3245;24455;17341;7776;3515;28296;398;3631;110566;5867;37;313;153;107569;10;289;3128;257;;;9;89425;1869;7;35283;319;4;12571;0;1;4385;;2;1742;1;50;0;32;128238;2366;12;9128;34;14;62;4;4;3;5;0;6;0;4;0;81;7;5;15;5;9;135;17;12;54193;5972;4846;2192;20335;582;4304;666;448;393;737;113534043;33.3;11.1;22.2;33.3;100;;;;;;;;;;;;;;;;;;;;;;;;;;;;;;;;;;;;;;;;;;;;;;;;;;;;;;;;;;;;;;;;;;;;;;;;;;;;;;16;8;6;1;1
2020;OCC-08;76108;PYRÉNÉES ARIÉGEOISES;215;62;29;306;11488;3934;1659;17081;58985;20674;6239;85898;22;23;2;47;1950;3603;247;5800;100;14;0;114;88;7;0;95;854;81;;935;30;20;0;50;2410;1322;;3732;5;0;5;5;0;5;538;63;;600;4160;1060;;5196;4772;1151;;5866;191;1725;57749;331;8;20;12;6135;45;534;8642;250;;;2;25811;362;1;6880;32;;;;;;;1;1380;;;;14;52884;434;;;;2;9;;1;;;;2;;;;12;;1;2;;1;16;;4;6957;906;31;147;3857;24;359;94;191;20;522;8149537;33.3;0;0;66.7;66.7;;;;;;;;;;;;;;;;;;;;;;;;;;;;;;;;;;;;;;;;;;;;;;;;;;;;;;;;;;;;;;;;;;;;;;;;;;;;;;5;;4;;1
2020;OCC-09;76109;HAUTES-PYRÉNÉES;374;87;26;487;16952;4601;1402;22955;89906;22402;5249;117557;22;20;2;44;3443;7082;290;10815;241;21;;262;207;14;;221;2069;327;;2396;84;69;;153;7846;6839;;14685;4;;4;45;0;45;1394;80;;1453;7521;1378;356;9199;9480;1559;356;10921;412;3263;113947;8425;41;259;165;88462;;;;;;;3;27063;426;1;2340;5;2;23;2;0;0;14;1;1050;1;5;;14;61398;642;1;600;2;6;16;4;1;0;4;0;5;2;0;;26;6;0;3;2;0;21;9;0;10692;728;773;62;4629;56;477;238;412;259;793;11912833;40;0;0;60;100;;;;;;;;;;;;;;;;;;;;;;;;;;;;;;;;;;;;;;;;;;;;;;;;;;;;;;;;;;;;;;;;;;;;;;;;;;;;;;9;;6;2;1
2020;OCC-10;76110;GERS;294;38;20;352;12478;1852;1477;15807;78208;9150;4598;91956;6;7;0;13;823;1549;0;2372;165;5;;170;147;5;;152;702;95;;797;35;9;;44;2622;956;;3578;6;2;8;11;78;89;685;52;;696;3254;963;;4183;4107;1040;;4998;236;2533;62202;981;10;195;135;66588;;;;;;;2;25958;1268;1;3075;20;;;;;;;;;;;;4;17449;255;;;;1;5;1;1;1;;;;;;;6;2;;1;1;;9;3;;4435;625;78;0;2205;2;386;152;236;195;918;8680820;10;0;0;20;90;;;;;;;;;;;;;;;;;;;;;;;;;;;;;;;;;;;;;;;;;;;;;;;;;;;;;;;;;;;;;;;;;;;;;;;;;;;;;;10;;9;1;
2020;OCC-11;76111;TARN-ET-GARONNE;236;64;23;323;13123;2570;1463;17156;67794;12735;4575;85104;9;9;;18;771;2265;0;3036;211;8;;219;190;8;;198;1314;78;;1392;57;42;;99;2661;1723;;4384;;;;;;;967;56;;1017;6941;1366;;8266;8098;1495;;9544;149;1465;46297;1633;10;120;98;39299;55;504;8150;259;;;3;20542;133;2;6283;13;;;;;;;2;2918;;;;5;51310;348;;;;2;9;1;1;1;1;0;1;0;0;0;12;2;;2;1;0;13;1;0;5692;627;165;31;1793;10;334;208;149;120;842;8547920;20;0;0;40;100;;;;;;;;;;;;;;;;;;;;;;;;;;;;;;;;;;;;;;;;;;;;;;;;;;;;;;;;;;;;;;;;;;;;;;;;;;;;;;8;;6;;2
2020;OCC-12;76112;ROUERGUE;344;81;36;461;16474;4765;2786;24025;96895;18587;9138;124620;34;56;1;91;4549;8716;1;13266;;5;;5;;5;;5;;183;;183;;28;;28;;2131;;2131;;;;;;;;60;;60;;955;;955;;1396;;1396;258;2197;67267;1086;10;170;156;56910;;;;;;;3;27135;340;2;10390;79;1;3255;0;1;2307;0;2;2746;;;;17;61474;432;2;2600;7;3;13;3;2;2;3;1;5;2;2;2;25;10;2;4;1;;34;26;;11242;1540;1141;630;8380;79;366;5;218;90;610;14545688;33.3;0;0;50;100;;;;;;;;;;;;;;;;;;;;;;;;;;;;;;;;;;;;;;;;;;;;;;;;;;;;;;;;;;;;;;;;;;;;;;;;;;;;;;10;;8;;2
2020;OCC-13;76113;CŒUR D'OCCITANIE;412;128;52;592;18239;5962;3599;27800;113552;30259;12006;155817;20;27;1;48;1456;5605;151;7212;;;;;;;;;;;;;;;;;;;;;;;;;;;;;;;;;;;;;;;216;2056;65849;965;10;281;143;96666;43;416;11386;256;;;2;26171;459;3;2396;;2;6402;;1;2854;1;1;792;;;;9;58851;698;;;;3;12;3;2;2;3;0;2;0;0;0;19;5;;2;1;;27;2;;10436;2226;368;57;4833;65;635;0;165;220;1063;18204592;50;0;25;50;100;;;;;;;;;;;;;;;;;;;;;;;;;;;;;;;;;;;;;;;;;;;;;;;;;;;;;;;;;;;;;;;;;;;;;;;;;;;;;;9;;8;;1
2020;OCC-14;76114;LOT;287;85;25;397;14246;3764;1309;19319;74643;17842;4541;97026;21;27;2;50;3245;4572;643;8460;;;;;;;;;;;;;;;;;;;;;;;;;;;;;;;;;;;;;;;100;927;25132;1920;13;110;32;33098;30;142;3693;120;;;4;29919;59;1;3313;;;;;;;;3;3533;;;;11;53515;189;;;;7;11;1;1;0;0;0;5;0;3;0;20;1;4;2;0;1;15;0;5;7443;528;76;98;6546;29;411;;70;110;514;5894047;20;0;0;60;100;;;;;;;;;;;;;;;;;;;;;;;;;;;;;;;;;;;;;;;;;;;;;;;;;;;;;;;;;;;;;;;;;;;;;;;;;;;;;;7;;6;;1
2020;OI-01;04101;OCÉAN INDIEN;1348;341;364;2053;70341;17093;26388;113822;400867;90965;104233;596065;123;90;10;223;12604;14661;2891;30156;332;34;;366;242;10;;252;4069;53;0;4122;58;59;;117;5195;4363;;9558;;;;;;;2658;87;;2743;16100;9264;1592;26446;19326;9971;1623;30447;97;1120;27644;8815;39;82;30;26625;;;;;;;7;113474;2284;6;36991;255;3;14813;;1;3595;;1;0;;;;21;163928;1761;4;5830;51;6;38;4;7;4;5;1;5;;9;;64;9;0;8;2;;74;5;;36334;11377;1630;1305;14151;236;2080;263;97;82;458;15547937;66.7;50;66.7;83.3;100;;;;;;;;;;;;;;;;;;;;;;;;;;;;;;;;;;;;;;;;;;;;;;;;;;;;;;;;;;;;;;;;;;;;;;;;;;;;;;11;6;4;1;
2020;PACA-01;93101;VAUCLUSE;887;202;134;1223;46852;8523;9567;64942;254353;44704;30518;329575;41;42;0;83;4486;6068;0;10554;;;;;;;;;;;;;;;;;;;;;;;;;;;;;;;;;;;;;;;396;3692;108225;5696;19;200;182;68967;;;;;;;6;39849;40;3;7724;466;3;7720;2;1;5131;2;2;568;;;;18;98755;1095;1;840;5;9;18;3;5;2;3;0;5;0;7;0;38;5;4;7;3;0;49;9;0;14692;4725;2336;599;7267;59;1227;0;462;200;708;21699890;22.2;0;11.1;55.6;100;;;;;;;;;;;;;;;;;;;;;;;;;;;;;;;;;;;;;;;;;;;;;;;;;;;;;;;;;;;;;;;;;;;;;;;;;;;;;;13;;12;;1
2020;PACA-02;93102;VAR;1097;263;153;1513;63571;15422;11053;90046;324968;71097;35731;431796;111;59;5;175;7791;8839;1747;18377;356;24;;380;352;23;;375;4288;497;;4785;181;120;;301;17973;9766;;27739;2;0;2;13;0;13;1549;68;19;1617;9104;3416;1895;14327;17539;6560;1935;25741;228;1734;68044;2140;18;230;120;76878;;;;;;;8;93184;1354;6;32000;114;5;8575;;1;4599;;3;2634;1;18;;17;131517;2696;4;5732;10;21;23;2;4;2;6;2;16;1;5;;54;7;1;8;1;0;64;;0;23468;5722;2899;585;16050;75;1531;379;238;231;867;16733330;50;0;50;62.5;100;;;;;;;;;;;;;;;;;;;;;;;;;;;;;;;;;;;;;;;;;;;;;;;;;;;;;;;;;;;;;;;;;;;;;;;;;;;;;;14;;12;1;1
2020;PACA-03;93103;ALPES-DE-HAUTE-PROVENCE;250;71;36;357;11164;4013;1564;16741;75401;13562;4578;93541;36;26;1;63;907;2668;255;3830;120;2;0;122;110;0;0;110;753;0;0;753;84;37;0;121;16142;3438;0;19580;0;0;0;0;0;0;620;110;0;730;4726;1608;0;6334;5369;1718;0;7087;86;858;25353;21;10;30;11;9208;;;;;;;3;12340;282;2;1672;1;;;;;;;;;1;32;;4;30270;471;;;;2;8;8;3;3;0;0;1;1;1;1;13;13;;2;2;;17;17;;4809;748;8;1;3720;139;378;117;147;30;193;7443523;25;0;25;50;75;;;;;;;;;;;;;;;;;;;;;;;;;;;;;;;;;;;;;;;;;;;;;;;;;;;;;;;;;;;;;;;;;;;;;;;;;;;;;;8;;7;;1
2020;PACA-04;93104;BOUCHES-DU-RHÔNE;2518;1030;318;3866;141187;40447;21186;202820;733818;203760;81751;1019329;361;152;50;563;69248;17915;8577;95740;1088;30;40;1158;992;24;40;1056;9094;152;245;9491;582;203;39;824;58121;14180;8353;80654;29;0;29;299;;299;5134;132;179;5441;40235;12613;2338;55207;49339;13620;2590;64391;388;3333;95586;4171;23;449;212;144554;195;3258;56731;2214;;;18;211649;2830;14;63423;308;9;15673;;3;12666;;4;4368;1;52;;50;272859;3185;7;11873;26;21;107;44;14;8;15;1;15;1;8;0;159;54;0;25;4;0;198;27;0;73042;11524;7338;3360;35901;694;3729;1302;432;449;2710;138227715;47.1;5.9;29.4;61.1;94.4;;;;;;;;;;;;;;;;;;;;;;;;;;;;;;;;;;;;;;;;;;;;;;;;;;;;;;;;;;;;;;;;;;;;;;;;;;;;;;22;5;12;4;1
2020;PACA-05;93105;ALPES MARITIMES;1469;520;152;2141;72058;23710;11883;107651;400001;110760;40235;550996;170;100;21;291;12442;15920;1539;29901;249;0;;249;241;0;;241;2110;;;2110;85;20;;105;7444;1512;;8956;4;0;4;3;;3;1476;2;;1478;9284;3166;64;12467;11089;3193;64;14299;449;3539;126881;2349;5;276;186;86181;40;339;10586;268;;;12;106212;1224;10;36896;56;1;3700;1;1;3462;4;2;3283;1;;;26;183188;1544;6;11252;40;15;52;6;5;2;10;0;10;0;3;0;80;8;0;12;1;0;101;0;0;44301;6836;4368;1677;20838;473;2144;249;443;290;1434;65266790;46.2;23.1;25;57.1;92.9;;;;;;;;;;;;;;;;;;;;;;;;;;;;;;;;;;;;;;;;;;;;;;;;;;;;;;;;;;;;;;;;;;;;;;;;;;;;;;18;5;12;;1
2020;PACA-06;93106;ALPES DU SUD;268;82;27;377;15844;5361;2391;23596;81878;17990;6924;106792;30;19;3;52;600;4034;120;4754;115;12;;127;81;8;;89;1114;403;;1517;30;21;;51;3844;3766;;7610;3;;3;7;0;7;581;114;;706;3305;964;;4269;3985;1221;;5206;75;962;29390;1250;0;135;65;43847;50;466;13669;345;;;3;16226;235;2;4248;1;1;;;;;;1;224;;;;11;37263;480;;;;2;8;1;2;;;;1;;;;11;1;0;3;;;19;;;8806;1084;48;1;3991;65;439;189;278;160;496;11768296;33.3;0;33.3;42.9;85.7;;;;;;;;;;;;;;;;;;;;;;;;;;;;;;;;;;;;;;;;;;;;;;;;;;;;;;;;;;;;;;;;;;;;;;;;;;;;;;7;;7;;
2020;PDL-01;52101;LOIRE ATLANTIQUE;1583;471;167;2221;88028;22011;12086;122125;503925;115750;47181;666856;188;70;23;281;33244;13760;3594;50598;740;43;;783;625;21;;646;9246;560;0;9806;348;207;20;575;24757;10886;3104;38747;28;22;50;5033;30;5063;5470;241;0;5705;24299;7168;2065;32677;30561;8188;2162;40276;904;7857;278044;18043;122;594;316;190845;92;2784;27727;1253;;;10;69184;1099;8;22620;229;6;13378;53;2;3782;109;3;2116;;;;27;192700;2813;7;12842;65;10;57;8;4;3;8;1;8;0;3;0;80;12;1;12;5;0;99;19;0;47237;7199;4357;2052;16960;549;2324;667;1094;783;2554;138761309;25;8.3;16.7;25;91.7;;;;;;;;;;;;;;;;;;;;;;;;;;;;;;;;;;;;;;;;;;;;;;;;;;;;;;;;;;;;;;;;;;;;;;;;;;;;;;27;7;17;2;1
2020;PDL-02;52102;MAINE ET LOIRE;1162;302;137;1601;54390;16128;9422;79940;352359;71974;36121;460454;151;58;21;230;14553;9872;3488;27913;386;19;;405;351;18;;369;4383;165;0;4548;284;86;;370;8247;3773;0;12020;12;2;14;705;5;710;2836;155;0;2990;13274;4270;800;18162;16548;4764;845;21809;471;4515;150075;6074;45;189;110;63025;;;;;;;7;75192;1204;5;30030;105;4;9887;0;2;3735;0;1;1576;;;;20;203138;2063;4;6074;21;9;36;6;5;5;3;2;12;2;1;0;57;15;5;10;5;1;81;18;6;31133;5752;2387;2081;14538;312;1833;415;454;190;1850;52881504;33.3;11.1;11.1;33.3;100;;;;;;;;;;;;;;;;;;;;;;;;;;;;;;;;;;;;;;;;;;;;;;;;;;;;;;;;;;;;;;;;;;;;;;;;;;;;;;13;2;10;1;
2020;PDL-03;52103;MAYENNE ET HAUT-ANJOU;482;114;63;659;21481;4530;3600;29611;148506;21348;12573;182427;16;45;1;62;2910;5997;472;9379;213;6;;219;186;6;;192;1478;197;;1675;100;23;;123;17730;1896;;19626;8;;8;216;;216;1043;129;235;1407;5702;1490;0;7192;7846;1619;235;9700;317;2722;99611;6100;47;188;77;62517;67;750;19380;567;;;3;32302;321;2;6928;;;;;;;;3;2158;;;;14;71658;758;1;1750;8;7;15;2;3;2;1;0;3;;0;0;22;4;;3;1;1;36;14;14;10513;2220;1763;63;7446;41;392;108;230;133;907;12345558;0;0;0;37.5;100;;;;;;;;;;;;;;;;;;;;;;;;;;;;;;;;;;;;;;;;;;;;;;;;;;;;;;;;;;;;;;;;;;;;;;;;;;;;;;11;;9;;2
2020;PDL-04;52104;SARTHE;809;149;97;1055;45140;10834;5978;61952;248739;42880;22046;313665;55;36;12;103;6875;8244;1941;17060;260;14;0;274;235;9;0;244;3461;111;;3572;158;0;0;158;16314;0;;16314;0;0;0;30;0;30;2234;79;;2307;12266;4152;871;17323;15190;4296;871;20002;243;2335;87685;0;;325;121;113542;30;420;6704;254;;;6;43343;731;5;12652;48;2;12783;26;1;8629;9;4;5045;;;;17;113125;1274;3;2435;4;9;24;3;2;1;4;;6;;1;;37;4;5;5;3;1;45;5;9;21486;3005;1294;681;7686;83;1155;244;293;325;1922;28759589;30;0;10;30;100;;;;;;;;;;;;;;;;;;;;;;;;;;;;;;;;;;;;;;;;;;;;;;;;;;;;;;;;;;;;;;;;;;;;;;;;;;;;;;11;;8;1;2
2020;PDL-05;52105;VENDÉE;997;189;104;1290;51176;9640;7345;68161;301720;40631;24375;366726;96;44;12;152;9713;8095;2907;20715;359;41;;400;340;29;;369;5546;1202;;6748;226;110;;336;22638;6253;;28891;0;;0;0;;0;2545;125;;2670;8647;3384;;12031;14477;4050;;18527;515;4968;168493;4348;23;348;224;120983;;;;;;;6;91149;792;3;18544;23;2;9302;5;1;2769;8;3;9876;1;19;;21;136762;1366;1;4044;17;5;22;2;3;1;2;0;6;0;1;0;34;3;2;4;1;1;38;4;3;19236;3742;2089;721;12830;216;1267;369;502;327;1972;39749064;25;0;0;50;100;;;;;;;;;;;;;;;;;;;;;;;;;;;;;;;;;;;;;;;;;;;;;;;;;;;;;;;;;;;;;;;;;;;;;;;;;;;;;;17;;12;1;4
