BOR;AN;FI;RS;FI_EJ;EMGER;EVALIH;EVALEH;FILACT;ETP;UGER;LIT_GER;PLA_GER;SEJHC_GER;SEJHP_GER;JOU_GER;EFFPL_PM;EFFPL_GER;EFFPA_PM;EFFPA_GER;ETP_PM;ETP_GER;GAR_PM;GAR_GER;AST_PM;AST_GER;EFFPL_INF;EFFPL_AID;EFFPL_ERG;EFFPL_PMT;EFFPL_APNM;EFFPA_INF;EFFPA_AID;EFFPA_ERG;EFFPA_PMT;EFFPA_APNM;ETP_INF;ETP_AID;ETP_ERG;ETP_PMT;ETP_APNM
MCOGER;2020;010000024;CH DE FLEYRIAT;010780054;1;435;395;1039;1.25;1;22;0;907;0;7263;;;4;4;2;2;0;0;0;0;11;11;;;5;8;2;2;;3;14.59;13.05;0.7;;5.94
MCOGER;2020;010000065;CH DE TREVOUX - MONTPENSIER;010780096;0;;;;;1;46;;1600;0;12257;4;;4;1;6.4;0.83;0;0;1;1;12;9;;;4;18;29;1;;7;20.8;25.44;0.1;;8.11
MCOGER;2020;010000099;CH DE MEXIMIEUX;010780120;0;;;;;1;9;;155;0;2414;;;4;1;0.42;0.09;0;0;0;0;7;24;;;40;6;10;;;4;3.66;7.1;;;6.46
MCOGER;2020;010000107;CH DE PONT DE VAUX;010780138;0;;;;;1;15;;192;0;2320;1;1;1;1;0.94;0.86;;;;;8;12;;;;3;1;1;;;4.05;5.98;0.6;;
MCOGER;2020;010000115;CHI AIN VAL DE SAONE - PONT VEYLE;010009132;0;;;;;1;12;0;133;0;2783;;;3;2;0.27;0.25;0;0;0;0;1;4;;;3;2;4;1;;11;2.64;7.33;0.08;;5.47
MCOGER;2020;010000131;CHI AIN VAL DE SAONE - THOISSEY;010009132;0;;;;;1;20;;208;0;3102;;;2;1;0.42;0.4;0;0;0;0;2;1;;;1;3;2;1;;9;3.8;1.06;0.05;;3.8
MCOGER;2020;010000214;CH PUBLIC HAUTEVILLE - UNITE ALBARINE;010007987;0;;;;;1;10;0;97;0;1510;1;;3;1;0.85;0.25;0;0;1;;;;;;;22;27;;;36;5.16;7.56;;;4.81
MCOGER;2020;010005239;CH DU HAUT BUGEY - GEOVREISSET;010008407;0;;;;;1;15;0;257;0;2810;0;0;0;0;0.94;0;;;1;;3;4;0;0;1;2;0;0;0;0;5.98;8.37;0;0;0.96
MCOGER;2020;010780203;HOPITAL PRIVE D'AMBERIEU;010010718;0;;;;;1;26;;579;0;6220;2;2;;;2.32;2.32;0;0;0;0;6;9;;;;5;4;;;;11.55;16.57;;;
MCOGER;2020;020000097;CH LA FÈRE;020000048;0;;;;;1;38;0;490;0;8055;4;3;;;4;3;0;0;1;1;19;25;;;5;3;2;;;1;21.05;26.76;;;5.86
MCOGER;2020;020000105;CH LE NOUVION-EN-THIÉRACHE;020000055;0;;;;;1;14;0;233;0;2985;1;;1;;0.94;;;;1;;11;12;;;5;;1;;;2;6.85;7.95;0.2;;4.51
MCOGER;2020;020000162;CH SAINT-QUENTIN;020000063;1;244;0;200;1;1;50;0;2072;0;15136;2;2;1;1;2.8;2.8;0;0;0;0;15;19;0;0;5;2;2;0;0;5;15.1;18.25;0;0;7.23
MCOGER;2020;020000394;CH LAON;020000253;1;;;;1.4;1;25;0;545;6;8889;5;3;1;1;4.76;2.72;0;0;0;0;11;11;0;0;0;0;0;0;0;4;10.28;10.25;0;0;2.45
MCOGER;2020;020000519;CH SOISSONS;020000261;1;136;;127;;1;15;;;;;2;;;;2;;0;;1;;;;;;;;;;;;;;;;
MCOGER;2020;020000535;CH CHAUNY;020000287;1;122;0;115;0.1;0;;;;;;;;;;;;;;;;;;;;;;;;;;;;;;
MCOGER;2020;020001061;CH CHÂTEAU-THIERRY;020004404;1;;;;0.2;1;21;;891;0;7335;;;;;;;0;0;0;0;9;9;;;2;;;;;;9;9;;;2
MCOGER;2020;020001087;CH HIRSON;020004495;0;;;;;1;14;1;691;27;6938;2;0;4;0;4.68;0;0;0;1;0;18;22;0;0;9;6;4;;;1;21.88;25.8;;;9.19
MCOGER;2020;030000061;CH DE MOULINS;030780092;1;489;0;445;3.34;1;20;0;516;32;8198;3;1;0;0;2.74;1;0;0;0;0;9;14;;;2;5;1;;;3;13.44;15.68;;;1.95
MCOGER;2020;030000079;CH DE MONTLUCON;030780100;1;61;;61;0.6;1;30;;832;0;9968;2;2;;;2.63;2.63;0;0;1;1;7;6;;;8;;3;;;;10.34;12.48;;;6.15
MCOGER;2020;030000087;CH JACQUES LACARIN VICHY;030780118;1;726;8;572;2.75;1;27;2;631;61;10199;3;2;;;2.23;1.23;0;0;0;0;10;11;0;0;5;3;3;0;0;4;12.07;14.25;0;0;6.9
MCOGER;2020;040000911;CENTRE HOSPITALIER DE DIGNE LES BAINS;040788879;1;164;655;491;2.1;1;24;2;730;23;7346;1;1;12;12;3.1;3.1;1;1;0;0;;;;;;30;20;;;9;8.29;5.85;;;2.32
MCOGER;2020;050000256;CENTRE HOSPITALIER D'EMBRUN;050000124;1;221;109;111;1.49;1;12;0;207;0;2484;1;1;1;1;2.19;2.19;0;0;0;0;3;3;0;0;0;2;5;0;0;4;4.83;5.21;0;0;3.37
MCOGER;2020;050000348;CHI DES ALPES DU SUD SITE DE GAP;050002948;1;1059;97;768;;1;30;0;956;0;11016;1;1;6;6;4.43;4.03;;;;;12;4;0;0;7;12;9;1;0;12;18.89;10.99;0.5;0.04;13.23
MCOGER;2020;060000478;CENTRE HOSPITALIER DE GRASSE;060780897;1;457;136;446;2.3;1;24;;960;0;9193;2;1;4;4;3.29;2.29;0;;0;;15;17;0;0;1;1;2;0;0;3;13.85;17.2;0;0;1.86
MCOGER;2020;060000510;CH D'ANTIBES JUAN LES PINS;060780954;1;629;109;738;2.6;1;31;0;1027;0;10143;5;4;2;2;8.67;4.17;0;0;0;0;13;17;2;;10;1;2;;;;13.87;17.25;1.5;;7.85
MCOGER;2020;060000544;CH DE CANNES SIMONE VEIL;060780988;1;678;83;704;2.26;1;16;0;425;0;5846;1;0;2;1;2.7;0.9;0;0;0;0;1;3;;;1;8;13;;;8;5.7;11.13;;;3.62
MCOGER;2020;060001625;CENTRE JEAN CHANTON ROQUEBILLIERE;060006889;0;;;;;1;8;;139;;1327;;;1;;0.13;;0;0;0;0;5;2;;;2;;;;;3;3.8;1.73;;;3.97
MCOGER;2020;060002102;CH LA PALMOSA DE MENTON;060791761;1;59;;59;2.74;0;;;;;;;;;;;;;;;;;;;;;;;;;;;;;;
MCOGER;2020;060785003;CHU DE NICE HOPITAL PASTEUR;060785011;0;;;;;1;28;0;1151;0;9685;2;0;2;1;2.09;0.1;0;0;0;;85;102;;;463;17;11;;;89;86.01;106.81;;;454.19
MCOGER;2020;060788957;CHU DE NICE HOPITAL DE CIMIEZ;060785011;1;1476;252;1169;7;1;73;4;1906;432;16504;9;3;10;4;12.07;4.29;0;0;1;1;7;2;;;57;2;;;;17;8.14;1.96;;;58.69
MCOGER;2020;060789195;CHU DE NICE HOPITAL DE L'ARCHET;060785011;0;;;;;1;10;0;65;0;1050;1;;2;;1.07;;0;0;0;0;30;42;;;318;8;4;;;79;30.98;44.31;;;318.45
MCOGER;2020;070000013;CH DES VALS D'ARDECHE;070002878;1;196;30;226;0.6;1;28;0;693;0;7816;3;;1;;2.16;;;;;;4;1;;;1;;;;;1;2.47;1.11;;;0.79
MCOGER;2020;070000179;CH ARDECHE NORD;070780358;1;115;128;174;3.7;1;20;0;593;0;6330;34;3;5;1;23.98;2.66;0;0;0;0;8;13;0;0;81;18;16;0;0;56;24;27.82;0;0;103.72
MCOGER;2020;070000609;CH D'AUBENAS;070005566;1;463;31;550;4.91;1;30;;870;0;9110;2;1;2;;3.64;1;;;;;14;15;;;2;;4;;;2;10.72;15.18;;;3.15
MCOGER;2020;080000110;CENTRE HOSPITALIER DE SEDAN;080011174;0;;;;;1;30;1;576;34;7459;3;2;;;2.6;1.65;0;0;0;0;12;11;;;2;1;3;;1;3;12.39;12.85;;0.9;2.82
MCOGER;2020;080000425;CH CHARLEVILLE - HOPITAL MANCHESTER;080011174;1;250;113;321;3.59;1;29;3;585;370;9334;3;3;1;0;3.03;2.95;0;0;0;0;10;12;;;3;6;6;;;4;15.08;19.13;;;5.21
MCOGER;2020;090000175;CHIVAL SITE FOIX;090781774;1;209;177;331;3.01;1;18;0;599;0;7848;;;2;;1.6;;0;0;1;1;;;;;;14;11;;;;12.36;11.05;;;
MCOGER;2020;090000183;CH ARIEGE COUSERANS SITE ST LIZIER;090781816;1;;;;2.58;1;10;;310;0;3018;1;1;;;0.5;0.5;0;0;1;1;10;3;;;3;;;;;2;6.8;3;;;1.45
MCOGER;2020;090001629;CHIVAL SITE LAVELANET;090781774;0;;;;;1;15;0;490;0;5677;1;1;2;;2.59;1;0;0;1;1;7;12;;;;2;;;;2;10.51;13.32;0.07;;2.3
MCOGER;2020;100000090;CENTRE HOSPITALIER DE TROYES;100000017;1;771;0;250;1.95;1;30;;967;0;11976;0;0;8;8;4.41;4.41;0;0;0;0;7;14;0;0;2;3;3;1;0;2;10.58;16.31;0.4;0;2.76
MCOGER;2020;100000199;CENTRE HOSPITALIER DE ROMILLY/SEINE;100006279;0;;;;;1;19;;329;0;3224;3;;;;3;;;;;;8;11;;;;1;1;;;;9.79;14.58;;;0.65
MCOGER;2020;110000023;CH CARCASSONNE;110780061;1;2174;0;687;3.13;1;28;2;1215;210;9704;0;0;6;6;4.24;4.07;0;0;1;1;10;13;0;0;1;7;12;0;0;4;16.5;20.29;0;0;2.53
MCOGER;2020;110000056;CH NARBONNE HOTEL DIEU;110780137;1;518;736;845;2.7;1;25;0;884;0;8396;3;1;2;;1.46;0.5;0;0;1;1;11;18;;;3;2;;;;;10.6;15.65;;;1.5
MCOGER;2020;120000039;CH DE RODEZ HOPITAL JACQUES PUEL;120780044;1;804;1963;788;3.6;1;29;1;1167;82;9384;3;0;1;0;2.8;0;0;0;1;1;17;15;0;0;2;3;6;0;0;5;19.01;18.55;0.37;0;4.04
MCOGER;2020;120000054;CH VILLEFRANCHE SITE CHARTREUSE;120780069;1;357;0;343;1.8;1;20;0;607;0;5694;0;0;3;1;1.78;0.57;;;1;1;10;10;0;0;1;3;4;0;0;2;11.41;12.36;0.2;0;1.95
MCOGER;2020;120000070;CH PIERRE DELPECH DECAZEVILLE;120780085;0;;;;;1;11;0;224;0;2020;;;9;2;1.11;0.85;;;;;5;5;;;;1;1;;;1;5.84;5.84;;;0.88
MCOGER;2020;120000096;CHI ESPALION ST LAURENT D'OLT;120780101;1;190;47;181;1.7;0;;;;;;;;;;;;;;;;;;;;;;;;;;;;;;
MCOGER;2020;120004569;CH MILLAU;120004528;1;61;138;166;1.6;1;10;0;471;0;3954;2;1;;;1.2;1;0;;1;;9;8;1;;2;3;2;;;;4.65;4.26;0.46;;0.23
MCOGER;2020;120004668;CH EMILE BOREL ST AFFRIQUE;120004619;0;;;;;1;13;0;475;0;4766;;;3;;0.61;0.03;0;0;1;0;4;9;;;;3;1;;;2;6.35;9.8;;;0.58
MCOGER;2020;130000409;CHI SITE D'AIX EN PROVENCE;130041916;1;1129;148;1113;4.64;1;46;;1221;0;12825;2;0;2;1;2.92;0.2;0;0;1;1;19;23;;;10;5;7;;;6;16.65;17.75;;;9.59
MCOGER;2020;130000565;CENTRE HOSPITALIER GENERAL D'AUBAGNE;130781446;1;791;0;289;1.46;1;25;0;981;0;7651;1;1;1;1;1.36;1.01;0;0;0;0;13;13;;;2;5;2;;;2;15.42;14.91;;;2.64
MCOGER;2020;130001225;HOPITAL DU PAYS SALONNAIS;130782634;1;1101;0;746;3.8;1;20;0;850;0;7278;5;;;;3.47;;0;0;0;0;6;6;;;4;4;9;;;1;9.13;12.31;;;3.62
MCOGER;2020;130002827;CH JOSEPH IMBERT D'ARLES;130789274;1;999;0;700;2.91;1;28;;913;0;9603;0;0;3;0;1.8;0;;;;;11;13;0;0;1;5;9;0;0;9;10.57;14;0;0;4.3
MCOGER;2020;130002835;CH DE MARTIGUES HOPITAL DES RAYETTES;130789316;1;346;21;310;2.69;1;16;0;597;0;5149;;;2;1;1.03;0.94;0;0;1;1;;;;;;24;22;;;12;7.1;5.99;;;3.07
MCOGER;2020;130043664;HOPITAL EUROPEEN;130002157;1;760;;661;4.1;0;;;;;;;;;;;;;;;;;;;;;;;;;;;;;;
MCOGER;2020;130780521;APHM HOPITAL NORD;130786049;1;501;0;406;1.25;1;30;2;686;177;6747;;;6;;2.3;;;;;;16;13;;;5;;1;;;2;14.58;13.24;;;3.78
MCOGER;2020;130781255;HOSPITALITE SAINT THOMAS DE VILLENEUVE;220020739;0;;;;;1;30;8;517;293;6754;3;1;2;1;3.22;1.5;0;0;1;1;6;8;0;0;4;2;0;;;8;8.38;8.32;0;0;8.09
MCOGER;2020;130783293;APHM HOPITAL LA TIMONE;130786049;1;1969;8;1868;4.85;0;;;;;;;;;;;;;;;;;;;;;;;;;;;;;;
MCOGER;2020;130784234;APHM HOPITAUX SUD SAINTE MARGUERITE;130786049;0;;;;;1;25;8;492;389;6727;9;;14;;13.44;;;;;;18;12;;;6;5;4;;;3;20.04;15.08;;;11.16
MCOGER;2020;130785652;HOPITAL SAINT JOSEPH;130014228;1;2089;0;1873;5;1;0;3;0;370;0;3;;1;;3.07;;0;0;0;0;2;;;;1;;;;;1;2.05;;;;1.33
MCOGER;2020;130786742;HIA LAVERAN;750821092;1;782;10;580;;0;;;;;;;;;;;;;;;;;;;;;;;;;;;;;;
MCOGER;2020;130809015;CENTRE GERONTOLOGIQUE DEPARTEMENTAL;130001928;0;;;;;1;43;5;859;606;12021;;;5;3;4.5;1.5;1;1;1;1;13;17;;;12;;;;;9;13;17;;;16.8
MCOGER;2020;140000027;CENTRE HOSPITALIER DE LISIEUX;140000035;1;414;0;414;4;1;25;1;880;113;7476;3;3;2;0;4.22;3.62;0;0;0;0;10;12;;;5;7;6;;;2;14.02;17.14;;;5.08
MCOGER;2020;140000209;CHU COTE DE NACRE - CAEN;140000100;1;648;12;640;5.03;1;30;1;769;373;10579;8;8;;;4.7;4.7;0;0;0;0;11;15;;;7;9;5;;;4;15.6;18.24;;;9.77
MCOGER;2020;140000233;CENTRE HOSPITALIER DE FALAISE;140000118;0;;;;;1;20;0;474;0;5951;;;3;;1.82;;;;;;4;3;;;;16;21;;;26;10.87;11.64;;;4.71
MCOGER;2020;140000373;CENTRE HOSPITALIER DE VIRE;140000159;0;;;;;1;10;0;511;0;5752;3;;1;1;2.31;0.2;0;0;0;0;8;12;;;2;3;2;;;7;10.24;12.8;;;4.02
MCOGER;2020;140002452;CLINIQUE DE LA MISERICORDE - CAEN;140025800;0;;;;;1;;5;0;1557;0;4;1;3;;4.59;1;0;0;1;0;14;19;;;7;12;10;;;6;24.23;27.98;;;12.7
MCOGER;2020;140026410;CH COTE FLEURIE - SITE DE CRICQUEBOEUF;140026279;0;;;;;1;28;;814;0;8625;5;;;;5;;0;0;1;0;7;10;;;6;8;12;;;7;11.57;14.86;;;8.75
MCOGER;2020;150000032;CH DE SAINT-FLOUR;150780088;0;;;;;1;16;0;371;0;4483;2;2;0;0;1;1;0;0;1;1;4;8;;;5;2;3;;;1;5.8;10.5;;;5.02
MCOGER;2020;150000040;CH HENRI MONDOR;150780096;1;81;21;668;0.2;1;18;;532;0;6350;;;1;1;0.2;0.2;0;0;0;0;5;4;;;2;2;5;;;4;5.85;7.2;;;3.15
MCOGER;2020;160000253;CENTRE HOSPITALIER D'ANGOULEME;160000451;1;583;0;533;2.7;1;30;5;1102;207;10233;2;1;5;1;5.12;1.83;;;1;;13;16;0;0;6;3;6;1;0;5;15.09;17.88;0.25;0;6.33
MCOGER;2020;160000303;CH HOPITAUX SUD-CHARENTE - BARBEZIEUX;160006037;1;158;25;171;;1;21;;712;0;5627;2;1;;;2.05;1;0;0;0;0;2;;;;1;;2;;;2;2;1;;;1.4
MCOGER;2020;160000311;CENTRE HOSPITALIER CONFOLENS;160000485;1;289;129;332;2.98;0;;;;;;;;;;;;;;;;;;;;;;;;;;;;;;
MCOGER;2020;160015368;CHI DU PAYS DE COGNAC;160014411;1;387;131;518;2.2;1;21;;617;0;7387;8;;;;7.55;;;;;;3;5;;;36;2;;;;3;3.3;5;;;32.73
MCOGER;2020;170000038;CENTRE HOSPITALIER JONZAC;170780050;1;40;81;118;0.43;1;30;1;954;469;10540;3;2;1;1;2.75;2.4;0;0;1;0;12;13;;;2;4;5;;;1;15.73;17.15;;;1.41
MCOGER;2020;170000079;CTRE HOSPITALIER ST-PIERRE D'OLERON;170780142;0;;;;;1;11;1;60;12;1488;1;;;;0.6;;0;0;0;0;4;6;;;1;1;2;;;;4.85;7;;;1
MCOGER;2020;170000087;HOPITAL SAINT-LOUIS - LA ROCHELLE;170024194;1;563;;467;2.38;1;54;;1093;0;11550;7;7;0;0;7;7;0;0;1;1;1;;;;;26;35;;;13;26.32;33.27;;;8.01
MCOGER;2020;170000095;CENTRE HOSPITALIER ST-JEAN D'ANGELY;170780167;0;;;;;1;15;0;543;0;6981;1;1;;;1.57;0.9;0;0;1;1;15;21;1;;14;3;5;;;3;10.73;12.37;0.2;;7.41
MCOGER;2020;170000103;CTRE HOSP. DE SAINTONGE - SAINTES;170780175;1;417;0;375;2.66;1;16;0;1216;0;10313;0;0;0;0;0.6;0;0;0;1;1;25;31;;;24;5;8;;;7;3.31;4.12;;;0.99
MCOGER;2020;170000129;CENTRE HOSPITALIER ROYAN;170780191;0;;;;;1;30;;1125;0;9863;3;;;;3.08;;0;;1;;21;21;;;4;5;4;;;4;16.51;20.22;;;2.98
MCOGER;2020;170000152;CENTRE HOSPITALIER ROCHEFORT;170780225;1;1046;75;610;3.5;1;41;5;1372;582;14300;8;8;;;8;8;;;;;21;26;;;5;1;;2;;4;20.26;23.15;0.84;;4.16
MCOGER;2020;180000010;CH BOURGES - JACQUES COEUR;180000028;1;601;56;598;1.96;1;29;0;521;0;7219;2;2;2;2;2.92;2.92;0;0;1;1;9;11;;;1;1;2;;;1;12.89;14.6;;;2.45
MCOGER;2020;180000200;CH DE VIERZON;180000051;1;67;;599;0.92;0;;;;;;;;;;;;;;;;;;;;;;;;;;;;;;
MCOGER;2020;180000283;CH SAINT AMAND-MONTROND;180000069;0;;;;;1;46;0;1233;0;15934;4;3;;;3.41;3.06;0;0;1;0;13;19;;;10;6;6;1;;5;15.47;21.15;0.05;;12.28
MCOGER;2020;190000018;CENTRE HOSPITALIER DUBOIS BRIVE;190000042;1;2137;207;1986;11.5;1;43;0;1422;0;15064;5;5;1;1;4.2;4.2;0;0;1;1;26;19;;;13;1;3;;;5;23.09;19.74;;;15.89
MCOGER;2020;190000026;CENTRE HOSPITALIER COEUR DE CORREZE;190000059;1;562;108;579;4.52;1;21;;617;0;7888;5;5;2;2;3.22;3.22;0;0;1;1;9;9;;;1;2;3;;;1;10.32;10.84;;;2.02
MCOGER;2020;190000091;CENTRE HOSPITALIER D'USSEL;190000075;1;2;11;366;1.75;1;5;1;167;3;1897;0;0;1;1;0.35;0.35;;;;;1;4;0;0;1;0;0;1;0;3;1;3.41;0.26;0;1.65
MCOGER;2020;210986089;CTRE HOSPITALIER REG UNIVERSITAIRE DIJ;210780581;1;355;1198;997;2.75;1;60;10;1485;644;16255;6;2;4;2;8.39;3.1;0;0;0;0;19;24;0;0;17;12;19;0;0;12;25.38;33.14;0;0;23.53
MCOGER;2020;210987657;HOSPICES CIVILS DE BEAUNE;210012175;1;457;61;486;2.94;1;20;;542;0;6585;1;;1;1;2.45;0.23;0;0;0;0;9;9;;;4;2;1;;;2;10.61;9.72;;;4.84
MCOGER;2020;210987665;CH HCO SITE DE CHATILLON SUR SEINE;210012142;1;113;228;477;1;0;;;;;;;;;;;;;;;;;;;;;;;;;;;;;;
MCOGER;2020;210987673;CH HCO SITE DE MONTBARD;210012142;0;;;;;1;23;1;393;173;4624;2;1;;;2.13;0.15;0;0;0;0;10;7;0;;7;1;4;;;2;11.17;12.92;0.47;;7.16
MCOGER;2020;220000012;CENTRE HOSPITALIER YVES LE FOLL;220000020;1;1427;0;1097;2.04;1;40;0;1140;0;14044;4;1;6;4;7.57;2.4;0;0;1;1;20;28;1;;11;11;18;0;;5;22.11;26.76;0.13;;8.5
MCOGER;2020;220000095;CTRE HOSPITALIER DINAN;220000046;1;210;65;981;3.8;1;22;3;757;171;9815;3;;1;;3.4;;0;;0;;11;14;;;4;8;7;;;8;19.19;23.29;;;8.15
MCOGER;2020;220000343;CENTRE HOSPITALIER GUINGAMP;220000079;1;331;;;0.9;1;25;8;805;235;8510;3;;1;;2.05;;0;;1;;6;12;;;0;10;6;;;2;11.97;15.22;;;1.71
MCOGER;2020;220000368;CENTRE HOSPITALIER LANNION;220000103;1;496;0;462;2.85;1;28;0;825;0;7967;1;;2;2;3.01;1.4;0;;0;;10;9;;;2;6;11;1;;10;12.69;14.44;0.25;;5.9
MCOGER;2020;220000541;CENTRE HOSPITALIER PAIMPOL;220000152;1;422;5;357;1.7;1;25;;807;0;8558;1;1;2;2;1.75;1.75;0;0;1;1;9;10;;;3;6;9;;;6;12.65;14.59;;;4.46
MCOGER;2020;220001259;CENTRE HOSPITALIER TREGUIER;220005045;1;6;70;59;0.87;1;30;5;678;243;8621;;;4;;2.17;;;;;;8;8;;;2;7;6;5;;22;12.18;12.16;1.36;;11.99
MCOGER;2020;230000820;CENTRE HOSPITALIER GUERET;230780041;1;407;0;367;3.27;1;0;0;547;0;6154;;;;;2.14;1.59;0;0;0;0;;1;;;2;;;;;;7.49;9.29;;;2.56
MCOGER;2020;230004657;SITE CROIX BLANCHE;230780058;0;;;;;1;20;0;339;0;3923;1;;;;0.9;;0;;1;;9;13;;;5;1;3;;;0;8.61;15.33;;;5.66
MCOGER;2020;240000372;C.H DE BERGERAC;240000059;1;206;165;158;1.9;1;20;0;771;0;7330;0;0;3;2;2.21;2.07;;;;;12;10;0;0;4;6;3;0;0;3;15.52;13.04;0;0;4.92
MCOGER;2020;240000489;CENTRE HOSPITALIER DE PERIGUEUX;240000117;1;910;0;479;4.08;1;46;0;1028;0;13208;7;2;1;;7.25;2;0;0;1;;10;20;0;0;8;0;2;0;0;1;10.08;19.21;0;0;7.3
MCOGER;2020;240000505;CENTRE HOSPITALIER DE RIBERAC;240016055;0;;;;;1;25;;273;0;4184;1;;;;1;;0;;1;;7;8;;;;1;6;;;1;6.7;10.8;;;0.4
MCOGER;2020;240000687;CENTRE HOSPITALIER SARLAT;240000448;1;7;39;58;2;1;15;0;464;0;4046;0;;2;;0.93;;0;0;1;0;6;11;0;0;6;2;2;0;0;1;6.46;11.68;0;0;5.79
MCOGER;2020;250000700;CHI HC SITE RIVES DU DOUBS PONTARLIER;250000452;1;324;164;766;4.6;0;;;;;;;;;;;;;;;;;;;;;;;;;;;;;;
MCOGER;2020;250006954;CHRU JEAN MINJOZ;250000015;1;3631;0;1354;6.12;1;52;4;1117;235;14883;2;0;4;1;6.77;0.93;0;0;0;0;13;17;1;0;9;21;18;2;0;18;24.87;23.35;1.35;0;15.24
MCOGER;2020;260000013;CH DE VALENCE;260000021;1;322;60;382;4.75;1;30;2;1035;128;11312;6;1;1;1;2.94;0.74;0;0;1;1;8;6;1;;11;4;12;;;8;10.41;15.93;1;;5.83
MCOGER;2020;260000120;HOPITAUX DROME NORD - ROMANS-SUR-ISERE;260016910;1;279;184;463;1.5;1;12;1;406;7;4599;2;;2;;2.9;;0;0;1;;3;3;0;0;2;2;1;0;0;1;4.06;4.61;0;0;1.4
MCOGER;2020;260000138;CH PORTES PROVENCE MONTELIMAR;260000047;1;12;72;794;3.4;1;20;0;686;0;8309;0;0;3;2;2.31;1.59;0;0;1;1;12;13;0;0;3;8;2;0;0;2;16.06;13.71;0;0;4.84
MCOGER;2020;260000146;CH DE CREST;260000054;0;;;;;1;5;1;430;14;4740;0;;;;;;;;;;;;;;;;;;;;;;;;
MCOGER;2020;260000286;CH DE DIE;260000104;0;;;;;1;3;;172;0;1588;0;0;2;0;2.7;0;0;0;1;1;13;11;;0;4;3;2;1;0;4;7.02;5.78;0.35;0;3.59
MCOGER;2020;270000045;CH BERNAY;270000060;0;;;;;1;10;;175;1;3117;;;;;;;;;;;;;;;;;;;;;;;;;
MCOGER;2020;270000359;CH EVREUX CH EURE-SEINE;270023724;1;799;66;756;3.1;1;35;;956;0;10973;2;;3;3;4.52;0.6;0;;1;;10;18;;;3;16;12;;;3;18.28;20.61;;;5.23
MCOGER;2020;270000367;CH GISORS;270000086;0;;;;;1;10;0;331;0;2861;0;0;1;1;0.1;0.1;0;0;0;0;1;0;0;0;0;0;0;0;0;1;1;0;0;0;0.3
MCOGER;2020;270000391;CH LOUVIERS CHI ELBEUF;760024042;0;;;;;1;15;0;557;0;5158;3;3;;;2.85;2.85;0;0;0;0;13;12;;;31;8;20;;;6;13.18;20.54;;;9.7
MCOGER;2020;270000425;CH PONT-AUDEMER;270000102;0;;;;;1;5;;33;0;585;1;;1;;1;;;;;;;;;;;1;1;;;;1.56;1.2;;;
MCOGER;2020;270000458;CH VERNON CH EURE-SEINE;270023724;1;410;;354;1.35;1;22;;643;0;7740;;;1;1;0.25;0.25;0;0;1;1;10;13;;;1;2;5;;;;10.45;15.51;;;1
MCOGER;2020;280000043;CH CHARTRES - HÔTEL DIEU;280000134;0;;;;;1;0;2;0;148;0;0;0;0;0;0;0;0;0;0;0;1;;;;2;;;;;;0.81;;;;2.76
MCOGER;2020;280000084;CH DREUX;280000183;1;840;60;674;2.5;1;40;;1095;0;11629;8;1;1;;7.61;1;0;;1;;17;24;;;9;2;;;;2;16.93;23.95;;;10.13
MCOGER;2020;280000662;CH CHATEAUDUN;280500075;0;;;;;1;30;0;740;0;9015;2;;;;1.74;;0;;1;;7;11;;;2;;3;;;1;6.11;14.11;;;4.6
MCOGER;2020;280504267;CH CHARTRES LOUIS PASTEUR-LE COUDRAY;280000134;1;376;69;353;2.5;1;53;0;1135;0;19026;6;1;1;1;2.35;2.23;0;0;1;1;19;24;;;9;3;2;;;3;19.87;26;;;9.15
MCOGER;2020;290000025;CHIC QUIMPER;290020700;1;951;;580;2.8;1;24;6;669;683;8609;1;1;5;5;3.75;3.75;0;0;0;0;9;12;;;6;4;6;;;12;12.77;15.86;0;0;7.53
MCOGER;2020;290000033;C.H. DES PAYS DE MORLAIX;290021542;1;999;0;666;3;1;25;0;764;4;9019;2;0;3;0;1.55;0;0;0;0;0;9;13;;;3;6;3;;;7;13.82;15.64;;;6.92
MCOGER;2020;290000173;CH FERDINAND GRALL LANDERNEAU;290000041;0;;;;;1;14;;535;0;4175;3;3;1;0;2.06;1.67;0;0;0;0;;;;;;29;35;;;6;6.92;8.47;;;1.37
MCOGER;2020;290000181;CENTRE HOSPITALIER DOUARNENEZ;290000074;1;60;0;58;;1;26;8;913;106;8041;2;2;2;0;2.95;2;0;0;1;1;4;2;0;0;7;14;19;1;0;7;9.86;12.82;0.5;0;5.98
MCOGER;2020;290000256;CHRU BREST SITE HOPITAL DE CARHAIX;290000017;1;111;0;99;0.9;1;38;0;;;;4;1;3;3;4.03;2.36;;;1;;;;;;;;;;;;;;;;
MCOGER;2020;290000785;ETABLISSEMENT DE SOINS HOTEL DIEU;220020739;1;219;0;205;;1;28;0;940;0;9528;3;1;1;;4.05;1;0;0;1;0;9;10;;;4;4;4;;;1;11.36;12.77;;;4.2
MCOGER;2020;290000934;GHBS - HOPITAL LA VILLENEUVE;560005746;1;319;196;438;2;1;38;5;1017;685;13161;3;2;8;4;5.26;2.32;0;0;1;1;12;13;;;5;10;15;;;7;19.95;24.66;;;8.68
MCOGER;2020;290004324;CHRU BREST SITE HOPITAL CAVALE BLANCHE;290000017;1;1034;0;984;3.2;1;26;0;853;0;9816;4;4;2;2;2.78;2.78;0;0;0;0;6;11;0;0;4;5;7;0;0;0;11.88;14.78;0;0;2.97
MCOGER;2020;2A0000022;CH ND LA MISERICORDE;2A0000014;1;522;0;522;2.2;1;20;0;645;0;7017;3;;;;3;;0;;1;1;15;13;;;8;1;6;;;;14.84;13.29;;;7.53
MCOGER;2020;2B0000012;CENTRE HOSPITALIER DE BASTIA;2B0000020;1;747;;692;3.4;1;30;2;936;202;10560;6;2;6;3;9.31;4.85;0;0;0;0;29;36;2;0;19;7;8;0;0;9;30.36;37.38;2;0;21.78
MCOGER;2020;300000023;CH ALES CEVENNES;300780046;1;134;0;134;2.6;1;19;0;823;0;6983;3;;;;1.95;;0;;0;;5;0;;;2;14;34;1;;21;8.66;11.38;0.26;;4.42
MCOGER;2020;300000031;CH LOUIS PASTEUR;300780053;1;127;0;122;2.67;1;20;2;598;11;7093;4;2;0;0;2.1;2;0;0;1;0;1;1;1;0;2;0;1;;0;3;0.5;1.75;0.5;0;2.24
MCOGER;2020;300780137;NOUVELLE CL BONNEFON;920028396;0;;;;;1;23;0;248;0;1573;3;1;1;0;3.02;0.75;0;0;1;0;11;9;0;0;0;3;3;0;0;0;12.3;11;0;0;0
MCOGER;2020;300780152;NOUVEL HOPITAL PRIVE LES FRANCISCAINES;300017985;1;141;1;142;0.03;0;;;;;;;;;;;;;;;;;;;;;;;;;;;;;;
MCOGER;2020;300782117;CHU NIMES CAREMEAU;300780038;1;2411;341;1642;2.5;1;50;5;1593;978;23352;13;5;4;2;14.91;4.88;0;0;1;1;28;26;0;;12;1;4;2;;3;26.58;30.49;1.88;;14.17
MCOGER;2020;300788502;POLYCL GRAND SUD;300017985;1;285;0;285;;0;;;;;;;;;;;;;;;;;;;;;;;;;;;;;;
MCOGER;2020;310000310;CH COMMINGES PYRENEES SITE PLANCARD;310780671;1;407;7;396;1.7;1;24;;612;0;7533;3;2;3;3;2.94;2.61;;;1;1;10;15;;;3;3;2;;;4;12.6;15.24;;;4.94
MCOGER;2020;310013628;CH MURET;310786256;1;142;73;208;0.96;1;15;;433;0;4603;1;1;2;2;2.17;2.17;;;;;15;41;0;0;2;4;2;0;0;3;5.84;10.17;0;0;1.25
MCOGER;2020;310021571;CENTRE GERIATRIQUE DES MINIMES;310021563;0;;;;;1;14;0;517;0;4372;1;1;1;1;1.8;1.8;0;0;1;1;6;8;;;;1;;1;;4;5.66;7;0.25;;0.8
MCOGER;2020;310022298;HOPITAL GARONNE CHU TOULOUSE;310781406;1;1048;282;1330;5.8;1;18;4;520;172;6151;1;1;7;4;4.65;3.55;1;1;1;1;15;24;;;;4;4;2;;8;14.8;17.86;0.2;;2.42
MCOGER;2020;310026927;CL CAPIO LA CROIX DU SUD;310026794;1;234;;214;1.5;1;15;;549;0;4948;0;0;2;2;1.6;1.6;0;0;1;1;9;7;;;1;;2;;;1;5.8;6.9;;0;1.3
MCOGER;2020;310780283;CL DE L'UNION;310000112;1;318;0;284;1;0;;;;;;;;;;;;;;;;;;;;;;;;;;;;;;
MCOGER;2020;310781000;CL DES CEDRES;310788880;1;446;;435;1.5;1;24;0;987;0;7767;2;2;4;4;3.57;3.57;0;0;1;1;8;12;;;5;;;;;1;9.67;14.17;;;5.06
MCOGER;2020;310782347;INSTITUT CLAUDIUS REGAUD;310789136;1;2;139;135;0.2;0;;;;;;;;;;;;;;;;;;;;;;;;;;;;;;
MCOGER;2020;310783048;HOPITAL PURPAN CHU TLSE;310781406;1;585;643;1069;5.1;1;68;5;3184;2310;22510;7;2;13;9;14.82;6.51;1;;1;;60;64;;;7;4;4;;;4;60.17;60.41;;;7.88
MCOGER;2020;310783055;HOPITAL DE RANGUEIL CHU TOULOUSE;310781406;0;;;;;1;20;0;1352;0;5999;2;1;2;2;3.51;2.51;0;0;1;1;16;15;;;2;2;1;;;0;14.18;12.56;;;2
MCOGER;2020;310783063;HOPITAL LA GRAVE CHU TLSE;310781406;0;;;;;1;0;8;0;1980;0;2;2;25;18;7.77;4.43;;;;;2;5;;;1;4;1;;;8;5.34;6.17;;;5.16
MCOGER;2020;310786389;CL DES PYRENEES;310001433;0;;;;;1;8;;217;0;896;;;4;;0.11;;0;0;1;0;23;18;;;;2;10;;;;2.71;2.46;;;
MCOGER;2020;320000086;CH AUCH EN GASCOGNE;320780117;1;247;0;244;1.4;1;20;0;664;0;6943;2;2;1;1;2.3;2.3;0;0;0;0;0;0;0;0;1;12;18;0;0;0;7.99;12.62;0;0;1
MCOGER;2020;320000102;CH DE CONDOM;320780133;0;;;;;1;20;;643;0;6106;;;3;;1.73;;0;0;0;0;8;18;;;3;2;2;;;9;9.51;16.87;;;5.09
MCOGER;2020;330000340;MSP BORDEAUX BAGATELLE;330780552;0;;;;;1;25;;927;0;9608;1;1;2;2;2.71;2.71;0;0;1;1;13;16;;;2;1;3;;;3;15.03;16.7;;;3.33
MCOGER;2020;330000555;CENTRE HOSPITALIER D'ARCACHON;330781204;1;649;31;664;3.15;1;28;;843;0;9926;4;4;;;3.16;3.16;;;0;0;10;15;;;;1;3;;;;10.3;17.33;;;
MCOGER;2020;330000589;CH SUD GIRONDE - SITE LANGON;330027509;1;530;489;540;2.4;0;;;;;;;;;;;;;;;;;;;;;;;;;;;;;;
MCOGER;2020;330000597;CH SUD GIRONDE - SITE LA REOLE;330027509;0;;;;;1;12;0;309;26;3741;1;1;5;5;0.98;0.98;0;0;0;0;4;8;;;2;2;4;;;4;4.28;7.15;;;1.65
MCOGER;2020;330000605;CTRE HOSPIT.R.BOULIN-LIBOURNE;330781253;1;495;4;348;2.5;1;71;5;2027;203;18384;6;6;2;2;7.29;7.29;0;0;1;1;30;31;2;1;12;3;4;1;;7;32.19;36.34;2.68;1;15.6
MCOGER;2020;330000613;CENTRE HOSPITALIER STE FOY LA GRANDE;330781261;0;;;;;1;19;0;584;0;5576;;;2;1;1.57;1;0;0;1;1;;;;;;15;21;;;9;6.85;10.46;;;4.06
MCOGER;2020;330780354;POLYCLINIQUE BORDEAUX-CAUDERAN;330000225;0;;;;;1;37;;870;0;8803;2;;7;5;4.47;4.07;0;;1;;9;14;;;;6;7;1;;;13.31;17.74;0.2;;
MCOGER;2020;330780495;CLINIQUE MUTUALISTE DU MEDOC;330796392;0;;;;;1;12;4;77;24;755;;;1;;0.4;;;;;;9;6;;;2;;;;;;9;6;;;2
MCOGER;2020;330781337;HOPITAL XAVIER ARNOZAN - CHU;330781196;1;2894;1628;2390;17.2;1;60;4;931;548;17457;6;;6;;5.29;;0;0;1;1;53;62;0;0;33;29;16;0;0;8;32.99;33.6;0;0;16.79
MCOGER;2020;330781352;HOPITAL SAINT-ANDRE - CHU;330781196;0;;;;;1;15;0;402;0;4556;3;;2;;2.6;;0;0;0;0;11;19;0;0;9;1;1;0;0;2;10.88;13.34;0;0;2.99
MCOGER;2020;340000033;CH BEZIERS;340780055;1;697;;654;3.19;1;12;;465;0;3971;1;;3;;1.55;;;;1;1;4;3;;;2;3;3;;;7;5.99;4.43;;;3.22
MCOGER;2020;340000207;ICM;340780493;1;454;0;434;0.6;0;;;;;;;;;;;;;;;;;;;;;;;;;;;;;;
MCOGER;2020;340000223;HOPITAL ST CLAIR HBT SETE;340011295;1;416;0;401;2.8;1;14;;489;0;4682;1;0;1;1;1.5;0.5;;;;;7;5;;;1;4;2;;;5;8.87;5.7;;;3.05
MCOGER;2020;340008275;CENTRE ANTONIN BALMES CHU MONTPELLIER;340780477;1;982;0;893;9.3;1;42;7;1213;1071;15602;8;2;3;1;6.94;1.18;0;0;1;1;32;28;3;;8;2;3;1;;7;29.15;28.68;2.3;;7.97
MCOGER;2020;340015502;CL DU MILLENAIRE;340000512;0;;;;;1;39;0;315;0;2847;2;1;;;2;1;0;0;1;1;19;22;0;0;9;;;;;;12.4;14.18;0;0;6.4
MCOGER;2020;340022979;POLYCL ST ROCH;340000306;0;;;;;1;15;0;594;3;4891;2;2;;;2;2;0;0;1;1;4;5;;;1;1;1;;;1;4.82;4.97;;;1.5
MCOGER;2020;340780436;HOPITAL ST LOUP HBT AGDE;340011295;0;;;;;1;10;;273;0;3160;1;;1;1;1.45;0.45;;;;;2;1;;;1;9;11;;;6;5.52;5.26;;;2.21
MCOGER;2020;340781608;CL DU MAS DE ROCHET;340015171;0;;;;;1;20;;235;;4194;1;1;3;;1.05;0.24;;;;;7;11;;;;3;2;1;;3;6.04;6.78;0.5;;0.5
MCOGER;2020;350000147;CENTRE HOSPITALIER SAINT-MALO;350000022;1;692;55;745;2.1;1;52;0;1259;0;18219;;;6;6;4.57;4.57;0;0;0;0;14;20;1;;6;17;16;0;;16;25.94;32.3;1;;14.34
MCOGER;2020;350000154;C.H FOUGERES;350000030;1;666;0;561;2.5;1;30;;826;0;10967;3;1;;;2.47;0.65;0;0;1;1;7;14;;;5;6;6;;;;11.94;17.81;;;4.62
MCOGER;2020;350000162;CHIRC SITE REDON;350000048;1;440;212;345;2.16;1;30;1;779;47;10553;2;2;;;1.75;1.75;0;0;1;1;18;16;;;5;1;5;;;1;12.48;15.73;;;6.06
MCOGER;2020;350000741;CHRU RENNES SITE PONTCHAILLOU;350005179;1;1438;0;1229;4.5;1;30;5;550;406;10586;8;8;2;2;2.59;2.59;;;;;11;12;;;10;7;5;;;2;17.43;15.12;;;10.17
MCOGER;2020;350002192;POLYCLINIQUE ST LAURENT;220020739;1;705;0;705;2.3;1;20;2;269;207;3574;4;1;1;1;4.8;1.35;0;0;1;1;14;14;;;;8;4;;;5;21.85;17.83;0.2;;1.6
MCOGER;2020;350005021;POLE GERIATRIQUE RENNAIS;440042844;0;;;;;1;0;7;0;1222;0;7;4;11;5;12.26;7.5;1;1;0;0;27;26;0;0;5;25;36;0;0;19;29.56;39.91;0;0;12.74
MCOGER;2020;360000038;CH LA TOUR BLANCHE - ISSOUDUN;360000046;0;;;;;1;20;0;415;0;5768;1;1;1;1;1.59;1.59;;;;;10;11;;;4;3;;;;5;9.14;9.13;;;5.58
MCOGER;2020;360000137;CH CHATEAUROUX;360000053;1;359;0;359;0.9;1;16;0;461;0;5048;2;2;;;2;2;0;0;1;1;;;;;;23;19;;;11;2.83;3.44;;;2.34
MCOGER;2020;370000531;CH DU CHINONAIS;370000606;0;;;;;1;24;1;576;2;7271;1;1;3;1;1.3;1.15;0;0;0;0;12;15;0;0;4;2;4;2;0;6;9.49;11.15;0.59;0;3.95
MCOGER;2020;370000580;CHIC CHÂTEAU-RENAULT HÔP DR J.DELANEAU;370000564;0;;;;;1;25;;703;0;5572;2;;;;1.7;;0;;1;;7;16;;;5;5;1;;;3;11.01;16.63;;;5.61
MCOGER;2020;370000861;CHRU BRETONNEAU - TOURS;370000481;1;1137;555;1133;6.19;1;25;0;819;0;8063;6;2;1;;4.37;2;0;0;0;0;11;19;;;7;2;6;;;2;10.34;19.33;;;6.7
MCOGER;2020;370000879;CHIC - AMBOISE- HÔPITAL ROBERT DEBRÉ;370000564;0;;;;;1;28;2;964;150;8038;1;;;;1.63;;0;;1;;14;19;;;7;1;2;;;1;11.41;16.44;;;7.55
MCOGER;2020;370000903;CH PAUL MARTINAIS - LOCHES;370000614;0;;;;;1;10;3;231;52;2495;1;1;1;0;1.2;1;0;0;1;0;2;2;0;0;1;18;5;0;0;1;5.09;3.5;0;0;1.1
MCOGER;2020;370001158;CH SAINTE MAURE DE TOURAINE;370004327;0;;;;;1;14;;403;0;3638;;;2;1;0.2;0.1;0;0;1;1;6;3;;;;2;5;;;;7.94;6.28;;;
MCOGER;2020;380000034;CH PIERRE OUDOT BOURGOIN JALLIEU;380780049;1;285;97;;5.18;1;27;1;710;4;9706;1;1;5;4;3.47;2.87;;;;;5;7;0;0;1;4;4;0;0;2;8.62;9.63;0;0;2.38
MCOGER;2020;380000042;CH YVES TOURAINE;380780056;0;;;;;1;26;;728;0;7409;1;0;0;0;1.13;0;1;0;;;8;8;0;0;7;1;3;0;0;4;8.92;10.59;0;0;9.11
MCOGER;2020;380000067;HOPITAL NORD - CHU38;380780080;1;533;1449;929;5;1;24;6;1198;281;12722;9;3;8;3;10.44;1.28;1;1;1;1;19;21;;;20;8;7;;;8;26.05;22.18;0.78;;25.08
MCOGER;2020;380000174;CH LUCIEN HUSSEL DE VIENNE;380781435;1;;69;49;3.56;1;36;2;768;7;8613;0;;7;6;4.47;4.07;0;0;1;1;1;1;2;;1;42;41;1;;31;20.8;18.66;2.8;;15.71
MCOGER;2020;380000406;HOPITAL DE VOIRON;380780080;1;580;131;556;4;1;20;0;827;0;6237;4;4;2;1;4.35;4.2;0;0;0;0;11;10;;;2;4;1;1;;2;13.87;11.43;0.34;;2.96
MCOGER;2020;380012658;GROUPE HOSPIT. MUTUALISTE DE GRENOBLE;380012609;1;556;0;534;3.6;1;18;;677;0;6520;2;0;4;2;5.5;1.6;0;0;1;1;4;6;0;0;0;9;2;0;0;0;11.1;7.6;0;0;0
MCOGER;2020;380020388;MEDECINE POLYVALENTE COUBLEVIE;380780080;0;;;;;1;;1;0;14;0;;;;;;;;;;;;;;;;;;;;;0.17;;;;0.36
MCOGER;2020;380782722;HOPITAL SUD - CHU38;380780080;0;;;;;1;20;0;;;;;;4;;0.5;;0;;0;0;;;;;;;;;;;;;;;
MCOGER;2020;380785956;CLINIQUE DES CEDRES;380795211;0;;;;;1;20;;483;0;5199;2;2;1;1;2.8;2.8;0;0;1;1;9;5;;;;;;;;;9;5;;;0.5
MCOGER;2020;390000040;CH LONS;390780146;1;341;327;668;3.8;1;27;0;837;0;9858;1;1;3;3;2.5;2.5;0;0;0;0;11;11;3;;1;2;2;;;1;12.95;12.92;1.26;;2.51
MCOGER;2020;390000222;CH LOUIS PASTEUR DOLE;390780609;1;273;;237;2.75;1;24;0;796;0;7509;3;2;3;2;6.04;3.7;;;;;8;10;;;10;1;;;;1;8.72;9.78;;;10.15
MCOGER;2020;400000105;CENTRE HOSPITALIER DAX;400780193;1;604;47;647;5.57;1;32;;937;0;11343;3;3;3;1;3.22;2.71;0;0;1;1;8;14;0;0;4;8;7;0;0;7;15.58;16.87;0;0;7.27
MCOGER;2020;400000139;CHI MONT DE MARSAN ET PAYS DES SOURCES;400011177;1;332;0;310;3.32;1;30;1;985;98;10449;3;1;1;1;3.75;1.77;0;0;1;1;11;16;0;0;5;3;3;0;0;4;13.02;18.39;0;0;5.88
MCOGER;2020;400000147;CENTRE HOSPITALIER DE SAINT SEVER;400780268;0;;;;;1;15;;676;0;4137;;;2;2;1.3;1.3;;;;;4;9;;;3;1;;;1;;4.8;9;;0.25;1
MCOGER;2020;400000261;INSTITUT HÉLIO- MARIN LABENNE;400780458;0;;;;;1;0;1;0;91;0;0;;2;;0.4;;0;;0;;;;;;;1;;;;1;0.2;;;;0.2
MCOGER;2020;400787354;CH DE DAX - SITE DU LANOT;400780193;0;;;;;1;;2;0;178;0;;;3;3;0.77;0.77;0;0;1;1;1;0;0;0;1;1;0;0;0;3;1.25;0;0;0;2.33
MCOGER;2020;410000020;CH BLOIS SIMONE VEIL;410000087;1;690;0;658;2.3;1;30;0;664;0;9171;0;0;3;1;1.28;0.17;0;0;0;0;6;11;0;0;3;9;7;0;0;2;11.56;15.03;0;0;4.29
MCOGER;2020;410000038;CH VENDOME - MONTOIRE;410000095;0;;;;;1;15;;403;0;4579;0;0;2;2;0.67;0.67;;;;;3;7;0;0;0;2;5;0;0;4;4.42;9.8;0;0;2.69
MCOGER;2020;420000010;CH DE ROANNE;420780033;1;202;109;311;3.14;1;18;0;444;0;6687;8;4;3;2;2.72;2.2;0;0;0;0;8;8;;;5;3;3;;;3;10.75;10.71;;;6.92
MCOGER;2020;420000192;CLINIQUE MEDICALE LA BUISSONNIERE;750034589;0;;;;;1;20;5;1;366;0;;;11;;1.99;;;;;;;;;;;23;39;0;;;6.93;6.01;;;
MCOGER;2020;420000234;CH DE FIRMINY;420780652;1;145;174;226;4.3;1;21;6;728;89;7175;3;;2;;2.31;;;;;;6;7;;;7;5;7;;;3;7.79;12.26;;;8.77
MCOGER;2020;420000267;CH DU FOREZ SITE DE FEURS;420013831;1;158;115;258;4.35;1;14;2;380;169;4617;0;0;2;1;1.39;0.8;0;0;0;0;2;6;0;0;1;8;7;0;0;10;7.68;10.86;0;0;6.49
MCOGER;2020;420009599;CH DU GIER - SITE PINAY GERIATRIE;420002495;0;;;;;1;3;;125;0;2215;2;1;2;1;1.42;1.25;0;0;1;0;1;2;;;3;2;2;;;2;0.43;0.81;;;0.67
MCOGER;2020;420010050;CLINIQUE MUTUALISTE MFL SSAM;420787061;0;;;;;1;28;;514;0;6200;2;2;2;2;2.63;2.6;;;;;7;5;;;1;6;6;2;;4;9.51;8.25;0.14;;2.46
MCOGER;2020;420011413;HOPITAL PRIVE DE LA LOIRE;420011405;0;;;;;1;10;0;338;0;4494;1;1;4;2;2.94;1.54;;;;;15;13;;;;5;4;;;;19.53;15.46;;;
MCOGER;2020;420780637;CH DU GIER - MCO;420002495;1;;;;;1;26;0;866;0;7226;2;1;2;2;1.26;0.56;1;1;0;0;5;22;;;4;12;8;;;6;8.2;11.05;;;3.52
MCOGER;2020;420782567;HOPITAL DE LA CHARITE - CHU42;420784878;1;282;0;282;5.04;1;58;3;1603;111;17082;11;1;4;0;7.67;0.7;0;0;1;0;59;86;1;0;35;11;17;2;1;13;29.46;40.51;0.51;0.4;16.6
MCOGER;2020;420785354;HOPITAL NORD - CHU42;420784878;1;802;0;802;2.66;1;12;;361;0;3609;;;1;;0.26;;0;0;0;0;12;14;;;;2;2;;;;5.31;7;;;0.85
MCOGER;2020;430000117;CH EMILE ROUX LE PUY;430000018;1;323;0;323;0.8;1;32;1;1191;14;11248;0;0;3;3;1.9;1.9;0;0;1;1;10;15;0;0;0;9;7;0;0;8;17.66;19.98;0;0;3.73
MCOGER;2020;430000190;CH DE BRIOUDE;430000034;1;25;11;35;2.5;1;15;0;470;0;4809;2;1;;;2;1;;;;;7;8;;;10;2;4;;;4;7.29;9.64;0.13;;10.33
MCOGER;2020;440000016;CH DE SAINT NAZAIRE;440000057;1;1332;1067;2399;3.7;1;70;0;2094;0;26522;18;18;1;1;10.64;10.64;0;0;1;1;15;28;;;6;24;23;3;;10;31.23;43.22;1.6;;12.15
MCOGER;2020;440000396;CH ERDRE ET LOIRE;440053643;1;24;0;24;0.88;1;22;;552;0;6828;;;3;2;1.39;0.96;;;;;8;9;;;2;6;4;1;;3;12.24;12.51;0.06;;1.89
MCOGER;2020;440000453;CHU DE NANTES SITE HOPITAL BELLIER;440000289;0;;;;;1;36;5;1303;512;12585;3;;5;3;2.55;0.7;0;;1;;12;18;0;0;4;9;10;0;1;12;18.73;24.19;0;0.44;9.82
MCOGER;2020;440000503;CH CNP SITE CHATEAUBRIANT;440000313;1;102;;98;1.4;0;;;;;;;;;;;;;;;;;;;;;;;;;;;;;;
MCOGER;2020;440000560;CH LVO SITE DE MACHECOUL;850009010;0;;;;;1;22;3;666;357;7228;0;;4;;3.58;;0;;1;;6;3;;;1;4;12;;;11;9.47;13.3;;;6.26
MCOGER;2020;440017598;CHU DE NANTES SITE LAENNEC;440000289;1;2184;473;1775;5.98;1;60;;1740;0;18519;4;;3;;4.7;;1;;1;;35;35;0;0;15;10;14;0;1;1;35.08;37.29;0;0.47;11.54
MCOGER;2020;440029338;CLINIQUE JULES VERNE;440053411;1;57;323;255;;0;;;;;;;;;;;;;;;;;;;;;;;;;;;;;;
MCOGER;2020;450000047;CH DEZARNAULDS - GIEN;450000096;1;510;0;474;1.5;0;;;;;;;;;;;;;;;;;;;;;;;;;;;;;;
MCOGER;2020;450000062;CH AGGLOMERATION MONTARGOISE;450000104;1;258;;109;1.37;1;30;;1098;0;10774;1;1;2;2;3.09;3.09;1;1;0;0;8;9;;;10;2;4;;;2;8.64;10.76;;;11.92
MCOGER;2020;450000070;CH PITHIVIERS;450000112;0;;;;;1;14;;389;0;4201;2;2;;;1.79;1.79;;;;;;;;;;16;26;;;6;2.66;5.8;;;1.4
MCOGER;2020;450000120;CH LOUR PICOU - BEAUGENCY;450000138;0;;;;;1;12;;198;0;1915;1;;1;;0.55;;;;;;5;10;1;;2;1;;1;;3;2.9;5;0.27;;1.96
MCOGER;2020;450000260;CH SULLY-SUR-LOIRE;450000161;0;;;;;1;11;0;249;0;3899;;;1;;0.4;;;;1;;7;3;;;;2;1;1;;;8.41;3.26;0.8;;
MCOGER;2020;450002613;CHR ORLÉANS - HÔPITAL DE LA SOURCE;450000088;1;;;;4.46;1;30;6;843;8;13148;0;0;5;0;3.51;0.6;1;1;1;1;;;;;;;;;;;;;;;
MCOGER;2020;460000052;CH ST JACQUES ST CERE;460780091;0;;;;;1;29;;823;0;6764;2;;;;2.23;;;;1;;10;10;;;6;2;1;;;1;12.14;11.35;;;7.22
MCOGER;2020;460000102;CH JEAN COULON GOURDON;460780208;1;0;28;20;;1;7;2;407;120;4191;;;1;1;0.29;0.27;0;0;1;1;;;;;;13;20;;;8;2.61;4.52;;;1.29
MCOGER;2020;460000110;CH JEAN ROUGIER CAHORS;460780216;1;550;113;446;2.76;1;14;1;952;235;6388;2;2;1;0;2.5;2;0;0;1;1;7;12;0;0;5;2;2;0;0;5;8.07;12.68;0;0;7.59
MCOGER;2020;470000423;CH AGEN NERAC - HOPITAL SAINT-ESPRIT;470016171;0;;;;;1;27;;1047;0;9351;1;1;2;2;1.75;1.75;;;1;1;15;21;;;3;3;14;;;6;13.11;21.93;;;4.81
MCOGER;2020;470000431;CH VILLENEUVE -POLE SANTE VILLENEUVOIS;470000324;1;769;208;562;3.5;1;26;0;787;0;8877;3;;1;;3.42;;0;0;1;0;9;14;1;;1;4;2;;;2;9.7;15.58;0.2;;2.72
MCOGER;2020;470000480;CENTRE HOSPITALIER DE MARMANDE - CHIC;470001660;1;251;0;250;2.56;1;37;;1268;0;12705;2;;5;;3.83;;0;;1;;8;19;;;7;13;12;;;9;14.96;23.23;;;9.19
MCOGER;2020;480000017;HOPITAL LOZERE SITE VALLEE DU LOT;480780097;1;;0;213;1.53;1;13;2;498;12;4720;2;;;;1.21;;0;;1;1;10;15;;;6;;5;;;8;7.14;9.5;;;1.85
MCOGER;2020;480000074;CH LANGOGNE;480780162;0;;;;;1;23;0;19;0;313;;;3;;1.28;;0;0;0;0;7;5;;;15;3;6;1;;1;8.23;10.73;0.2;;15.87
MCOGER;2020;490000049;CHR ANGERS SITE LARREY;490000031;1;1780;415;2022;5.95;1;44;2;1532;230;14794;4;1;9;0;7.63;1;0;0;0;0;20;21;0;;12;9;12;2;;12;25.76;31.19;1.4;;17.76
MCOGER;2020;490000635;CH DE CHOLET;490000676;1;487;216;582;2.65;1;30;5;790;51;9584;3;2;7;2;5.2;2.8;0;0;0;0;8;11;;;2;10;9;1;;4;16.77;18.99;0.23;;3.08
MCOGER;2020;490001765;CH DE SAUMUR;490528452;1;553;19;517;2.2;1;34;1;1081;86;10874;4;4;2;2;3.74;3.74;0;0;1;1;11;11;;;6;3;2;;;1;11.48;11.78;;;6.01
MCOGER;2020;500000021;CHAG - SITE AVRANCHES;500000054;1;677;16;285;4;1;26;0;821;0;9304;1;1;2;2;2.06;2.06;0;0;0;0;10;8;;;5;3;7;;;4;10.19;14.31;;;6.51
MCOGER;2020;500000187;CHPC - SITE CHERBOURG;500000013;1;461;0;461;2.5;1;30;;788;0;10882;1;1;4;4;4.15;4.15;0;0;0;0;11;21;;;5;4;2;;;5;13.79;22.52;;;7.2
MCOGER;2020;500000260;CHAG - SITE GRANVILLE;500000054;1;1257;31;530;2.6;0;;;;;;;;;;;;;;;;;;;;;;;;;;;;;;
MCOGER;2020;500000450;CH MEMORIAL - SAINT-LO;500000112;1;753;9;386;1.9;0;;;;;;;;;;;;;;;;;;;;;;;;;;;;;;
MCOGER;2020;500000468;CHPC - SITE VALOGNES;500000013;0;;;;;1;3;;45;0;326;;0;1;1;0.19;0.07;;;;;1;1;;;;1;1;;;1;1.21;1.88;;;0.25
MCOGER;2020;500000591;CENTRE HOSPITALIER DE COUTANCES;500000393;0;;;;;1;39;0;907;0;13808;2;;;;2;;0;;0;;12;15;;;7;4;12;1;;4;13.29;24.22;0.7;;8.76
MCOGER;2020;510000235;CENTRE HOSPITALIER D'EPERNAY;510000060;0;;;;;1;26;;1049;0;8800;2;;4;;3;;0;;1;;10;12;;;2;3;7;;;5;12.91;13.96;;;3.22
MCOGER;2020;510000250;CENTRE HOSPITALIER VITRY LE FRANCOIS;510000078;1;125;20;;1;1;28;0;334;0;3417;1;1;;;1;1;;;;;4;5;;;;;;;;5;3;4.06;;;1.19
MCOGER;2020;510004302;HOPITAL MAISON BLANCHE CHU REIMS;510000029;1;701;41;429;2.38;1;36;5;1680;673;18659;10;5;2;2;8.35;6.4;0;0;0;0;24;19;0;0;19;3;7;0;0;3;24.44;24.12;0;0;16.25
MCOGER;2020;510012040;POLYCLINIQUE DES BLEUETS;510000532;0;;;;;1;23;1;443;165;5050;4;;;;4.21;;0;0;1;0;6;7;;;;;;;;;5.02;7.23;;;
MCOGER;2020;520000019;C H DE BOURBONNE-LES-BAINS;520780024;0;;;;;1;5;0;61;0;1130;0;;1;;0.2;;0;0;0;0;;2;;;0;;0;;;6;;2;;;2.33
MCOGER;2020;520000027;CENTRE HOSPITALIER DE CHAUMONT;520780032;1;;;;1.3;1;21;0;551;0;6718;2;2;1;1;2.8;2.8;0;0;1;1;8;12;0;0;1;5;2;0;0;2;9.54;12.54;0;0;2.46
MCOGER;2020;520000043;CENTRE HOSPITALIER DE LANGRES;520780057;1;105;57;162;1.9;0;;;;;;;;;;;;;;;;;;;;;;;;;;;;;;
MCOGER;2020;520000068;CH GENEVIEVE DE GAULLE ANTHONIOZ;520780073;1;396;83;422;2.9;1;27;0;939;0;10228;1;1;2;2;2.4;2.4;0;0;1;1;8;11;0;0;2;4;4;;;3;11.2;13.4;;;3.43
MCOGER;2020;530000017;CH HAUT ANJOU SITE CHATEAU GONTIER;530000025;1;624;16;525;;1;10;;323;0;3321;0;0;4;2;1.5;0.4;0;0;;;1;3;0;0;1;3;2;0;0;4;2.63;3.99;0;0;2.51
MCOGER;2020;530000173;CENTRE HOSPITALIER NORD MAYENNE;530000074;1;369;6;80;3.06;0;;;;;;;;;;;;;;;;;;;;;;;;;;;;;;
MCOGER;2020;530000264;CENTRE HOSPITALIER DE LAVAL;530000371;1;609;228;753;1.24;1;29;;1117;0;11160;2;2;1;1;2.4;2.4;0;0;0;0;7;8;;;2;12;12;;;;11.91;13.84;;;2.69
MCOGER;2020;540000023;CENTRE HOSPITALIER SAINT CHARLES TOUL;540000049;1;793;;622;1.45;1;17;0;412;0;6067;1;;1;1;2.12;1.12;0;0;1;0;2;5;;;;29;14;;;16;9.57;9.15;;;2.77
MCOGER;2020;540000395;LES MAISONS HOSPITALIERES SITE NANCY;540000122;0;;;;;1;20;5;347;224;5511;;;5;1;1.81;0.9;1;0;1;0;7;10;;;;;;;;1;7;9.9;;;0.1
MCOGER;2020;540001070;CH DE BRIEY - HOPITAL MAILLOT;540000767;1;179;21;176;0.2;1;48;;799;0;11648;1;1;3;3;3.09;3.09;0;0;1;1;3;4;;;1;20;26;;;12;17.22;20.29;;;7.4
MCOGER;2020;540001096;CH DE MT ST MARTIN (GROUPE SOS SANTE);570010181;0;;;;;1;30;0;439;0;6586;;;;;;;0;0;1;1;;;;;;;;;;;;;;;
MCOGER;2020;540002698;CHRU NANCY - HOPITAUX DE BRABOIS;540023264;1;2573;43;2053;6.57;1;62;5;1180;839;18916;13;9;2;1;10.65;5.52;0;0;1;1;35;30;;;28;6;8;;;12;41.43;33.91;;;32.69
MCOGER;2020;550000012;CH VERDUN/ST MIHIEL-HOP ST NICOLAS;550006795;1;313;0;310;0.53;1;20;0;591;0;5859;2;2;;;2;2;0;;1;;8;10;;;2;1;;;;;7.69;8.29;;;1.96
MCOGER;2020;550000434;CENTRE HOSPITALIER DE BAR-LE-DUC;550003354;1;271;0;;1.53;1;18;1;542;53;6380;;;1;1;0.14;0.14;0;0;1;1;15;14;;;2;2;;;;3;17.07;12.09;;;3.05
MCOGER;2020;560000127;CHBA SITE DE VANNES;560023210;1;2047;165;1722;1.84;1;40;0;1140;0;13787;6;;0;;5.21;;0;;1;;23;38;;;0;12;2;;;2;19.27;23.21;;;1.01
MCOGER;2020;560000135;GHBS- HÔPITAL DU SCORFF;560005746;1;780;788;1343;2.85;1;52;0;1366;0;19358;1;;7;3;6.46;2.93;0;0;1;1;25;20;;;2;13;14;;;;32.2;28.72;;;2.61
MCOGER;2020;560000143;CHCB- SITE KÉRIO;560014748;1;730;18;669;1.52;1;29;1;921;8;10266;3;3;1;;0.37;0.27;0;;1;;10;11;;;;2;5;;;3;10.66;14.87;;;2.34
MCOGER;2020;560000184;CLINIQUE DES AUGUSTINES;560006017;0;;;;;1;26;5;669;519;8195;2;2;1;1;2.4;2.4;1;1;1;1;8;7;;;3;14;11;1;;11;19.08;13.9;0.11;;7.69
MCOGER;2020;560000192;CENTRE HOSPITALIER DE PLOERMEL;560000044;1;190;0;173;2.15;0;;;;;;;;;;;;;;;;;;;;;;;;;;;;;;
MCOGER;2020;560000275;GHBS - HOPITAL DE KERLIVIO;560005746;0;;;;;1;;10;0;601;0;1;;6;3;1.88;0.64;;;;;;;;;;2;2;;;3;1.5;0.51;;;2.11
MCOGER;2020;560000465;GHBS - HOPITAL LE FAOUET;560005746;0;;;;;1;15;0;182;0;3889;;;4;1;1.19;0.4;0;0;0;0;;;;;;;2;;;;4.65;7.96;;;2.21
MCOGER;2020;560015422;GHBS - HOPITAL PORT LOUIS - RIANTEC;560005746;0;;;;;1;10;0;174;0;3160;1;;2;;0.79;;0;;0;;3;;;;;1;5;;;;3.78;6.6;;;0.82
MCOGER;2020;570000059;CH MARIE-MADELEINE DE FORBACH;570025254;1;287;0;265;1.2;1;6;;180;0;1765;2;2;;;0.55;0.55;1;1;0;0;2;5;1;0;5;0;0;0;0;2;1.53;3.4;0.01;0;1.48
MCOGER;2020;570000117;CH SAINT-NICOLAS DE SARREBOURG;570015099;1;337;0;324;2.2;1;8;;293;0;2389;;;2;1;1;0.5;;;1;1;1;;0;0;;;;;;1;1;;;;0.3
MCOGER;2020;570000166;CTRE DE GERIATRIE FORBACH - SOS SANTE;570010181;0;;;;;1;;5;0;504;0;;;1;1;0.46;0.46;0;0;0;0;;;;;;1;;;;3;0.43;0.12;0.01;;0.62
MCOGER;2020;570000216;HOPITAL DE SAINT AVOLD - SOS SANTE;570010181;0;;;;;1;30;5;778;69;10497;2;2;2;2;5.08;3.67;0;0;1;1;14;13;1;;2;1;3;;;9;16.69;16.38;0.46;;5.3
MCOGER;2020;570000349;HOPITAL BEL AIR DE THIONVILLE - CHR;570005165;1;23;;20;2;1;38;3;1223;136;13171;3;3;5;5;2.59;2.59;0;0;1;1;15;15;;;4;2;4;;;;14.9;16.89;;;2.15
MCOGER;2020;570000687;CH LEMIRE DE SAINT-AVOLD;570025254;0;;;;;1;20;5;552;511;6134;3;3;2;2;2.72;2.72;1;1;0;0;7;9;4;0;15;2;1;5;0;7;10.34;9.74;1.13;0;13.91
MCOGER;2020;570003079;CENTRE DE GERIATRIE LE KEM - SOS SANTE;570010181;0;;;;;1;46;0;971;0;9852;3;2;1;;3.9;2;0;0;1;1;12;9;;;13;4;4;;;3;14.3;11.75;;;14.5
MCOGER;2020;570005215;CENTRE FELIX MARECHAL DE METZ - CHR;570005165;0;;;;;1;0;5;0;270;0;1;1;1;1;0.48;0.48;0;0;1;1;;;;;1;;;;;;;;;;0.2
MCOGER;2020;570026682;HOPITAL DE MERCY - CHR METZ THIONVILLE;570005165;1;513;0;203;1.6;1;44;0;1650;0;15137;4;4;0;0;2.62;2.62;0;0;1;1;20;38;;;6;2;9;;;2;20.04;40.25;;;4.5
MCOGER;2020;580004836;CENTRE COLBERT MEDECINE ET SSR;580780039;1;271;1020;708;4.54;1;23;7;500;133;5674;1;1;2;2;3.32;3.32;0;0;1;1;8;9;;;2;6;2;2;;9;12.5;11.24;0.75;;6.51
MCOGER;2020;580972677;CH COSNE COURS SUR LOIRE;580780088;0;;;;;1;3;0;19;0;196;0;0;0;0;0;0;0;0;0;0;0;0;0;0;0;0;0;0;0;0;0;0;0;0;0
MCOGER;2020;580972685;CH DECIZE;580780096;0;;;;;1;11;;314;0;3610;1;;;;0.53;;0;;0;;3;6;;;;19;13;;;3;3.94;6.31;;;1.24
MCOGER;2020;590000014;CH SOMAIN;590780052;0;;;;;1;20;0;424;0;4813;3;2;0;0;1.54;1.54;1;1;0;0;6;9;0;0;4;2;0;0;0;1;8;8.8;0;0;3.17
MCOGER;2020;590000121;CH SECLIN;590780227;1;403;9;375;2.4;1;32;0;1173;134;11321;3;3;2;2;5.35;5.35;0;0;0;0;23;24;;;3;2;2;;;1;25.72;25.05;;;4.43
MCOGER;2020;590000337;CH DUNKERQUE;590781415;1;1005;43;828;2.8;1;25;2;966;194;7312;2;;1;1;1.75;0.6;0;0;1;1;9;12;;;5;7;1;;;4;15.52;13.42;;;7.52
MCOGER;2020;590000428;CH CAMBRAI;590781605;1;;;;;1;24;0;672;0;8247;2;2;4;4;4.3;4.3;0;0;1;1;15;15;;;1;1;0;;;1;14.34;14.42;;;0.68
MCOGER;2020;590000436;CH LE CATEAU;590781621;0;;;;;1;20;0;658;0;5800;2;1;2;1;2.95;2.95;;;;;7;10;0;0;0;0;1;0;0;9;7.82;10.17;0;0;1.04
MCOGER;2020;590000469;CH FOURMIES;590781662;0;;;;;1;30;0;996;0;9078;3;2;2;0;3.91;2;;;;;13;17;0;0;0;1;1;0;0;1;12.91;15.31;0;0;0.77
MCOGER;2020;590000477;CH LE QUESNOY;590781670;1;152;;151;0.2;1;14;3;;;;;;4;2;1.7;0.5;;;;;8;7;;;;3;4;;;;6.6;6.2;0.05;;
MCOGER;2020;590000527;CH AVESNES;590781795;1;;;;;1;28;5;1041;84;13789;2;2;1;1;1.67;1.67;;;;;15;9;0;0;1;3;1;1;0;5;13.47;9.28;0.16;0;4.08
MCOGER;2020;590000535;CH SAMBRE AVESNOIS MAUBEUGE;590781803;1;;;;0.7;1;20;0;611;1;6917;3;1;6;6;4.11;2.7;0;0;1;1;13;14;0;0;1;0;0;0;0;1;11.35;13.25;0.24;0;2.42
MCOGER;2020;590000592;CH DENAIN;590782165;1;158;;;2;1;35;;821;5;9611;3;2;1;1;3.4;2.4;0;0;;;17;23;;;9;1;1;;;2;17.17;20.32;;;9.06
MCOGER;2020;590000600;CH SAINT- AMAND LES EAUX;590782207;0;;;;;1;29;;684;0;6629;2;1;0;0;2;1;1;1;0;0;11;10;0;0;5;2;6;0;0;2;11.71;12.57;0;0;2.79
MCOGER;2020;590000618;CH VALENCIENNES;590782215;1;1653;;1494;3.16;1;35;0;1794;189;14490;14;7;0;0;9.85;4;1;1;0;0;29;26;3;1;23;11;15;0;0;4;36.67;34.23;1.62;0.5;15.04
MCOGER;2020;590000758;CH ARMENTIERES;590782637;1;17;0;17;3.92;1;29;1;690;27;8345;2;1;1;1;2.23;1.19;0;0;1;1;8;13;;;3;6;2;;;2;10.39;13.3;;;2.4
MCOGER;2020;590000766;CH BAILLEUL;590782645;0;;;;;1;19;4;463;0;5562;3;2;;;2.35;1.35;0;0;0;0;10;8;;;7;1;3;;;7;10.88;10.35;;;8.1
MCOGER;2020;590001004;CH DOUAI DECHY;590783239;1;;;;;1;35;;1336;0;9894;4;1;1;;5.5;1.5;0;0;1;1;12;20;;;5;;;;;;12.85;19.26;;;6.8
MCOGER;2020;590001749;POLYCLINIQUE DE GRANDE SYNTHE;590788956;0;;;;;1;25;;658;0;7629;2;2;2;1;3.66;2.9;;;;;5;5;;;2;3;3;1;1;3;6.7;7.8;0.2;0.2;4.38
MCOGER;2020;590780284;GPT HOPITAUX INSTITUT CATHOLIQUE LILLE;590051801;1;;;;;1;20;;;;;6;6;;;4.95;4.95;0;0;0;0;9;9;;;;8;32;;;;9.63;10.35;;;
MCOGER;2020;590787586;HOP CARDIOLOGIQUE CHR LILLE;590780193;0;;;;;1;60;;1547;0;17166;7;;1;;5.83;;;;;;40;35;0;0;14;6;12;0;0;6;36.18;33.26;0;0;11.63
MCOGER;2020;590791091;CSPA LES BATELIERS CHRU LILLE;590780193;1;1216;306;1129;3.2;1;;3;0;355;0;2;;1;;0.98;;;;;;3;3;0;0;1;2;5;1;0;5;3.82;6.13;0.6;0;3.7
MCOGER;2020;590797353;HOPITAL SAINT VINCENT - SAINT ANTOINE;590051801;0;;;;;1;16;1;889;62;7514;2;;1;;2.18;;;;;;3;4;;;;13;21;;;;6.9;6.44;;;
MCOGER;2020;590801106;HOPITAL VICTOR PROVO;590782421;1;789;80;776;6.4;1;40;0;1607;0;18480;6;6;1;1;5.22;5.22;0;0;1;1;24;30;0;0;8;13;3;0;0;3;31.46;32.25;0;0;10.47
MCOGER;2020;590804696;HOPITAL GUY CHATILIEZ CH TOURCOING;590781902;1;683;39;683;3;1;22;2;921;225;7370;5;3;;;5;3;0;0;1;1;10;11;;;2;6;3;;;6;14.36;12.89;;;4.47
MCOGER;2020;590815056;CLINIQUE DE FLANDRE;590005492;0;;;;;1;;4;0;79;0;2;1;;;2;1;0;0;1;1;7;1;;;;;8;;;2;6.52;4.4;;;1
MCOGER;2020;590817458;CLINIQUE DE LA VICTOIRE;590053955;0;;;;;1;30;;318;;4249;2;2;3;1;3;2;0;0;0;0;17;11;;;;;;;;;17;11;;;
MCOGER;2020;590817839;CLINIQUE DU VAL DE LYS;590053955;0;;;;;1;10;5;30;5;316;;;8;5;1.9;1.9;0;0;1;1;29;34;;;;3;1;;;;31;34.2;;;
MCOGER;2020;600000053;CH GHPSO SENLIS;600101984;1;341;202;393;1.91;1;30;2;641;263;10260;2;2;9;9;5.89;5.89;0;0;0;0;7;16;;;7;13;26;;;24;13.6;20.25;;;14.39
MCOGER;2020;600000194;CH BEAUVAIS;600100713;1;401;81;421;1.8;1;27;4;1012;203;8976;4;4;5;5;6.45;6.45;;;;;16;13;0;0;4;1;1;0;0;3;13.67;11.68;0;0;5.78
MCOGER;2020;600000285;CH CHICN NOYON;600100721;0;;;;;1;45;0;125;0;950;0;0;6;1;3.8;0.8;;;;;11;20;0;0;0;8;4;0;0;2;15.85;24.61;0;0;1.93
MCOGER;2020;600000467;CH GHPSO CREIL;600101984;1;;;;;0;;;;;;;;;;;;;;;;;;;;;;;;;;;;;;
MCOGER;2020;600100101;CH AP-HP LIANCOURT;750712184;0;;;;;1;29;;754;0;9177;4;;1;1;4.2;0.95;1;1;1;1;17;20;;;4;1;1;;;2;17.85;21.21;;;6.15
MCOGER;2020;600113476;CH CHICN COMPIÈGNE;600100721;1;419;;376;1;1;22;0;596;0;5805;3;3;1;1;3.03;3.03;;;;;8;10;0;0;1;2;2;0;0;2;9.23;9.39;0;0;1.9
MCOGER;2020;610000044;CENTRE HOSPITALIER DE L'AIGLE;610780074;0;;;;;1;20;;987;0;12084;0;0;6;2;2.39;1;0;0;1;1;3;7;0;0;1;7;3;1;0;8;9.55;9.85;0.29;0;6.01
MCOGER;2020;610000051;CHICAM - SITE ALENCON;610780082;1;260;18;328;3.63;0;;;;;;;;;;;;;;;;;;;;;;;;;;;;;;
MCOGER;2020;610000069;CENTRE HOSPITALIER D'ARGENTAN;610780090;0;;;;;1;25;;602;0;8612;;;;;1.68;;0;0;1;0;10;14;;;2;5;4;;;1;12.27;16.32;;;2.91
MCOGER;2020;610000119;CH -JACQUES MONOD- - FLERS;610780165;1;1816;327;465;5.2;0;;;;;;;;;;;;;;;;;;;;;;;;;;;;;;
MCOGER;2020;610780116;CHIC DES ANDAINES - LA FERTE MACE;610790594;0;;;;;1;15;;378;0;3308;;;2;;2.09;;0;;0;;;;;;;;;;;;;;;;
MCOGER;2020;620000034;CH ARRAS;620100057;1;857;0;650;8.2;1;48;4;1780;0;15999;4;;0;;4.29;;0;;0;;16;23;1;;4;1;;;;1;23.7;27.37;1;;5.64
MCOGER;2020;620000224;CH BETHUNE;620100651;1;560;176;421;3;0;;;;;;;;;;;;;;;;;;;;;;;;;;;;;;
MCOGER;2020;620000240;CH HENIN BEAUMONT;620100677;0;;;;;1;24;;389;0;5831;2;2;;;2.59;2.59;1;1;0;0;9;15;;;5;2;1;;;4;10.02;14.18;;;5.86
MCOGER;2020;620000257;CH LENS;620100685;1;1501;0;1220;4.05;1;20;3;735;339;7055;1;1;4;3;4;2.6;1;1;1;1;18;15;0;0;5;1;0;1;0;2;16.41;13.36;0.4;0;4.35
MCOGER;2020;620000323;CH CALAIS;620101337;1;877;0;662;1.99;1;35;1;911;5;11281;;;4;;4.31;;;;;;8;18;;;5;7;6;;;;12.63;20.86;;;3.77
MCOGER;2020;620000349;CH REGION DE ST OMER;620101360;1;522;0;496;2;1;21;0;678;0;6718;3;2;;;2.92;1.93;0;0;0;0;12;11;;;3;3;4;;;0;13.41;11.94;;;3.59
MCOGER;2020;620000653;CH BOULOGNE-SUR-MER;620103440;1;522;71;544;4.4;1;30;1;1035;76;8875;4;3;2;0;5.56;3;;;;;22;16;;;3;3;4;;;3;20.57;15.37;;;5.45
MCOGER;2020;620003202;CH ARRONDISSEMENT DE MONTREUIL;620103432;0;;;;;1;24;3;792;12;9048;4;3;;;2.45;2.28;0;0;1;1;8;11;;;;6;6;;;3;12.37;15.18;;;1.29
MCOGER;2020;620003350;HOPITAL DE RIAUMONT;620001834;1;185;;177;;1;80;0;2029;0;22348;4;4;3;3;6.19;6.08;0;;1;;35;42;2;0;19;4;5;0;0;6;36.37;44.69;1.08;0;19.31
MCOGER;2020;620003376;POLYCLINIQUE MED CHIR D'HENIN-BEAUMONT;620001834;1;;;;0.3;0;;;;;;;;;;;;;;;;;;;;;;;;;;;;;;
MCOGER;2020;620025346;POLYCLINIQUE DE LA -CLARENCE-;620001834;0;;;;;1;24;0;963;0;8266;1;;3;;2.41;;;;;;14;23;;;;3;2;1;;5;12.32;10.5;0.5;;0.42
MCOGER;2020;620100735;CLINIQUE ANNE ARTOIS;620000265;0;;;;;1;20;5;621;139;7190;4;2;0;0;3.54;2;0;0;1;1;15;11;;;0;2;3;;;4;14.88;11.71;;;2.45
MCOGER;2020;630000412;CH D'AMBERT;630780997;1;292;;;1.5;1;10;0;384;0;4973;1;;1;1;1.8;0.8;0;0;0;0;5;7;;;4;2;3;;;3;6.3;8.9;;;4.75
MCOGER;2020;630000420;CH PAUL ARDIER ISSOIRE;630781003;0;;;;;1;25;0;685;0;6708;2;2;1;0;2.3;2;0;0;0;0;12;13;;;3;1;2;;;1;12.9;13.16;;;4.67
MCOGER;2020;630000438;CH DE RIOM;630781011;0;;;;;1;75;0;1820;0;25066;3;;6;;7.1;;0;;1;;26;25;1;;1;5;15;1;;;28.7;30.6;0.5;;1
MCOGER;2020;630000446;CH DE THIERS;630781029;0;;;;;1;22;0;848;0;6712;4;;3;;2.96;;0;0;0;0;16;27;;;16;10;4;;;12;18.84;21.14;;;13.38
MCOGER;2020;630000479;CENTRE LUTTE CONTRE LE CANCER J.PERRIN;630781110;1;249;148;355;1;0;;;;;;;;;;;;;;;;;;;;;;;;;;;;;;
MCOGER;2020;630000560;CH BILLOM;630781367;0;;;;;1;20;;288;0;5618;1;0;0;0;1;0;0;0;0;0;0;0;0;0;0;0;0;0;0;0;0;0;0;0;0
MCOGER;2020;630781821;CLINIQUE PSYCHIATRIQUE LE GRAND PRE;920030269;0;;;;;1;30;;498;0;6220;3;;1;;3.1;;0;0;1;1;10;7;;;4;;;1;;8;10;7;0.01;;6.3
MCOGER;2020;630783538;HOPITAL LOUISE MICHEL - CHU63;630780989;1;625;305;842;5;1;14;0;207;;4578;2;;;;1.3;;;;;;2;2;;;;1;1;;;;2.82;2.8;;;
MCOGER;2020;640000162;CH DE LA COTE BASQUE - BAYONNE;640780417;1;732;1370;1578;8;1;50;0;1792;0;15937;4;4;4;3;6.81;6.7;;;;;28;29;0;0;9;3;4;0;0;1;25.66;26.52;0;0;8.95
MCOGER;2020;640000402;CENTRE HOSPITALIER D'ORTHEZ;640780813;1;82;241;254;2;1;24;0;688;0;7818;3;;2;;2.93;;;;;;10;13;;;;1;;;;2;10.09;12.73;;;1
MCOGER;2020;640000410;CENTRE HOSPITALIER OLORON;640780821;1;173;148;150;1.9;1;20;0;500;0;6084;;;3;;2.5;;0;0;1;1;;;;;;;;;;;10.1;10.4;;;1.81
MCOGER;2020;640000600;CENTRE HOSPITALIER DE PAU;640781290;1;289;378;349;6.54;1;52;2;1880;458;18852;4;4;8;8;7.86;7.86;0;0;1;1;12;9;0;0;12;22;27;1;1;13;27.44;28.86;0.31;0.06;17.13
MCOGER;2020;640020715;EPS GARAZI;640020707;0;;;;;1;14;;135;0;1483;;;4;;1.87;;0;;1;;3;3;;;;3;4;;;11;4.96;5.2;;;3.39
MCOGER;2020;640780490;CAPIO CLINIQUE AGUILERA;640000212;0;;;;;1;22;5;962;53;7769;0;;4;;3.91;;0;0;1;1;15;15;;;1;2;2;1;;6;9.12;10.88;0.4;;5.72
MCOGER;2020;650000045;CH LOURDES;650780158;1;117;187;160;1.7;1;20;;623;0;6396;3;;1;;3.52;;;;;;16;15;;;9;1;2;;;;10.86;9.91;;;4.85
MCOGER;2020;650000052;CH BAGNERES DE BIGORRE;650780166;1;176;18;184;1.51;1;20;2;657;105;6087;2;1;1;1;2.4;1.4;;;1;1;12;9;;;2;7;1;;;7;15.79;9.93;;;7.45
MCOGER;2020;650000417;CH BIGORRE SITE GESPE TARBES;650783160;1;162;562;391;3.35;1;24;0;921;0;7891;5;;0;;4.8;;0;;1;;30;31;0;0;20;2;3;0;0;2;17.83;19.47;0;0;9.72
MCOGER;2020;650780182;CH BIGORRE SITE VIC EN BIGORRE;650783160;1;14;613;279;4.7;1;5;2;163;132;2295;2;;;;2;;0;;1;;1;1;;;3;;;1;;2;0.5;0.5;0.16;;0.97
MCOGER;2020;650784218;CMC HOPITAUX DE LANNEMEZAN;650780174;1;102;213;295;1.78;1;7;0;307;0;3283;;;2;2;1.06;1.06;0;0;1;1;3;4;;;1;;1;;;6;1.83;4.78;;;1.84
MCOGER;2020;660000084;CH PERPIGNAN;660780180;1;374;1750;1230;5.5;1;40;3;1178;1;14927;5;3;;;4.46;3;;;;;21;18;;;;1;3;;;4;19.38;17.98;;;3.11
MCOGER;2020;660009689;GCS POLE SANITAIRE CERDAN;660010059;1;4;13;13;4.5;0;;;;;;;;;;;;;;;;;;;;;;;;;;;;;;
MCOGER;2020;670000025;HOPITAL CIVIL / NOUVEL HOPITAL CIVIL;670780055;1;1078;824;1583;9.13;1;25;;889;0;8356;3;3;;;1.7;1.7;1;1;1;1;14;9;1;;3;;1;2;;6;11.07;9.65;2.01;;6.26
MCOGER;2020;670000157;CENTRE HOSPITALIER DE HAGUENAU;670780337;1;621;217;758;6.07;1;24;;720;0;7924;3;3;0;0;3.01;3.01;0;0;1;1;8;13;0;0;3;4;5;1;0;5;9.22;16.16;0.46;0;5.02
MCOGER;2020;670000165;CH SAINTE-CATHERINE DE SAVERNE;670780345;0;;;;;1;0;4;0;363;0;1;1;;;0.36;0.36;1;1;;;1;;1;;3;1;1;;;4;1.75;0.6;0.5;;2.07
MCOGER;2020;670000272;CH INTERCOMMUNAL DE LA LAUTER;670780543;0;;;;;1;;4;0;116;0;;;1;1;0.3;0.3;0;0;0;0;;;;;2;1;;2;;3;0.36;;0.4;;2.27
MCOGER;2020;670000306;CENTRE HOSPITALIER DÉPARTEMENTAL;670780584;0;;;;;1;36;8;576;298;8474;4;;;;3.16;;0;0;1;1;18;22;;;1;2;3;;;3;19.32;19.98;;0.3;3.74
MCOGER;2020;670014042;HOPITAL DE JOUR GERIATRIQUE;670013754;0;;;;;1;;4;0;185;0;;;1;1;0.14;0.14;;;0;;;;;;;1;1;1;;3;0.17;0.24;0.16;;0.54
MCOGER;2020;670020098;GCS ICANS SITE HTP2/ICANS - ET EXPL;670016914;1;;;;;0;;;;;;;;;;;;;;;;;;;;;;;;;;;;;;
MCOGER;2020;670780188;CLINIQUE SAINTE-BARBE;670014604;0;;;;;1;40;;811;0;11262;5;;1;;5.83;;;;;;19;19;;;3;2;4;;;1;23.95;20.55;;;2.1
MCOGER;2020;670783133;HOP ROBERTSAU/PAVILLON SCHUTZENBERGER;670780055;0;;;;;1;48;10;1099;1385;12544;9;6;3;3;5.43;4.38;1;1;1;1;16;22;2;;21;11;5;1;;8;23.26;26.05;1.52;;23.79
MCOGER;2020;670797539;CLINIQUE DE LA TOUSSAINT;670014604;1;74;299;335;5.25;1;;5;0;787;0;1;;;;1;;;;;;2;;;;;;;2;;;1.7;;1.01;;
MCOGER;2020;670798636;CLINIQUE SAINT-LUC;670014604;0;;;;;1;;2;0;211;0;1;;;;1;;;;;;;1;;;1;1;1;;;1;0.8;1.9;;;1.5
MCOGER;2020;680000122;HOPITAL DE CERNAY;680020336;0;;;;;1;;10;0;538;0;1;1;0;;0.4;0.4;0;0;1;1;1;1;;;2;;;1;;6;0.46;0.39;0.2;;2.74
MCOGER;2020;680000544;CENTRE HOSPITALIER D'ALTKIRCH;680020336;0;;;;;1;10;5;242;325;3453;2;;3;;2.2;;0;;0;;8;6;;;2;1;;1;;9;6.34;4.21;0.2;;5.39
MCOGER;2020;680000577;CENTRE HOSPITALIER DE PFASTATT;680000411;0;;;;;1;0;6;0;714;0;1;;;;1;;;;;;1;;;;2;2;1;1;1;5;1.71;0.5;0.25;0.45;3.04
MCOGER;2020;680000700;CENTRE HOSPITALIER DE GUEBWILLER;680001005;0;;;;;1;;4;0;291;0;;;2;2;0.42;0.42;0;;0;;;;;;;3;;;;2;1.04;;;;0.36
MCOGER;2020;680000882;CLINIQUE DU DIACONAT COLMAR;680000643;0;;;;;1;48;7;919;738;13301;3;;3;;4.64;;;;;;;;;;;;;;;;;;;;
MCOGER;2020;680001195;HOPITAL ALBERT SCHWEITZER;680000643;0;;;;;1;0;;51;0;727;0;;0;;0.34;;;;;;;;;;;;;;;;;;;;
MCOGER;2020;680004546;HOPITAL EMILE MULLER;680020336;0;;;;;1;25;0;742;0;10248;;;1;;0.9;;;;;;12;15;;;1;;;;;4;11.96;11.94;;;1.98
MCOGER;2020;680004553;MAISON MEDICALE POUR PERSONNES AGEES;680020336;1;299;169;457;4.2;1;12;6;423;633;1944;11;11;4;4;13.23;13.23;0;0;1;1;6;8;;;6;;;2;;6;6.19;7.35;0.18;;6.99
MCOGER;2020;680004579;CENTRE POUR PERSONNES AGEES;680000973;1;2338;858;1556;9.7;1;20;10;606;1351;8319;11;9;5;2;2;2;0;0;1;1;9;11;1;;6;3;2;1;;12;12.32;12.27;1.37;;10.58
MCOGER;2020;690000013;CH MONTGELAS;690780036;0;;;;;1;17;;343;0;4828;;;2;2;1.58;1.58;0;0;0;0;;1;;;;9;10;;;10;6.71;7.48;;;5.32
MCOGER;2020;690000021;CH DE SAINTE FOY LES LYON;690780044;0;;;;;1;22;;695;0;6979;1;;4;;3.14;;0;0;0;0;9;9;;;5;10;5;;;6;10.28;9.84;;;7.52
MCOGER;2020;690000245;HOPITAL DE FOURVIERE;690780432;1;;;;8.4;1;58;2;1540;176;14559;;;21;21;19.06;19.06;1;1;1;1;40;72;0;;;6;12;1;;;29.99;43.08;0.94;;
MCOGER;2020;690000427;CTRE MEDICO-CHIR READAPT. LES MASSUES;750721334;0;;;;;1;44;;708;0;9516;5;3;2;2;3.43;2.62;0;0;1;1;23;22;;;22;4;2;1;;4;14.9;13.1;0.23;;10.12
MCOGER;2020;690000575;CH NORD OUEST - VILLEFRANCHE;690782222;1;1423;389;957;5.71;1;33;;1055;0;9770;3;1;2;2;4.6;2.6;0;0;1;1;11;9;;;2;23;16;1;;8;20.98;17.06;0.44;;6.01
MCOGER;2020;690000583;CH DE BELLEVILLE;690782230;0;;;;;1;11;0;236;0;3761;3;;;;0.96;;0;0;1;1;8;10;1;0;;4;7;0;1;8;5.68;10.43;1;0.03;2.27
MCOGER;2020;690000591;CH DE BEAUJEU;690782248;0;;;;;1;11;;203;0;3638;1;;1;;0.8;;0;0;1;1;8;10;;;2;3;6;4;;5;10.2;13.5;0.2;;3.53
MCOGER;2020;690000773;CH DU MONT D'OR;690782925;1;0;93;161;3.5;1;15;0;672;0;7684;3;3;;;3;3;1;;1;;12;10;;;5;4;3;;;1;14.9;10.1;;;5.4
MCOGER;2020;690041132;MEDIPOLE HOPITAL MUTUALISTE;690006598;1;692;;575;1.49;1;30;1;1002;265;10741;13;13;2;2;7.81;7.81;0;0;1;1;8;9;;;;;5;;;;6.06;9.11;;;
MCOGER;2020;690780150;HOPITAL DE L'ARBRESLE LE RAVATEL;690000104;0;;;;;1;15;0;474;0;4151;1;;3;;1.7;;1;;1;;3;1;;;5;20;37;1;;6;5.18;9.38;0.01;0;2.67
MCOGER;2020;690780416;GPE HOSP MUTUALISTE LES PORTES DU SUD;690031190;0;;;;;1;18;0;660;4;6279;2;2;0;0;2.91;2.91;0;0;1;1;4;3;0;0;0;3;2;0;0;2;7.36;5.36;0;0;1.27
MCOGER;2020;690783154;HOPITAL EDOUARD HERRIOT - HCL;690781810;1;;;313;;1;85;;1821;0;19050;10;3;2;1;7.6;3.63;0;0;1;1;50;60;;;11;12;10;;;8;43.57;43.26;1.48;;19.13
MCOGER;2020;690784137;HOPITAL LYON SUD - HCL;690781810;1;906;303;708;4.35;1;74;4;1741;496;22230;6;2;8;6;8.7;6.18;1;0;1;1;34;33;2;;14;6;6;1;;10;38.07;37.63;2.92;;22.74
MCOGER;2020;690784152;HOPITAL CROIX-ROUSSE - HCL;690781810;0;;;;;1;40;;897;0;11309;3;;2;1;1.66;0.8;0;0;1;1;16;13;1;;2;2;4;;;3;20.54;19.05;0.48;0.25;3.65
MCOGER;2020;690784194;HOPITAL DES CHARPENNES - HCL;690781810;0;;;;;1;60;8;1603;856;18568;10;5;6;4;9.04;6.48;0;1;1;1;34;28;;;17;4;6;;;4;39.2;35.81;0.47;0.05;23.32
MCOGER;2020;690787429;HOPITAL DR FREDERIC DUGOUJON - HCL;690781810;1;475;50;511;1.9;1;2;5;34;218;258;2;2;;;2.87;2.6;;;;;2;1;;;4;2;;;;;1.92;1.25;0.09;;4.73
MCOGER;2020;690787478;HOPITAL PIERRE GARRAUD - HCL;690781810;0;;;;;1;5;;76;0;597;;;;;;;0;0;1;1;2;3;;;;;;;;1;1.22;2.26;;0.12;0.75
MCOGER;2020;700000011;CH VAL DE SAONE PIERRE VITTER GRAY;700004591;1;63;206;94;1.5;0;;;;;;;;;;;;;;;;;;;;;;;;;;;;;;
MCOGER;2020;700000029;GH HAUTE SAONE SITE VESOUL;700004591;1;343;324;460;2.85;1;22;5;698;1296;8874;3;;1;;3.8;;;;;;6;3;;;;6;12;;;4;8.89;9.5;;;1.35
MCOGER;2020;710010067;CH DU PAYS CHAROLAIS BRIONNAIS;710780644;1;173;185;177;2.1;1;45;;2051;0;15224;5;;;;4.03;;;;;;21;20;;;5;6;5;;;1;21.77;20.75;;;3.37
MCOGER;2020;710010786;CH AUTUN SITE PARPAS;710781451;0;;;;;1;12;;423;0;3183;1;;;;1;;0;;1;;10;9;;;;;;;;;10;9;;;
MCOGER;2020;710978123;CH PAYS CHAROLAIS BRIONNAIS LA CLAYETT;710780644;0;;;;;1;15;;297;0;3961;2;;3;;1.37;;;;;;7;4;;;;3;2;;;2;7.21;5.19;;;1.29
MCOGER;2020;710978263;CH WILLIAM MOREY CHALON SUR SAONE;710780958;1;569;0;515;3.6;1;21;;682;0;7522;1;1;1;1;1.8;1.8;0;;1;;10;15;;;1;4;3;;;;12.81;15.32;;;1.38
MCOGER;2020;710978289;CH LES CHANAUX MACON;710780263;1;313;611;897;1.3;1;26;0;848;0;8057;3;2;1;1;2.64;2.06;;;;;6;9;;;2;4;2;;;3;9.45;9.28;;;3.52
MCOGER;2020;710978313;CENTRE HOSPITALIER JEAN BOUVERI;710976705;0;;;;;1;29;0;603;0;7090;38;5;30;0;45.95;5;1;0;1;1;89;74;0;0;65;50;19;0;0;26;128.55;87.18;0;0;78.74
MCOGER;2020;710978347;HOTEL DIEU DU CREUSOT;570010181;0;;;;;1;15;1;1134;3769;9704;2;;;;2;;0;0;1;0;8;8;;;9;2;2;;;1;8.15;8.29;;;9.2
MCOGER;2020;720000033;CENTRE HOSPITALIER DU MANS;720000025;1;2050;173;1320;3;1;92;0;1622;0;23558;0;0;6;2;4.79;1.5;0;0;1;1;21;18;;;3;6;19;;;2;23.94;32.24;;;4.1
MCOGER;2020;720000470;CENTRE HOSPITALIER MAMERS;610780082;0;;;;;1;20;0;561;0;6464;4;;4;;5.85;;0;;1;;;;;;;12;18;;;7;9.67;12.77;;;4.44
MCOGER;2020;730000031;CHMS CHAMBERY NH;730000015;1;761;285;894;2.6;1;24;4;847;211;8628;8;8;1;1;4.72;4.72;0;0;0;0;7;12;0;0;1;8;4;0;0;4;11.38;13.11;0;0;2.73
MCOGER;2020;730000049;CH DE MOUTIERS;730002839;1;;;;0.3;1;9;;156;0;2256;2;;1;;1.73;;0;0;0;0;;;;;;7;10;;;9;3.77;5.12;;;3.74
MCOGER;2020;730000080;CH DE SAINT JEAN DE MAURIENNE;730780103;1;153;0;138;1.8;0;;;;;;;;;;;;;;;;;;;;;;;;;;;;;;
MCOGER;2020;730000098;CHMS AIX GRAND PORT;730000015;0;;;;;1;18;0;427;0;4770;3;3;8;5;3.61;3.4;0;0;0;0;4;7;0;0;4;6;4;0;0;5;7.6;9.92;0;0;4.99
MCOGER;2020;730000262;CH D'ALBERTVILLE;730002839;1;;;;3.2;0;;;;;;;;;;;;;;;;;;;;;;;;;;;;;;
MCOGER;2020;740000237;CH ANNECY-GENEVOIS SITE ANNECY;740781133;1;1300;541;1201;;1;23;5;590;595;8135;2;1;6;2;3.45;0.82;0;0;1;1;11;13;0;;5;3;6;3;;16;13.44;18.7;0.9;;10.6
MCOGER;2020;740000302;CH ANNECY-GENEVOIS SITE ST JULIEN EN G;740781133;0;;;;;1;20;;551;0;6510;;;3;3;1.61;1.61;;;;;;1;;;4;18;16;;;11;7.93;9.66;;;8.02
MCOGER;2020;740000328;HOPITAUX DU LEMAN;740790381;1;246;187;348;4.18;1;36;4;866;55;8410;3;;2;;4.06;;0;0;0;0;9;8;;;3;2;4;;;2;11.66;12.87;;;5.71
MCOGER;2020;740781141;CH ALPES LEMAN;740790258;1;890;284;1076;5.14;1;18;0;614;0;5301;3;3;1;1;1.95;1.95;0;0;1;1;0;0;;;;1;1;;;4;0.7;0.24;;;0.77
MCOGER;2020;740781224;HOPITAUX DU MONT BLANC SITE SALLANCHES;740001839;1;476;75;423;4.99;1;25;1;607;202;8348;2;2;2;2;2.58;2.58;0;0;0;0;9;13;;;3;3;7;;;5;11.1;16.75;;;6.14
MCOGER;2020;750000523;GH PARIS SITE SAINT JOSEPH;750150120;1;1536;3;1321;1.5;0;;;;;;;;;;;;;;;;;;;;;;;;;;;;;;
MCOGER;2020;750041543;HU PARIS NORD SITE BRETONNEAU APHP;750712184;1;0;645;573;4.8;1;31;9;828;924;10375;9;5;6;3;12.4;6.6;;;;;21;25;0;0;6;0;1;2;0;2;39.4;39.6;1.55;;5
MCOGER;2020;750100042;HU SAINT LOUIS SITE LARIBOISIERE APHP;750712184;1;1603;0;261;2;1;20;0;495;0;5789;2;2;3;1;3.1;2.2;0;0;0;0;25;48;0;1;10;5;3;;1;;28;50;;2;11
MCOGER;2020;750100075;HU SAINT LOUIS SITE SAINT LOUIS APHP;750712184;1;1542;0;142;3;0;;;;;;;;;;;;;;;;;;;;;;;;;;;;;;
MCOGER;2020;750100083;HU EST PARISIEN SITE ROTHSCHILD APHP;750712184;1;;358;252;1.5;1;40;3;917;343;12668;;;12;12;5.71;5.71;;;;;18;19;;;1;2;5;;;2;20.55;22.53;;;2.41
MCOGER;2020;750100091;HU EST PARISIEN SITE ST ANTOINE APHP;750712184;1;924;;632;1.6;1;37;;1083;0;11139;4;4;2;2;5.08;5.08;;;;;20;26;;;2;4;1;;;1;21.7;24.24;;;2.5
MCOGER;2020;750100125;HU PITIE SALPETRIERE APHP;750712184;0;;;;;1;30;4;684;320;9036;5;5;4;4;6.17;6.17;;;;;20;21;;;6;;;;;2;19.42;21.47;;;7.36
MCOGER;2020;750100166;HU PARIS CENTRE SITE COCHIN APHP;750712184;1;1358;;897;1.65;0;;;;;;;;;;;;;;;;;;;;;;;;;;;;;;
MCOGER;2020;750100216;HU PARIS OUEST SITE VAUGIRARD APHP;750712184;0;;;;;1;0;0;38;58;726;;;;;0.49;0.49;;;;;;;;;;;;;;1;4.58;3.62;0.02;0.01;2.63
MCOGER;2020;750100232;HU PARIS NORD SITE BICHAT APHP;750712184;1;720;0;584;1.6;1;25;0;573;0;7587;3;2;2;2;4;2;0;0;0;0;14;12;;;6;1;1;;;1;14.64;12.41;;;6.3
MCOGER;2020;750100273;HU EST PARISIEN SITE TENON APHP;750712184;0;;;;;1;22;0;853;0;8055;2;2;;;1.83;1.83;;;;;14;15;;;2;1;;;;1;5.81;9.36;;;1.67
MCOGER;2020;750100299;HU PARIS IDF SITE SAINTE PERINE APHP;750712184;1;;;;0.1;1;29;2;524;199;8380;7;7;4;3;4.3;4;0;0;1;1;11;17;;;2;2;3;1;1;9;14.1;21.5;0.19;0.33;5.41
MCOGER;2020;750150146;HOPITAL LEOPOLD BELLAN;750720609;1;1239;;1239;1.24;1;58;6;1350;865;15814;2;2;9;6;5.63;4.8;0;0;;1;;;;;;;;;;;;;;;
MCOGER;2020;750150237;HOPITAL DE LA CROIX SAINT SIMON;750006728;0;;;;;1;16;;400;0;4437;4;3;;;3.25;2.25;0;0;0;0;7;8;;;4;;;;;;7.69;8.42;;;4.64
MCOGER;2020;750150377;HOPITAL HENRY DUNANT;750721334;0;;;;;1;24;0;532;0;7139;3;3;12;0;5.08;3.3;1;1;0;0;7;9;0;0;9;4;8;0;0;0;8;11.5;0;0;7.92
MCOGER;2020;750160012;CLCC INSTITUT CURIE;750813321;1;1161;;524;2;0;;;;;;;;;;;;;;;;;;;;;;;;;;;;;;
MCOGER;2020;750301145;CLINIQUE DU MONT LOUIS;750001042;0;;;;;1;37;43;1518;31;10651;7;3;;;7;3;;1;;;;;0;0;0;;;;;2;;;;;2
MCOGER;2020;750801441;HU PARIS CENTRE SITE BROCA APHP;750712184;1;;581;274;1.08;1;62;17;1289;2418;20054;3;3;8;8;12.64;12.64;1;1;1;1;3;4;;;6;104;194;6;3;52;53.02;37.53;2.44;0.26;21.2
MCOGER;2020;750803447;HU PARIS OUEST SITE G POMPIDOU APHP;750712184;1;773;404;442;1.75;1;36;4;1039;737;11761;8;8;3;3;7.03;7.03;1;1;1;1;12;13;;;1;10;18;3;4;19;12.47;19.38;0.68;1.09;4.16
MCOGER;2020;760000018;CH DIEPPE;760780023;1;343;53;396;2.05;1;30;0;924;0;9332;7;7;1;1;7.35;7.35;0;0;1;1;10;13;;;2;5;2;;;1;13.5;14.08;;;2.5
MCOGER;2020;760000141;HOPITAL SAINT JULIEN CHU ROUEN;760780239;0;;;;;1;59;;2646;0;29585;4;;;;3.13;;0;;1;;19;30;;;15;8;9;;;7;24.39;34.15;;;15.68
MCOGER;2020;760000158;HOPITAL CHARLES NICOLLE CHU ROUEN;760780239;1;424;29;336;;1;30;;1188;0;10445;8;;;;4.11;;0;0;0;0;15;12;;;9;2;4;;;3;16.27;14.14;;;10.09
MCOGER;2020;760000364;CHI DU PAYS DES HAUTES FALAISES FECAMP;760780734;1;215;55;234;2.07;1;20;;674;0;5386;2;1;2;1;3;1.6;0;0;1;1;12;13;;;3;5;3;;;5;13.82;13.07;;;2.4
MCOGER;2020;760000463;CH LES FEUGRAIS CHI ELBEUF;760024042;1;540;;;3.2;1;12;0;456;0;4119;;;3;3;1.4;1.4;0;;0;;1;;;;;13;23;;;7;4.92;10.43;;;2.55
MCOGER;2020;760021329;HOPITAL PRIVE DE L'ESTUAIRE;760000448;0;;;;;1;28;;537;;7082;1;;2;;1.82;;0;0;1;1;9;15;;;1;5;2;;;;9.77;13.47;;;1.01
MCOGER;2020;760783522;HOPITAL DE BOIS-GUILLAUME CHU ROUEN;760780239;0;;;;;1;30;3;824;506;9970;4;1;2;;3.39;1;0;0;1;1;;;;;;;;;;;;;;;
MCOGER;2020;760805770;HOPITAL JACQUES MONOD CH LE HAVRE;760780726;1;233;0;202;3.08;1;28;0;760;0;7068;2;;1;;1.24;;;;;;10;16;;;5;7;10;;;1;13.95;15.96;;;5.82
MCOGER;2020;770000131;CH DE COULOMMIERS;770021145;1;1077;311;832;2;1;30;1;754;5;10703;7;1;;;4.89;0.05;;;;;12;18;;;5;2;;;;;14.1;15.29;;;3.67
MCOGER;2020;770000149;CH DE FONTAINEBLEAU;770021152;1;387;0;382;1.25;0;;;;;;;;;;;;;;;;;;;;;;;;;;;;;;
MCOGER;2020;770000156;CH DE MELUN SITE SANTEPOLE;770110054;1;;;;;1;34;;1147;0;12216;8;8;0;0;5.37;5.35;0;0;0;0;14;14;;;2;;1;;;1;13.7;15.01;;;2.4
MCOGER;2020;770000164;CH SUD SEINE ET MARNE SITE MONTEREAU;770021152;0;;;;;1;30;1;840;48;8998;;;2;1;1.64;0.85;;;;;13;15;;;;1;3;;;1;13.91;16.89;;;1.37
MCOGER;2020;770000172;CH DE PROVINS LEON BINET;770110070;1;752;70;626;3.1;1;23;1;758;19;8671;13;;7;;21.99;;;;;;60;62;;;10;6;1;;;1;64.28;58.67;;;10.58
MCOGER;2020;770000180;CH DE BRIE COMTE ROBERT;770110054;0;;;;;1;32;;707;0;9857;4;3;;;3.06;2.1;;;1;1;;;;;;;;;;;;;;;
MCOGER;2020;770000214;CH DE NEMOURS;770021152;1;358;0;352;1.2;1;30;;821;0;8411;;;;;;;0;0;1;1;9;14;;;4;2;;;;;11.42;14.3;;;4.34
MCOGER;2020;770000446;CH DE MEAUX SITE SAINT FARON;770021145;1;213;235;422;0.09;1;30;0;474;0;8313;4;;1;;4;;;;;;1;;;;1;;;;;;1.25;;;;0.75
MCOGER;2020;770019032;GHEF MARNE LA VALLEE SITE JOSSIGNY;770021145;1;805;411;1035;0.54;1;29;0;854;0;9993;5;;1;;5.7;;;;;;10;15;;;3;1;;;;3;11.23;15.17;;;3.88
MCOGER;2020;780000287;CH FRANCOIS QUESNAY MANTES;780110011;1;1299;0;789;2;1;50;0;576;0;8059;3;;;;2.5;;0;0;0;0;8;11;;;6;1;1;;;2;8.42;13.35;;;5.53
MCOGER;2020;780000295;CHI DE MEULAN LES MUREAUX;780002697;1;409;0;335;1.7;1;20;1;642;7;6836;4;3;;;4.46;3;;;;;11;18;;1;5;1;1;;;1;11.2;16.83;;1;3.79
MCOGER;2020;780000303;CENTRE HOSPITALIER DE PLAISIR;780024113;1;0;130;108;1.13;1;52;3;1209;237;17411;5;4;4;2;6.37;5.1;;;;;13;24;0;0;4;15;17;2;1;13;19.7;31.33;0.24;0.33;6.63
MCOGER;2020;780000311;CHI POISSY ST GERMAIN SITE DE POISSY;780001236;1;1556;0;407;1.6;0;;;;;;;;;;;;;;;;;;;;;;;;;;;;;;
MCOGER;2020;780000329;CH DE RAMBOUILLET;780110052;1;1181;538;652;3.2;1;29;1;573;87;6653;2;2;2;2;2.5;2.5;0;0;0;0;7;16;;;5;2;;1;1;1;8.55;16;0.5;0.5;5.5
MCOGER;2020;780000337;CHI POISSY ST GERMAIN SITE ST GERMAIN;780001236;1;357;0;92;0.5;1;30;0;820;0;6244;6;6;1;1;5.67;5.67;0;0;0;0;;;;;;1;;;;;0.5;;;;0.15
MCOGER;2020;780000345;CH DE VERSAILLES SITE RICHAUD;780110078;1;1331;;;1.24;1;;3;0;118;0;;;2;2;1.3;1.3;;;;;;;;;;1;1;1;;2;0.2;0.2;0.1;0.1;0.58
MCOGER;2020;780140018;INSTITUT MARCEL RIVIERE;750005068;0;;;;;1;21;0;579;0;6548;4;4;3;1;4.13;3.74;1;1;0;0;14;16;;;1;1;;1;1;22;15.26;15.33;0.24;0.05;6.88
MCOGER;2020;780150066;HOPITAL LA PORTE VERTE;780808614;0;;;;;1;90;;3151;0;34719;14;14;3;1;12.05;10.05;1;1;0;0;24;27;;;25;4;3;;;3;27.19;27;;;23.26
MCOGER;2020;780800256;CH DE VERSAILLES SITE ANDRE MIGNOT;780110078;0;;;;;1;24;;937;0;6234;1;1;1;1;3.15;3.15;1;1;;;7;15;;;;2;3;;;3;9.56;15.04;;;1.89
MCOGER;2020;790000087;CENTRE HOSPITALIER DE NIORT;790000012;1;1521;16;1148;1;1;30;2;1351;26;16114;5;;2;;4.77;;0;0;1;1;14;19;;;5;5;5;;;2;15.79;20.04;;;5.35
MCOGER;2020;790000111;CH HAUT VAL SEVRE & MELLOIS - ST MAIX.;790019491;1;1833;0;588;4.9;1;20;0;583;0;7081;2;;;;1.99;;0;0;1;1;11;17;;;;5;4;;;1;11.74;20.47;;;1.68
MCOGER;2020;790000137;CH HAUT VAL SEVRE & MELLOIS - MELLE;790019491;0;;;;;1;12;;264;0;4026;;;1;;0.83;;0;0;0;0;7;3;;;1;1;4;;;3;6.84;5.47;;;2.3
MCOGER;2020;790019848;SITE HOSPITALIER FAYE L'ABBESSE;790006654;1;646;1530;2139;4.45;1;24;;592;0;8251;1;;;;1;;0;0;0;0;11;11;;;3;1;4;;;5;8.66;11.3;;;3.73
MCOGER;2020;800000143;CH ABBEVILLE;800000028;1;560;0;483;4;1;28;0;1350;0;13456;5;5;;;5.09;5.09;0;0;0;0;20;27;;;7;3;;;;2;19.77;27.01;;;6.9
MCOGER;2020;800000192;CHU AMIENS NORD;800000044;0;;;;;1;47;;1907;0;17927;3;2;10;6;5.63;4.14;1;1;;;19;29;;;5;2;;;;2;18.5;27.88;;;6.14
MCOGER;2020;800000507;CH CHIBS SAINT-VALERY-SUR-SOMME;800000135;1;0;6;3;1;0;;;;;;;;;;;;;;;;;;;;;;;;;;;;;;
MCOGER;2020;800000614;CHU AMIENS SAINT VICTOR;800000044;0;;;;;1;7;3;167;223;2633;;;3;1;0.7;0.1;1;1;1;1;4;4;;;1;2;1;;;1;4.57;4.17;;;1.27
MCOGER;2020;800006124;CHU AMIENS SUD;800000044;1;655;0;512;0.8;1;12;;1299;0;3582;1;0;2;2;2;1;0;0;;;5;7;;;;;;;;1;4.68;5.51;;;0.42
MCOGER;2020;800009920;CLINIQUE VICTOR PAUCHET DE BUTLER;800003071;0;;;;;1;19;;690;;6849;3;3;0;0;3;3;0;0;1;1;2;3;;;1;1;1;;;1;2.38;3.57;;;1.4
MCOGER;2020;810000224;CL CLAUDE BERNARD;810000471;0;;;;;1;26;;621;;5278;3;3;;;3.1;3.1;0;0;1;1;12;14;;;1;;;;;;9.2;13.1;;;0.5
MCOGER;2020;810000448;POLYCL STE BARBE;750050759;0;;;;;1;16;;393;0;4588;1;1;1;1;1.4;1.4;;;1;1;11;9;0;0;4;7;3;1;0;6;9.41;7.9;0.2;0;4.27
MCOGER;2020;810000505;CH ALBI;810000331;1;373;10;357;3.15;1;16;;442;0;5752;2;1;2;1;2.79;0.99;0;0;1;1;10;9;0;0;2;5;2;0;0;5;12.32;9.88;0;0;2.73
MCOGER;2020;810000521;CHIC CASTRES MAZAMET SITE AUTAN;810000380;1;367;38;339;3.86;1;32;0;967;0;9442;3;3;1;1;4.94;4.94;0;0;1;1;13;16;1;;7;2;5;;;2;14.42;18.78;0.4;;2.63
MCOGER;2020;810000539;CH GRAULHET;810000398;1;1240;399;477;2.75;0;;;;;;;;;;;;;;;;;;;;;;;;;;;;;;
MCOGER;2020;810000562;CH LAVAUR;810000455;1;1240;399;477;2.75;0;;;;;;;;;;;;;;;;;;;;;;;;;;;;;;
MCOGER;2020;820000032;CH DE MONTAUBAN;820000016;1;512;0;459;2.5;1;24;0;542;0;7004;3;2;2;2;3.77;2.45;0;0;1;1;10;14;;;6;4;3;;;2;11.55;14.68;;;4.83
MCOGER;2020;830000279;CH JEAN MARCEL DE BRIGNOLES;830100517;1;;;;;0;;;;;;;;;;;;;;;;;;;;;;;;;;;;;;
MCOGER;2020;830000287;CH LA DRACENIE DE DRAGUIGNAN;830100525;1;792;219;839;2.3;1;15;0;484;0;5364;1;1;5;5;3.62;3.62;;;;;10;8;1;0;5;0;1;0;0;5;8.86;9.08;1;0;6.75
MCOGER;2020;830000295;CH DE HYERES MARIE JOSEE TREFFOT;830100533;1;709;0;695;2.8;1;64;0;1961;0;21822;5;;2;;5.93;;0;0;0;0;13;16;;;7;21;24;;;13;23.7;28.66;;;12.06
MCOGER;2020;830000311;CHI DE FREJUS SAINT RAPHAEL;830100566;1;1658;464;1860;7.19;1;30;0;1103;0;11480;6;4;4;2;6.99;4.32;0;0;1;1;15;15;;;12;1;1;;;1;14.02;16.89;;;11.2
MCOGER;2020;830000345;CHITS CH SAINTE MUSSE;830100616;1;903;12;458;;1;52;;1479;0;17091;7;;5;;9.6;;;;;;16;16;;;9;14;17;;;15;23.19;26.63;;;15.44
MCOGER;2020;830100558;HOPITAL RENEE SABRAN HYERES;690781810;0;;;;;1;8;0;99;0;1057;2;;;;0.8;;;;;;;;;;;;;;;;;;;;
MCOGER;2020;830100608;CHITS CH GEORGE SAND;830100616;1;16;;13;;0;;;;;;;;;;;;;;;;;;;;;;;;;;;;;;
MCOGER;2020;830100855;CENTRE DE GERONTOLOGIE SAINT FRANCOIS;830000493;0;;;;;1;36;0;916;0;9945;1;;11;4;1.78;0.68;0;0;1;1;7;8;;;;0;2;;;;7;9.37;;;
MCOGER;2020;840000343;CENTRE HOSPITALIER DU PAYS D'APT;840000012;1;2056;741;514;3.1;0;;;;;;;;;;;;;;;;;;;;;;;;;;;;;;
MCOGER;2020;840000392;CENTRE HOSPITALIER DE CARPENTRAS;840000046;1;337;8;181;2.8;1;20;;619;0;6235;2;;1;1;1.59;0.27;0;0;0;0;6;8;;;4;4;3;;;6;7.22;7.86;;;4.65
MCOGER;2020;840000483;CH LOUIS GIORGI D'ORANGE;840000087;0;;;;;1;28;;939;0;11565;2;2;;;1.48;1.48;0;0;1;1;6;11;;;1;6;5;;;2;10.71;14.25;;;1.75
MCOGER;2020;840000491;CHI SITE DE PERTUIS;130041916;0;;;;;1;0;0;0;6;0;;;;;;;;;;;;;;;;;;;;;;;;;
MCOGER;2020;840000525;CH VAISON LA ROMAINE;840000111;1;1064;122;786;4;1;4;;74;0;944;7;1;10;;9.83;1;;;;;42;27;;;14;;;;;7;31.11;21.21;;;13.28
MCOGER;2020;840001861;CH D'AVIGNON HENRI DUFFAUT;840006597;1;;;;3.91;1;46;0;1530;0;14097;;;;;3.84;1.7;0;0;0;0;;;;;;;;;;;17.1;19.25;0;0;8.88
MCOGER;2020;850000142;CENTRE HOSPITALIER-SITE LA ROCHE/YON;850000019;1;0;0;0;0.79;1;23;3;560;356;6576;;;;;;;;;;;6;10;;;2;8;10;1;;7;18.7;18.02;0.2;0.01;8.93
MCOGER;2020;850000175;CH LVO :SITE DE CHALLANS;850009010;1;389;92;401;1.24;1;33;0;980;0;10206;4;2;;;3.5;2.62;0;0;1;1;8;8;;;6;12;13;;;10;15.46;16.52;0;0;10.92
MCOGER;2020;850000209;CENTRE HOSPITALIER -SITE DE LUCON;850000019;0;;;;;1;;1;0;9;0;;;;;;;0;0;1;1;;;;;;;;;;;0.2;0;0;0;0.38
MCOGER;2020;850000241;CENTRE HOSPITALIER COTE DE LUMIÈRE;850000084;1;1034;133;885;2.22;1;33;0;906;0;11012;4;1;1;1;4.1;1.3;0;0;0;0;15;19;0;0;17;4;10;0;0;4;13.81;15.55;0;0;9.61
MCOGER;2020;850009630;CH FONTENAY SITE POLE SANTE SUD VENDEE;850000035;1;172;;170;1.52;1;24;0;860;0;7625;2;;;;2;;;;;;7;13;;;;4;8;;;;9.59;16.83;;;
MCOGER;2020;860000025;GH NORD-VIENNE - SITE DE CHATELLERAULT;860013382;0;;;;;1;30;1;922;95;9579;6;4;;;3.05;2.5;0;0;1;0;17;17;;;0;0;2;2;;4;12.16;14.37;1.5;;2.74
MCOGER;2020;860000223;CHU LA MILETRIE;860014208;1;1020;1883;1483;3;1;91;0;3196;0;33926;0;0;15;15;8.25;8.25;0;0;1;1;82;140;1;0;37;24;31;1;0;29;35.36;56.81;0.9;0;17.64
MCOGER;2020;870000064;C H U DUPUYTREN LIMOGES;870000015;1;1951;2215;2492;23.93;1;40;2;1067;748;10941;15;4;2;0;7.11;1.84;0;0;1;1;20;21;;;13;3;2;;;0;23.29;21.94;;;12.96
MCOGER;2020;870000098;CENTRE HOSPITALIER SAINT JUNIEN;870000023;1;1322;1037;746;4;0;;;;;;;;;;;;;;;;;;;;;;;;;;;;;;
MCOGER;2020;870000270;CTRE HOSPITALIER J BOUTARD ST YRIEIX;870000031;1;223;1;198;;1;24;0;379;0;3982;1;;;;1;;0;0;0;0;2;3;;;1;1;0;;;;2.86;3;;;1
MCOGER;2020;870000288;CLINIQUE FRANCOIS CHENIEUX;870017415;0;;;;;1;16;;471;;3413;2;2;;;2;2;0;0;1;1;5;7;;;;3;2;;;;5.01;7.2;;;
MCOGER;2020;880000021;CHI E.DURKHEIM - PLATEAU DE LA JUSTICE;880007059;1;1016;;795;2.65;1;18;0;479;0;6386;2;1;1;1;2.5;1.5;0;0;1;1;9;12;;;1;1;;;;1;9.27;12.02;;;0.77
MCOGER;2020;880000047;CENTRE HOSPITALIER DE SAINT-DIE;880780077;1;316;9;138;2.98;1;25;;722;0;8344;3;;;;2.78;;;;1;1;9;10;;;1;1;2;;;;8.98;12;;;0.3
MCOGER;2020;880000054;CHI L'OUEST VOSGIEN SITE NEUFCHATEAU;880007299;1;85;69;130;0.52;1;5;;48;0;558;0;;0;;;;0;;1;;;;;;;;;;;;;;;;
MCOGER;2020;880000062;CENTRE HOSPITALIER DE REMIREMONT;880780093;1;;;;1.86;1;10;;568;0;4940;;;3;1;0.57;0.15;0;0;1;1;;;;;;9;12;;;6;1.19;1.63;;;0.97
MCOGER;2020;880000070;CHI DE L'OUEST VOSGIEN SITE DE VITTEL;880007299;1;155;124;239;1.14;0;;;;;;;;;;;;;;;;;;;;;;;;;;;;;;
MCOGER;2020;890002389;POLYCLINIQUE STE MARGUERITE AUXERRE;890000730;0;;;;;1;6;0;111;0;1549;;;1;1;0.8;0.8;0;0;0;0;2;2;0;0;0;;;0;0;0;2;2;0;0;0
MCOGER;2020;890975527;CH AUXERRE;890000037;1;662;652;961;3.2;1;26;;848;0;8333;5;;;;2.98;;;;;;11;13;;;5;2;1;;;;12.72;13.86;;;5
MCOGER;2020;890975543;CH JOIGNY;890000417;1;389;128;162;2.87;0;;;;;;;;;;;;;;;;;;;;;;;;;;;;;;
MCOGER;2020;890975550;CH SENS;890970569;1;;;;2.05;1;29;6;976;201;10053;6;;3;;2.8;;0;0;1;1;8;8;;;5;3;3;;;2;10.58;13.59;;;3.64
MCOGER;2020;890975568;CENTRE HOSPITALIER DU TONNERROIS;890000433;0;;;;;1;33;5;1242;0;10691;3;;4;;3.37;;0;;1;;11;17;;;2;6;5;;;1;13.61;20.8;;;2.5
MCOGER;2020;900003039;HNFC SITE TREVENANS;900000365;1;433;0;385;2.5;1;31;1;855;17;10683;2;2;2;2;3.34;3.34;0;0;1;;14;18;;;1;7;4;;;1;18.32;19.61;;;1.6
MCOGER;2020;910000272;CH D ARPAJON;910110014;1;738;94;287;4.3;1;10;2;126;313;2626;0;0;1;1;0.2;0.2;0;0;0;0;0;2;0;0;0;1;1;0;0;7;0.33;2.13;0;0;1.58
MCOGER;2020;910000298;CH DES DEUX VALLEES SITE LONGJUMEAU;910110055;1;412;0;378;2.9;1;26;;972;0;9556;4;1;4;1;5.88;1;;;;;9;16;;;1;3;6;;;2;10.43;15.42;;;2
MCOGER;2020;910000306;CH D ORSAY;910110055;1;405;0;373;1.5;1;20;1;519;5;6202;;;;;0.19;;;;;;10;12;;;4;2;3;;;6;8.44;11.03;;;5.8
MCOGER;2020;910001973;CH DOURDAN ETAMPES SITE ETAMPES;910019447;1;188;0;120;1.7;0;;;;;;;;;;;;;;;;;;;;;;;;;;;;;;
MCOGER;2020;910018423;CH DES DEUX VALLEES SITE JUVISY;910110055;0;;;;;1;0;;67;0;882;;;;;;;;;;;;;;;;;;;;;;;;;
MCOGER;2020;910020254;CH SUD FRANCILIEN SITE JEAN JAURES;910002773;1;1071;62;980;3.06;1;34;2;779;60;9614;6;2;5;5;9.91;5.91;0;0;1;1;14;18;0;0;3;1;0;0;0;0;13.48;20.22;0;0;2.13
MCOGER;2020;910100015;HU HENRI MONDOR SITE CLEMENCEAU APHP;750712184;0;;;;;1;34;2;347;136;5513;5;;1;;3.85;;1;1;1;1;5;15;;;2;2;3;;;8;6.9;17.4;;;2.7
MCOGER;2020;910100031;HU HENRI MONDOR SITE DUPUYTREN APHP;750712184;0;;;;;1;30;3;560;502;9069;11;;1;;11.25;;1;1;1;1;12;22;0;0;0;1;1;3;3;10;12.8;22.8;0.5;0.3;1.3
MCOGER;2020;910150069;HOP PRIVE GERIAT LES MAGNOLIAS;910000033;1;;;;;1;71;4;1943;445;23451;10;8;11;3;15.25;11;1;1;0;0;28;24;2;;38;2;4;0;;25;31.34;30.87;0.92;0.31;46.15
MCOGER;2020;910300060;CLINIQUE GERIATRIQUE LES VALLEES;920030269;0;;;;;1;12;;178;0;2399;1;;1;;1.8;;1;1;0;0;6;8;;;;2;1;;;;6.93;8.33;;;
MCOGER;2020;920000460;CLCC RENE HUGUENIN INSTITUT CURIE;750813321;1;1211;;739;2;0;;;;;;;;;;;;;;;;;;;;;;;;;;;;;;
MCOGER;2020;920000569;CH RIVES DE SEINE SITE COURBEVOIE;920026374;0;;;;;1;57;5;1845;304;16921;;;;;0.16;0.16;;;;;1;1;;;1;;1;;;1;0.5;1.68;0.15;;2.68
MCOGER;2020;920000577;CH DE NANTERRE;920110020;0;;;;;1;23;;806;0;7583;5;3;0;0;4.69;3;;;;;10;16;;;3;1;;;;4;11.34;14.34;;;4.58
MCOGER;2020;920000601;CH DEPARTEMENTAL DE STELL;920110053;0;;;;;1;19;;610;0;7019;4;4;;;3.88;3.88;;;;;15;15;;;4;9;18;;;;14.12;11.42;;;3.54
MCOGER;2020;920000627;CH DES QUATRE VILLES SITE SEVRES;920009909;0;;;;;1;22;;683;0;6813;4;2;;;4.06;2.33;1;1;0;0;21;27;0;0;19;0;1;0;0;0;10.91;17.07;0;0;10.46
MCOGER;2020;920000643;INSTITUT FRANCO BRITANNIQUE KLEBER;920032505;1;448;0;404;1.2;1;19;;613;0;6416;5;2;1;;4.6;2;1;0;0;0;7;7;;;4;1;;;;;7.86;7;;;4
MCOGER;2020;920000650;HOPITAL FOCH;920150059;1;1219;30;1039;1.8;1;14;;425;0;4513;4;4;1;1;4.03;4.03;0;;0;;7;6;0;0;4;0;;1;0;1;6.41;6.41;0.8;0;3.98
MCOGER;2020;920100013;HU OUEST SITE AMBROISE PARE APHP;750712184;1;;;;5.7;1;36;2;1089;152;11940;9;9;;;9;9;;;;;15;19;;;7;;;1;;3;15;19;0.2;;9.26
MCOGER;2020;920100021;HU PARIS SUD SITE ANTOINE BECLERE APHP;750712184;1;;;;;1;33;;746;0;10859;5;;;;5.25;;;;;;12;16;;;2;4;3;;;;14.24;19.31;;;1.15
MCOGER;2020;920100039;HU PARIS NORD SITE BEAUJON APHP;750712184;1;282;0;270;1;1;22;0;456;0;5978;4;1;1;1;4.6;1.6;0;0;0;0;14;9;0;0;4;2;;0;0;0;13;9;0;0;4
MCOGER;2020;920100047;HU PARIS NORD SITE LOUIS MOURIER APHP;750712184;1;107;102;96;0.5;1;26;1;553;67;7916;4;3;2;2;5;4;1;1;0;0;11;16;0;0;;0;0;0;0;2;11;16;0;0;2
MCOGER;2020;920100062;HU PARIS OUEST SITE CELTON APHP;750712184;1;;383;301;0.75;1;55;;978;0;13430;4;4;4;4;6.92;6.92;1;1;1;1;16;11;;;1;3;23;3;4;33;14.08;23.55;1.01;1.62;9.65
MCOGER;2020;930000286;GHI LE RAINCY MONTFERMEIL;930021480;1;1440;639;440;4.37;1;26;;1123;0;8235;1;1;4;4;3.12;2.97;;;;;10;13;;;9;;;;;2;10.97;14.62;;;11.54
MCOGER;2020;930000302;CHI ANDRE GREGOIRE;930110036;1;2201;0;;2.5;1;35;2;889;282;9415;7;4;;;7.65;4.65;0;0;0;0;14;19;;;4;;1;;;1;13.92;19.41;;;5.08
MCOGER;2020;930000336;CHI ROBERT BALLANGER;930110069;1;1004;;778;1;1;24;0;876;0;7327;4;4;1;1;5.08;5.08;;;;;10;15;;;3;;1;;;2;8.22;13.3;;;2.98
MCOGER;2020;930100011;HU PARIS SSTDENIS SITE MURET APHP;750712184;1;;;;;1;32;1;540;288;8205;4;;4;;3.97;;;;;;17;21;;;9;;;;;1;17.52;20.25;;;10.12
MCOGER;2020;930100037;HU PARIS SITE AVICENNE APHP;750712184;1;;;;;1;15;1;374;48;4239;2;;1;;1.67;;;;;;8;10;;;1;;1;;;;7.58;10.55;;;1.75
MCOGER;2020;930100045;HU PARIS SITE JEAN VERDIER APHP;750712184;1;;;;;0;;;;;;;;;;;;;;;;;;;;;;;;;;;;;;
MCOGER;2020;930300587;CLINIQUE DU LANDY;930000641;0;;;;;1;17;;;;;1;1;2;0;1.3;1;0;;1;;;;;;1;;;;;3;;;;;1.2
MCOGER;2020;930706239;CH SAINT DENIS HOPITAL CASANOVA;930110051;1;325;;325;2;1;22;2;647;67;7764;3;;1;;0.75;;;;;;11;17;1;;12;2;2;1;;;12.38;16.92;1.39;;11.16
MCOGER;2020;940000573;CHI DE CRETEIL;940110018;1;155;;85;1;1;12;0;433;0;4006;2;1;0;0;2;1;0;0;0;0;6;4;0;0;0;0;0;0;0;0;6.46;6.24;0;0;0
MCOGER;2020;940000599;CHI LUCIE ET RAYMOND AUBRAC;940110042;1;475;;341;1;1;30;0;889;0;9774;4;1;0;0;4;1;1;0;0;0;12;18;0;0;5;0;0;0;0;0;12.83;20.08;0;0;5.16
MCOGER;2020;940000649;HOPITAL SAINT CAMILLE;940150014;1;1154;;716;3.17;1;29;5;1014;339;10497;2;2;1;1;2.66;2.02;;;;;9;12;;;4;;;;;1;9.3;11.88;;;4.78
MCOGER;2020;940100027;HU HENRI MONDOR SITE HENRI MONDOR APHP;750712184;1;2236;434;2403;5.1;1;70;5;1635;551;19142;8;;1;;8.5;;0;;1;;19;26;;;;2;;;;;20.6;26;;;
MCOGER;2020;940100035;HU PITIE SALPETRIERE- CHARLE FOIX APHP;750712184;0;;;;;1;97;3;2955;831;26159;7;7;5;5;11.57;11.57;;;;;19;27;;;3;17;41;;;9;39.93;66.19;;;9.06
MCOGER;2020;940100043;HU PARIS SUD SITE KREMLIN BICETRE APHP;750712184;1;;;;4.5;1;36;;1032;0;12678;3;3;;;2.2;2.2;;;;;14;19;;;2;1;;;;1;14;17.35;;;3.24
MCOGER;2020;940100050;HU HENRI MONDOR SITE E ROUX APHP;750712184;0;;;;;1;54;4;1259;965;16620;13;;3;;12.94;;1;1;1;1;10;23;0;0;13;3;4;1;0;4;12.5;25.8;0.2;0;14.9
MCOGER;2020;940100068;HU PARIS SUD SITE PAUL BROUSSE APHP;750712184;0;;;;;1;34;6;1009;768;15743;9;;;;8.73;;;;;;15;21;;;3;2;2;;;13;15.77;19.91;;;8.79
MCOGER;2020;950000307;CH VICTOR DUPOUY;950110015;1;741;90;700;4;1;27;4;842;422;9357;8;4;4;2;8.92;3.93;0;0;0;0;16;15;0;0;4;0;1;0;0;5;14.19;13.03;0;0;7.31
MCOGER;2020;950000315;GH CARNELLE PORTES OISE SITE BEAUMONT;950001370;0;;;;;1;0;0;527;0;1609;0;;0;0;0.48;0.21;;;;;0;0;;;;0;0;;;0;2.22;3.25;;;0.13
MCOGER;2020;950000323;GHEM SIMONE VEIL SITE EAUBONNE;950013870;1;1060;24;918;2.96;1;30;3;958;405;10120;3;;6;5;5.88;2.74;0;0;0;0;12;16;;;6;2;2;;1;12;13.58;18.02;;0.2;9.96
MCOGER;2020;950000331;CH GENERAL DE GONESSE;950110049;1;428;0;0;3;1;29;1;735;33;8144;3;3;4;4;3.97;3.97;;;;;11;17;;;;3;10;;;2;12.98;22.02;;;0.6
MCOGER;2020;950000364;CH RENE DUBOS;950110080;1;324;0;271;2.6;1;34;0;805;8;10274;8;8;1;1;8.5;8.5;;;1;;12;15;;;10;4;1;;;1;14.49;15.38;;;9.95
MCOGER;2020;950000406;HOPITAL FONDATION CHANTEPIE MANCIER;950150037;0;;;;;1;22;4;517;111;7420;4;;2;;3.14;;;;;;12;15;;;41;;;;;;5.52;9.38;;;18.94
MCOGER;2020;950300095;POLYCLINIQUE DU PLATEAU;950000455;0;;;;;1;17;;246;;2598;1;;1;;1.5;;0;;1;;5;5;;;;;;;;;5;5;;;
MCOGER;2020;970100012;POLYCLINIQUE DE LA GUADELOUPE;970100103;0;;;;;1;22;;;;;1;1;15;;16;1;0;0;1;1;4;5;;;;1;1;;1;4;4.33;5.33;;0.25;4
MCOGER;2020;970100392;CENTRE HOSPITALIER DE LA BASSE -TERRE;970100178;1;399;;320;2.22;0;;;;;;;;;;;;;;;;;;;;;;;;;;;;;;
MCOGER;2020;970100442;C.H.U. DE POINTE-A-PITRE/ABYMES;970100228;1;923;0;397;6.5;1;22;0;723;0;7512;3;3;;;3;3;;;;;13;13;0;0;3;;;;;;13;13;;;3
MCOGER;2020;970200036;HOPITAL DU MARIN;970202156;0;;;;;1;40;;685;0;4888;4;;4;;5.74;;;;;;16;24;;;;;;;;;15.85;18.74;;;
MCOGER;2020;970211215;CHU DE MARTINIQUE SITE P.ZOBDA QUITMAN;970211207;1;;;;;1;16;;474;0;5304;1;1;6;1;3.78;1.58;;;;;11;11;;;8;;;;;;9.66;10.56;;;6.71
MCOGER;2020;970211223;CHU DE MARTINIQUE SITE DE TRINITE;970211207;0;;;;;1;20;;397;0;6365;4;4;2;;1.65;1.11;;;;;10;9;;1;2;;;;;;10.68;9.92;;0.21;2
MCOGER;2020;970211231;CHU DE MARTINIQUE SITE MANGOT VULCIN;970211207;1;;;;;1;;5;0;231;0;1;;;;1;;;;;;1;2;;;4;;;;;1;1;2;;;2.39
MCOGER;2020;970400024;CHU SITE FELIX GUYON (SAINT DENIS);970408589;1;;;;4.5;1;20;;460;0;5401;5;5;;;5;5;1;1;;;12;14;1;;;;;;;;12;14;1;;
MCOGER;2020;970400057;CHU SITE SUD (SAINT PIERRE);970408589;1;379;;;4.66;0;;;;;;;;;;;;;;;;;;;;;;;;;;;;;;
MCOGER;2020;970400065;CH OUEST REUNION;970421038;1;1386;;529;6.8;1;15;;563;0;5703;3;3;0;0;2.9;2.9;1;1;;;8;8;0;0;0;0;0;0;0;1;8;8;0;0;0.5
MCOGER;2020;970400073;GHER (SAINT-BENOIT);970403606;1;303;101;404;4;1;24;;1378;0;7199;0;0;0;0;0;0;;;;;2;0;0;0;1;0;0;1;0;3;1.64;0;0.49;0;1.32
MCOGER;2020;970400180;CHU SITE SUD (SAINT JOSEPH);970408589;1;;;;4.5;1;12;4;612;724;6630;3;3;;;3;3;0;0;1;1;;;;;;;;;;;;;;;
