BOR;AN;FI;RS;FI_EJ;SPED;UPED;LIT_PED;PLA_PED;SEJHP_PED;SEJHC_PED;JOU_PED;EFFPL_PM;EFFPL_PED;EFFPA_PM;EFFPA_PED;ETP_PM;ETP_PED;GAR_PM;GAR_PED;AST_PM;AST_PED;EFFPL_INFNS;EFFPL_PUE;EFFPL_AUX;EFFPL_KINE;EFFPL_PSY;EFFPL_APNM;EFFPA_INFNS;EFFPA_PUE;EFFPA_AUX;EFFPA_KINE;EFFPA_PSY;ETP_INFNS;EFFPA_APNM;ETP_PUE;ETP_AUX;ETP_KINE;ETP_PSY;ETP_APNM
MCOPED;2020;010000024;CH DE FLEYRIAT;010780054;1;0;22;4;182;1487;3570;;;7;7;2.73;2.73;1;1;0;0;7;3;1;;;4;7;14;9;;2;9.07;1;10.97;5.07;;0.9;4.99
MCOPED;2020;010000032;CH DE BELLEY;010780062;1;1;4;1;4;539;971;1;1;;;1;1;0;0;1;1;3;;4;;;6;;;;;;3.41;1;;3.13;;;6.71
MCOPED;2020;010005239;CH DU HAUT BUGEY - GEOVREISSET;010008407;1;;10;1;49;739;1840;0;0;5;3;2.52;1.99;;;;;3;2;8;0;0;3;2;2;5;0;1;2.55;0;3.3;10.09;0;0.02;1.52
MCOPED;2020;020000162;CH SAINT-QUENTIN;020000063;1;1;20;4;258;1866;4254;1;1;6;6;4.9;4.9;1;1;;;12;9;15;1;2;13;2;6;5;0;2;12.63;8;12.51;19.39;0.95;2.85;16.42
MCOPED;2020;020000394;CH LAON;020000253;1;1;8;3;32;643;1368;1;1;5;5;1.39;1.39;1;1;0;0;7;0;3;0;1;4;3;0;1;0;0;8.27;1;0.48;3.08;0;1;4.23
MCOPED;2020;020000519;CH SOISSONS;020000261;1;;15;;0;981;2460;4;4;2;2;5.4;5.4;1;1;0;0;;;;;;;;;;;;;;;;;;
MCOPED;2020;020001061;CH CHÂTEAU-THIERRY;020004404;1;0;7;;87;569;1280;2;2;2;2;3;3;0;0;1;1;7;;6;1;1;3;1;2;;;;7;;1.2;4;0.1;0.25;1.4
MCOPED;2020;030000061;CH DE MOULINS;030780092;1;1;15;2;256;725;2136;0;0;7;5;1.16;1;0;0;1;1;4;4;3;0;0;11;6;2;0;0;3;8.01;4;4.84;3.08;0;1.77;13.35
MCOPED;2020;030000079;CH DE MONTLUCON;030780100;1;1;34;;0;1494;3196;5;5;3;3;5.16;5.16;0;0;1;1;14;7;18;;1;12;;;3;;;14.23;3;6.3;19.89;;1;10.92
MCOPED;2020;030000087;CH JACQUES LACARIN VICHY;030780118;1;0;22;0;0;1264;2661;5;5;5;5;5.79;5.79;0;;1;;13;5;10;0;1;9;1;1;2;0;0;13.17;2;5.19;11.33;0;1;11.45
MCOPED;2020;040000093;CHI DE MANOSQUE LOUIS RAFFALLI;040780215;1;0;8;1;0;792;1347;1;1;4;4;1.68;1.68;0;0;1;1;1;3;0;0;0;2;2;4;0;1;0;2.26;7;4.97;0;0.03;0;7.3
MCOPED;2020;040000911;CENTRE HOSPITALIER DE DIGNE LES BAINS;040788879;1;0;2;0;0;31;84;1;1;2;2;1.61;1.61;0;0;1;1;3;;;;;;;;;1;;2.95;;;;0.05;;
MCOPED;2020;050000231;CH DES ESCARTONS DE BRIANCON;050000116;1;0;6;;0;337;620;0;;3;;2;;;;;;2;;2;;;1;3;1;1;;;4.2;1;1;2.75;;;0.82
MCOPED;2020;050000348;CHI DES ALPES DU SUD SITE DE GAP;050002948;1;0;9;1;18;901;2330;0;0;4;4;2.94;2.94;;;;;0;2;1;0;0;2;3;5;0;0;0;1.3;7;5.33;1.14;0;0;5.8
MCOPED;2020;060000478;CENTRE HOSPITALIER DE GRASSE;060780897;1;1;27;4;241;882;1632;2;2;8;8;6.36;6.36;1;1;;;1;15;7;0;0;5;2;4;5;1;1;2.11;0;16.89;9.28;0.33;0.34;5.3
MCOPED;2020;060000510;CH D'ANTIBES JUAN LES PINS;060780954;1;;22;1;178;905;2475;1;1;8;8;3.4;3.4;0;0;1;1;6;8;5;;;10;2;5;7;;;7.32;2;12.08;11.49;;;12.19
MCOPED;2020;060000544;CH DE CANNES SIMONE VEIL;060780988;1;1;12;0;5;538;1231;1;1;9;7;2.8;2.74;1;;0;;2;3;3;;;3;7;4;6;1;1;5.86;4;5.67;9.63;0.3;0.2;5.58
MCOPED;2020;060780947;HOP PEDIATRIQUES DE NICE CHU LENVAL;060800174;1;;102;22;3505;8915;22574;16;4;82;35;44.01;16.86;1;1;1;1;23;15;25;;1;36;39;26;39;11;5;52.89;108;30.36;56.02;2.7;3.94;101.32
MCOPED;2020;060789195;CHU DE NICE HOPITAL DE L'ARCHET;060785011;1;0;10;6;2101;473;2470;8;7;6;6;7.58;7.37;0;0;1;1;30;1;1;;;361;8;;;1;2;30.98;83;0.29;0.33;0.17;0.51;364.92
MCOPED;2020;070000179;CH ARDECHE NORD;070780358;1;0;15;0;0;737;1175;34;3;6;2;22.98;1.65;0;0;0;0;13;0;5;4;2;83;13;1;12;1;0;23.57;56;0.83;12.62;3.83;0.11;110.19
MCOPED;2020;070000195;CH DE TOURNON SUR RHONE;070780374;1;;8;0;0;62;240;;;2;2;0.32;0.32;0;0;0;0;;;;;;;;;;;;;;;;;;
MCOPED;2020;070000609;CH D'AUBENAS;070005566;1;0;10;;0;750;1585;2;2;;;2.97;2.97;;;;;4;6;;;;7;2;3;;;;4.73;9;8.39;;;;12.69
MCOPED;2020;080000110;CENTRE HOSPITALIER DE SEDAN;080011174;1;0;18;2;235;544;2579;2;2;;;1.9;1.9;0;0;0;0;6;1;2;;1;6;2;1;1;2;;8.16;2;1.73;2.5;0.2;1.01;7.38
MCOPED;2020;080000425;CH CHARLEVILLE - HOPITAL MANCHESTER;080011174;1;;22;1;183;1074;2935;4;4;1;1;4.4;4.4;1;1;0;0;4;;6;;;6;4;3;7;1;1;4.79;2;1.93;10.28;0.05;0.05;6.95
MCOPED;2020;090000175;CHIVAL SITE FOIX;090781774;1;0;7;2;150;721;1334;4;4;3;3;1.85;1.85;1;1;0;0;3;7;;;;11;3;2;;;;4.77;4;7.9;;;;14.57
MCOPED;2020;100000090;CENTRE HOSPITALIER DE TROYES;100000017;1;0;31;4;732;1489;5156;0;0;7;7;2.71;2.71;0;0;1;1;11;5;6;0;0;10;3;1;4;0;2;12.5;3;5.8;9.02;0;1.5;13.3
MCOPED;2020;110000023;CH CARCASSONNE;110780061;1;0;13;2;313;1017;2194;1;1;6;6;3.25;3.25;0;0;1;1;3;10;9;0;0;0;0;0;1;7;1;2.29;3;9.64;11.13;0.1;0.3;0.98
MCOPED;2020;110000056;CH NARBONNE HOTEL DIEU;110780137;1;1;16;0;0;1218;3140;4;4;;;4;4;0;0;0;0;13;1;0;0;1;8;1;1;0;0;;12.08;1;2.16;0;0;0.46;8.03
MCOPED;2020;120000039;CH DE RODEZ HOPITAL JACQUES PUEL;120780044;1;0;11;2;161;701;1673;8;8;1;1;8.07;8.07;1;1;0;0;1;4;7;0;0;2;1;12;2;0;1;1.12;6;6.9;8.14;0;0.15;4.06
MCOPED;2020;120004668;CH EMILE BOREL ST AFFRIQUE;120004619;0;1;;;;;;;;;;;;;;;;;;;;;;;;;;;;;;;;;
MCOPED;2020;130000409;CHI SITE D'AIX EN PROVENCE;130041916;1;0;18;4;584;1795;4927;14;14;10;10;14.03;14.03;1;1;0;0;;5;7;;;9;12;10;6;1;;6.33;8;8.91;8.94;0.31;;10.5
MCOPED;2020;130000565;CENTRE HOSPITALIER GENERAL D'AUBAGNE;130781446;1;1;13;2;232;923;1898;2;2;7;7;7.31;7.31;1;1;0;0;1;2;3;;;;4;3;4;;;3.78;1;4.5;6.12;;;0.8
MCOPED;2020;130001225;HOPITAL DU PAYS SALONNAIS;130782634;1;0;14;0;0;1153;2694;2;2;4;4;5.07;5.07;1;1;0;0;1;3;5;;;1;1;12;8;1;1;2.25;9;11.93;10.74;0.06;0.25;6.63
MCOPED;2020;130002835;CH DE MARTIGUES HOPITAL DES RAYETTES;130789316;1;1;21;1;106;874;2039;4;4;5;5;6.13;6.13;1;1;1;1;9;5;5;;;5;5;4;1;;;12.56;6;7.66;5.79;;;9.56
MCOPED;2020;130780521;APHM HOPITAL NORD;130786049;1;1;40;10;1367;2120;3156;2;2;20;4;6.07;3.27;;;;;9;8;12;;1;8;5;5;8;;;11.63;10;10.04;15.99;;1;15.14
MCOPED;2020;130785652;HOPITAL SAINT JOSEPH;130014228;1;1;45;0;0;2486;3802;3;;1;;3.08;;0;0;1;1;16;16;23;;;12;4;9;2;;;11.92;4;18.05;18.25;;;12.57
MCOPED;2020;130804297;APHM HOPITAL LA TIMONE ENFANTS;130786049;1;;218;53;11898;11109;45683;54;34;88;40;72.17;41.33;;;;;129;79;112;;11;94;42;31;36;1;6;146.56;31;97.17;128.53;0.3;13.02;109.73
MCOPED;2020;140000027;CENTRE HOSPITALIER DE LISIEUX;140000035;1;1;18;3;137;1253;4559;5;5;1;1;5.07;5.07;1;1;;;8;4;9;;1;14;15;5;2;;2;20.06;5;7.9;8.79;;1.54;17.86
MCOPED;2020;140000209;CHU COTE DE NACRE - CAEN;140000100;1;1;67;15;2706;4852;15766;23;15;8;7;17.38;11.72;1;1;0;0;18;19;26;;1;17;13;21;9;;;20.31;10;29.38;28.2;;1;21.14
MCOPED;2020;140000233;CENTRE HOSPITALIER DE FALAISE;140000118;1;;15;1;200;872;2192;3;3;1;1;3.29;3.29;;;;;5;;;;;6;2;;1;;1;6.96;6;;0.8;;0.4;11.1
MCOPED;2020;140024886;CENTRE HOSPITALIER - AUNAY-BAYEUX;140000092;1;0;11;;82;482;1083;;;7;5;2.47;2.23;0;0;1;1;2;3;2;;;6;1;;;;;3.08;3;3;3.58;;;5.6
MCOPED;2020;150000040;CH HENRI MONDOR;150780096;1;;16;;0;900;1779;2;2;5;5;4.15;4.15;0;0;1;1;3;2;5;;;4;4;1;3;;;6.01;19;2.22;7.03;;;6.61
MCOPED;2020;160000253;CENTRE HOSPITALIER D'ANGOULEME;160000451;1;1;12;6;426;1284;2642;2;2;5;5;5.12;5.12;1;;1;;13;3;4;0;0;15;9;2;3;0;0;19.5;12;4.1;6.74;0;0;17.81
MCOPED;2020;170000087;HOPITAL SAINT-LOUIS - LA ROCHELLE;170024194;1;1;28;5;814;1515;3759;6;6;5;5;9.9;9.9;1;1;0;0;6;2;9;;;4;4;10;8;;1;7.68;12;10.29;14.22;;0.4;12.03
MCOPED;2020;170000103;CTRE HOSP. DE SAINTONGE - SAINTES;170780175;1;1;25;0;0;2223;5177;6;4;3;2;8.89;5.76;1;1;0;0;38;18;32;8;;28;20;25;14;2;;10.21;6;9.11;10.97;1.01;;5.98
MCOPED;2020;170000152;CENTRE HOSPITALIER ROCHEFORT;170780225;1;0;12;2;136;1033;2643;3;3;5;5;5.9;5.9;;;;;4;13;10;;0;4;2;2;6;;1;5.34;1;15.21;14.18;0;0.6;5.27
MCOPED;2020;180000010;CH BOURGES - JACQUES COEUR;180000028;1;0;20;3;224;1344;2223;;;5;5;4.99;4.99;0;0;1;1;4;1;8;;;;5;8;1;;;9.41;2;6.68;8.07;0.02;;4.18
MCOPED;2020;180000200;CH DE VIERZON;180000051;1;0;6;1;13;417;846;0;0;3;3;1.51;1.51;0;0;0;0;5;0;1;0;0;2;2;0;1;0;0;5.74;1;0;1.88;0;0;2.37
MCOPED;2020;190000018;CENTRE HOSPITALIER DUBOIS BRIVE;190000042;1;0;20;4;239;1060;3262;5;4;2;2;3.61;3.11;0;0;1;1;10;5;14;;;6;3;2;;;1;10.5;3;6.46;13.05;;0.8;6.7
MCOPED;2020;190000026;CENTRE HOSPITALIER COEUR DE CORREZE;190000059;1;;5;2;3;447;1414;3;3;1;1;3.26;3.26;0;0;1;1;;;;;;;5;10;;;1;2.5;16;4.88;;;0.55;9.02
MCOPED;2020;210012670;HOPITAL PRIVE DIJON BOURGOGNE;210011367;1;0;8;;0;601;1374;4;;1;;4;;1;1;0;0;;6;4;;;;;;2;;;;;6;6;;;
MCOPED;2020;210987558;HOPITAL LE BOCAGE CHRU DIJON;210780581;1;1;88;10;2928;4773;15193;17;17;31;31;31.6;31.6;1;1;1;0;65;64;30;;1;13;25;23;9;;6;82.56;14;80.77;38.69;;3.33;18.65
MCOPED;2020;210987657;HOSPICES CIVILS DE BEAUNE;210012175;1;1;8;0;0;840;1878;3;3;2;2;3.56;3.56;0;0;1;1;4;7;;;;13;1;1;;;1;2.49;7;8.23;;;0.4;14.37
MCOPED;2020;210987699;CENTRE HOSPITALIER ROBERT MORLEVAT;210780706;1;0;3;0;57;171;372;1;1;1;1;0.64;0.64;0;0;1;1;8;0;0;0;0;11;4;0;0;0;0;1.27;7;0;0;0;0;1.75
MCOPED;2020;220000012;CENTRE HOSPITALIER YVES LE FOLL;220000020;1;1;20;4;1476;2854;8267;5;5;8;8;11.4;11.4;1;1;1;1;15;21;21;;1;7;8;19;15;;1;14.8;2;28.25;26.61;;1.13;6.58
MCOPED;2020;220000095;CTRE HOSPITALIER DINAN;220000046;1;0;3;0;0;369;794;2;;2;;3.71;;0;;1;;3;;1;;;0;4;;3;;;5.88;0;;4.18;;;0.29
MCOPED;2020;220000343;CENTRE HOSPITALIER GUINGAMP;220000079;0;1;;;;;;;;;;;;;;;;;;;;;;;;;;;;;;;;;
MCOPED;2020;220000368;CENTRE HOSPITALIER LANNION;220000103;1;0;8;0;0;530;1234;;;2;;1.16;;0;0;1;1;3;2;2;;;1;3;0;1;;;5.28;11;1.11;2.64;;;6.89
MCOPED;2020;230000820;CENTRE HOSPITALIER GUERET;230780041;1;0;10;0;0;486;1053;3;3;;;2.39;2.39;0;0;0;0;7;4;5;;;6;;1;;;;7.17;3;4.99;5.1;;;9.42
MCOPED;2020;240000372;C.H DE BERGERAC;240000059;1;0;8;;0;452;956;3;3;1;1;3.2;3.2;0;0;1;1;2;2;0;0;0;4;7;0;0;0;0;7.46;7;1.11;0;0;0;6.65
MCOPED;2020;240000489;CENTRE HOSPITALIER DE PERIGUEUX;240000117;1;0;21;4;260;1325;3705;5;4;1;1;4.52;3.52;1;1;0;0;5;3;4;0;0;2;1;0;2;0;0;5.54;1;2.82;3.25;0;0;0.93
MCOPED;2020;250000700;CHI HC SITE RIVES DU DOUBS PONTARLIER;250000452;1;0;14;;0;836;2120;2;;4;;2.41;;0;0;1;1;4;2;12;;;12;4;1;3;;1;3.43;8;1.4;5.52;;0.01;4.76
MCOPED;2020;250006954;CHRU JEAN MINJOZ;250000015;1;1;67;18;3243;4196;13856;0;0;41;40;10.81;10.2;1;;1;1;14;16;18;0;0;15;24;32;28;6;2;33.14;27;35.74;36.43;1.83;0.9;31.19
MCOPED;2020;260000013;CH DE VALENCE;260000021;1;1;29;6;300;2959;6676;20;10;8;2;8.64;4.58;1;1;1;1;10;11;15;;1;15;3;8;9;;7;8.36;8;12.87;15.04;;2.65;6.02
MCOPED;2020;260000120;HOPITAUX DROME NORD - ROMANS-SUR-ISERE;260016910;1;0;12;1;306;839;2169;;;4;4;2.8;2.8;0;0;1;1;5;1;0;0;0;9;3;2;0;0;1;7.7;7;2;0;0;0.45;14.92
MCOPED;2020;260000138;CH PORTES PROVENCE MONTELIMAR;260000047;1;0;21;0;0;1265;2319;4;4;2;2;4.18;4.18;0;0;1;1;3;7;12;0;0;4;3;8;6;0;1;6.12;1;9.38;14.75;0;0.49;4.58
MCOPED;2020;270000359;CH EVREUX CH EURE-SEINE;270023724;1;1;18;;0;1465;2873;8;4;6;5;10.95;6.86;1;1;0;0;3;3;4;;1;4;4;;2;;;5.5;7;3.93;5.6;;1;8.8
MCOPED;2020;280000084;CH DREUX;280000183;1;1;21;;0;993;2529;;;6;6;1.9;1.9;1;;1;;9;3;5;;;16;2;1;3;;;8.96;6;3.5;5.91;;;17.99
MCOPED;2020;280504267;CH CHARTRES LOUIS PASTEUR-LE COUDRAY;280000134;1;1;17;3;404;1293;3023;9;;4;;4.08;;1;1;0;0;13;1;10;;;7;10;3;3;;;19.63;5;3.91;12.33;;;10.68
MCOPED;2020;290000025;CHIC QUIMPER;290020700;1;1;24;4;371;1920;4960;10;10;12;10;15.48;15.03;1;1;;;17;9;14;0;0;7;5;2;8;0;1;9.04;4;5.37;9.22;0;0.15;5.09
MCOPED;2020;290000033;C.H. DES PAYS DE MORLAIX;290021542;1;;16;0;189;732;1615;3;3;6;6;6.49;6.49;0;0;1;1;;4;4;;;4;;10;3;;;0.71;5;14.14;6.62;;;8.17
MCOPED;2020;290000058;CHRU BREST SITE HOPITAL MORVAN;290000017;1;;58;5;3218;4475;12162;;;;;;;1;1;1;1;7;1;1;;;5;4;1;3;;1;11.87;8;0.83;3.79;;0.2;9.3
MCOPED;2020;2A0000022;CH ND LA MISERICORDE;2A0000014;1;0;15;0;0;952;1754;;;3;3;3.7;3.7;0;0;1;1;1;1;3;;;2;5;8;12;;;6.56;8;9.25;15.3;;;8.53
MCOPED;2020;2B0000012;CENTRE HOSPITALIER DE BASTIA;2B0000020;1;0;10;0;0;1014;1841;6;5;7;3;8.41;5.28;1;1;0;0;6;3;12;0;2;4;1;1;3;0;2;6.01;7;3.05;11.77;0;2.02;6.8
MCOPED;2020;300000023;CH ALES CEVENNES;300780046;1;0;14;0;0;1155;2163;6;6;;;4.91;4.91;0;;1;;0;2;0;0;0;7;5;8;8;3;2;2.98;18;7.6;3.8;0.32;0.37;16.13
MCOPED;2020;300000031;CH LOUIS PASTEUR;300780053;1;0;11;1;63;635;1512;7;3;0;0;4;2;0;0;1;1;4;6;4;0;1;;4;6;6;0;1;6.38;;7.46;6.85;0;0.5;
MCOPED;2020;300002508;CL DU GRAND AVIGNON;300000213;1;0;;15;1;0;0;;;1;;0.15;;0;0;1;0;5;;;;;2;4;;;;;7.53;;;;;;2
MCOPED;2020;300782117;CHU NIMES CAREMEAU;300780038;1;1;40;9;1378;3394;4464;9;9;2;1;8.72;8.02;1;1;0;0;10;14;22;;;16;7;5;3;;1;17.29;4;17.35;22.6;;0.5;17.57
MCOPED;2020;310000310;CH COMMINGES PYRENEES SITE PLANCARD;310780671;1;1;2;;0;14;20;;;2;;1.66;;0;;1;;;;;;;;;;;;;;;;;;;
MCOPED;2020;310016977;HOPITAUX MERE & ENFANTS SITE VIGUIER;310781406;1;1;179;30;6264;11469;34846;18;12;55;27;37.82;23.1;1;1;1;1;51;115;132;;;14;25;27;19;;6;62.32;1;115.82;122.91;;2.25;15.84
MCOPED;2020;310026083;CL RIVE GAUCHE;310026075;1;1;2;5;4568;520;695;14;8;10;4;19;10;0;0;1;1;;3;;;;2;;6;4;4;1;;1;5.8;1;1;0.1;1.5
MCOPED;2020;310780150;CL MEDIPOLE GARONNE;310788799;1;0;7;6;908;732;1200;7;;;;7;;0;0;1;1;;;;;;;;;;;;;;;;;;
MCOPED;2020;310783048;HOPITAL PURPAN CHU TLSE;310781406;1;;38;18;3795;1799;4671;0;;6;5;3.02;2.62;1;1;1;1;12;19;23;;;2;3;1;2;;1;10.95;1;15.88;16.27;;0.2;2.76
MCOPED;2020;320000086;CH AUCH EN GASCOGNE;320780117;1;1;14;0;0;787;1513;1;1;5;5;4.9;4.9;1;1;1;1;4;7;0;0;0;8;2;2;0;0;0;5.4;4;8.55;0;0;0;11.35
MCOPED;2020;330000555;CENTRE HOSPITALIER D'ARCACHON;330781204;1;1;6;;8;426;907;2;2;1;1;2.78;2.78;;;1;1;1;2;2;;;2;1;2;1;;1;1.8;;4.65;3.05;;0.2;0.6
MCOPED;2020;330000605;CTRE HOSPIT.R.BOULIN-LIBOURNE;330781253;1;;11;4;345;1759;3534;;;11;11;3.57;3.57;1;1;0;0;8;11;4;;0;6;0;1;0;;3;7.04;2;10.63;2.74;;0.76;6.22
MCOPED;2020;330780479;POLYCLIN BORDEAUX-NORD AQUITAINE;330000274;1;0;5;5;0;264;539;;;;;;;;;;;1;;;;;;;;;;;1;;;;;;
MCOPED;2020;330781360;GROUPE HOSPITALIER PELLEGRIN - CHU;330781196;1;1;101;24;6420;11351;31595;33;33;16;15;37.2;35.24;0;0;1;1;29;63;48;3;2;57;4;21;9;;5;31.36;10;71.84;51.11;1.99;5.21;62.22
MCOPED;2020;330783648;HOPITAL HAUT-LEVEQUE - CHU;330781196;1;0;12;5;615;935;4436;2;;2;;3.13;;0;;1;;12;5;1;0;;18;7;2;2;0;1;14.12;10;4;1.71;0;0.4;19.93
MCOPED;2020;330802752;CENTRE JEAN ABADIE - CHU;330781196;1;0;21;6;1817;344;6213;4;;5;;7.61;;0;;1;;25;2;6;0;0;11;0;0;3;0;8;22.83;5;2;7.53;0;3.74;9.99
MCOPED;2020;340000025;INSTITUT ST PIERRE;340022722;1;0;;4;1579;0;0;;;9;4;1.31;0.96;;;;;;;;;;;1;;;1;2;1.12;10;;;0.05;0.69;5.24
MCOPED;2020;340000033;CH BEZIERS;340780055;1;;23;1;98;1999;3555;;;13;13;5.45;5.45;0;0;;;;16;12;;;4;;4;4;;1;;6;13.02;9.4;;0.92;7.2
MCOPED;2020;340000223;HOPITAL ST CLAIR HBT SETE;340011295;1;;14;;0;617;1201;1;1;3;3;2.95;2.95;;;;;6;3;3;;;6;1;4;2;;;6.8;2;5.4;4.6;;;7.71
MCOPED;2020;340022979;POLYCL ST ROCH;340000306;1;1;11;1;15;49;77;;;13;2;5;1;0;0;1;1;2;3;2;;;;;2;;;;1.66;;2.36;2;;;
MCOPED;2020;340780634;CL ST JEAN;340000272;0;1;;;;;;;;;;;;;;;;;;;;;;;;;;;;;;;;;
MCOPED;2020;340782085;HOPITAL GUI DE CHAULIAC CHU MTP;340780477;1;;16;4;985;1116;2657;10;6;4;2;6.48;4.67;0;1;1;1;15;58;41;;;12;1;6;4;;;14.78;8;50.61;36.57;;;17.84
MCOPED;2020;340785161;HOPITAL LAPEYRONIE CHU MONTPELLIER;340780477;1;;39;6;696;3718;8967;6;1;48;15;18.45;7.04;1;1;1;1;15;58;41;;;9;1;6;4;;;14.78;8;50.61;36.57;;;17.84
MCOPED;2020;340796663;HOPITAL ARNAUD DE VILLENEUVE CHU MPT;340780477;1;0;48;18;4648;3592;12045;24;21;41;36;27.19;25.43;0;0;1;1;15;51;32;2;3;16;5;13;11;;1;15.94;7;55.65;41.14;1.3;1.6;20.66
MCOPED;2020;350000147;CENTRE HOSPITALIER SAINT-MALO;350000022;1;0;12;2;253;997;1952;7;7;;;3.75;3.75;0;0;1;1;1;5;7;;;3;2;9;10;;;1.96;3;12.19;14.83;;;4
MCOPED;2020;350000154;C.H FOUGERES;350000030;1;1;5;1;8;505;1064;3;3;2;2;1.82;1.82;0;0;1;1;3;3;4;;;15;4;2;4;;;1.68;8;1.61;2.06;;;6.95
MCOPED;2020;350000162;CHIRC SITE REDON;350000048;1;0;9;1;16;517;1041;2;2;;;1.19;1.19;0;0;1;1;3;3;5;;;4;1;2;2;;;1.19;1;5.12;5.94;;;2.67
MCOPED;2020;350000188;CENTRE HOSPITALIER VITRE;350000055;1;0;5;0;0;428;665;2;2;1;1;3.35;3.35;0;0;1;1;2;11;3;0;0;4;;;;;;2.04;;10.51;4.47;0;0;3.82
MCOPED;2020;350007084;CHRU RENNES SITE HOPITAL SUD;350005179;1;1;82;8;1177;6229;21029;69;29;22;7;19.13;5.51;;;;;41;50;42;;2;30;18;49;33;;6;52.93;12;84.36;65.67;;3.48;36.32
MCOPED;2020;360000137;CH CHATEAUROUX;360000053;1;0;11;0;0;706;2570;3;3;;;3;3;0;0;1;1;6;4;4;;;7;4;;3;;;9.8;2;2.85;7.47;;;6.81
MCOPED;2020;370000499;CHRU CLOCHEVILLE - TOURS;370000481;1;1;127;23;3227;6350;19743;74;32;37;17;74.75;36.14;0;0;1;1;91;39;51;;4;83;62;23;36;;3;120.92;49;46.69;73.04;;1.42;104.09
MCOPED;2020;380000034;CH PIERRE OUDOT BOURGOIN JALLIEU;380780049;1;1;20;;0;1596;3541;2;2;7;7;5.12;5.12;1;1;0;0;3;10;0;0;0;8;0;1;0;0;0;1.28;3;10.18;0;0;0;8.59
MCOPED;2020;380000067;HOPITAL NORD - CHU38;380780080;1;1;91;23;5545;6980;22027;26;18;53;32;52.66;33.87;0;0;0;0;29;56;46;3;3;32;19;43;41;3;4;37.43;19;85.59;69.29;4.88;5.35;47.87
MCOPED;2020;380000174;CH LUCIEN HUSSEL DE VIENNE;380781435;1;1;14;2;94;942;1714;2;0;6;6;3.26;1.26;1;1;0;0;4;2;8;;;1;1;1;3;;;6.02;3;2.14;8.04;;;4.13
MCOPED;2020;380000406;HOPITAL DE VOIRON;380780080;1;0;11;1;197;899;1641;2;2;13;13;8.16;8.16;1;1;;;;4;5;;;3;4;3;2;;;3.58;;4.31;6.24;;0.25;3.01
MCOPED;2020;390000040;CH LONS;390780146;1;0;14;0;0;1014;2229;4;4;3;3;5;5;0;0;1;1;5;9;20;;;;3;6;9;;;3.55;2;6.85;5.27;;;1.79
MCOPED;2020;390000222;CH LOUIS PASTEUR DOLE;390780609;1;;15;1;37;899;2105;4;3;3;3;4.32;3.32;;;;;;3;3;;2;2;5;3;3;;;3.9;2;5.12;4.7;;1;2.55
MCOPED;2020;400000105;CENTRE HOSPITALIER DAX;400780193;1;0;17;1;78;1331;2117;1;1;5;5;2.44;2.44;0;0;1;1;0;6;10;0;0;5;1;8;6;1;1;1.14;4;12.04;13.12;0.1;0.45;6.61
MCOPED;2020;400000139;CHI MONT DE MARSAN ET PAYS DES SOURCES;400011177;1;1;16;2;585;746;1746;5;5;4;4;6.76;6.76;1;;0;;3;5;5;0;0;2;5;2;3;0;1;6.52;6;5.25;6.37;0;0.5;5.22
MCOPED;2020;410000020;CH BLOIS SIMONE VEIL;410000087;1;1;12;4;226;1166;4178;0;0;9;9;4.08;4.08;1;1;0;0;0;0;0;0;0;0;21;19;2;0;0;8.92;25;7;0.63;0;0;9.35
MCOPED;2020;410000046;CH ROMORANTIN-LANTHENAY;410000103;1;;8;0;0;634;1300;3;;;;2.6;;;;;;2;2;5;;;1;1;2;2;;;3.21;2;3.75;6.6;;;2
MCOPED;2020;420000010;CH DE ROANNE;420780033;1;1;22;0;0;1331;3286;9;9;3;2;3.57;3.26;1;1;0;0;6;4;12;1;;9;3;4;4;1;;7.84;3;8.48;12.64;0.14;;6.61
MCOPED;2020;420000226;CH DU FOREZ SITE DE MONTBRISON;420013831;1;0;8;0;0;482;744;1;1;3;2;2.35;2.25;0;0;1;1;1;3;3;0;0;0;6;3;6;0;0;3.91;13;4.92;6.83;0;0;4.95
MCOPED;2020;420000234;CH DE FIRMINY;420780652;1;0;1;7;179;443;61;1;1;3;3;2.1;2.1;;;1;1;5;3;;;;2;;1;;;;4.03;;3.41;;;;1.81
MCOPED;2020;420782559;HOPITAL DE BELLEVUE - CHU42;420784878;1;0;0;1;172;0;0;;;;;;;;;;;;;;;;;;;;;;;;;;;;
MCOPED;2020;420785354;HOPITAL NORD - CHU42;420784878;1;1;19;4;2162;4956;13121;31;23;8;5;14.93;11.21;0;0;1;1;;71;20;47;1;37;;11;4;14;2;;14;67.31;18.02;44.39;1.36;29.73
MCOPED;2020;430000117;CH EMILE ROUX LE PUY;430000018;1;0;15;0;0;1598;2523;0;0;4;4;2.47;2.47;0;0;1;1;0;0;0;0;0;1;3;12;23;0;1;2.23;16;4.7;3.4;0;0.7;5.84
MCOPED;2020;440000016;CH DE SAINT NAZAIRE;440000057;1;1;24;2;993;2065;5622;12;10;2;;8.55;7.2;1;1;0;0;3;4;5;;;1;6;11;13;1;3;7.47;12;10.06;16.12;0.24;1.15;4.8
MCOPED;2020;440000271;CHU DE NANTES SITE HOTEL DIEU HME;440000289;1;1;111;29;6825;8754;30513;48;39;28;23;32.5;21.42;1;1;;;70;60;57;0;0;50;45;41;35;1;3;103.31;15;82.37;81.38;0.34;1.21;58.5
MCOPED;2020;440000503;CH CNP SITE CHATEAUBRIANT;440000313;1;;4;0;0;368;979;3;3;1;1;2.7;2.7;;;;;;;;;;2;7;2;3;;;4.72;4;1.57;1.05;;;2.57
MCOPED;2020;450000047;CH DEZARNAULDS - GIEN;450000096;1;1;20;;0;939;2077;1;1;6;6;2.7;2.7;0;0;1;1;7;3;7;1;;6;1;;1;;;7.05;;3;8.13;0.4;;6.78
MCOPED;2020;450000062;CH AGGLOMERATION MONTARGOISE;450000104;1;1;13;;0;939;1852;1;1;5;5;2.32;2.32;;;;;12;4;3;;;11;7;1;1;;;17.39;6;4.8;3.2;;;13.75
MCOPED;2020;450002613;CHR ORLÉANS - HÔPITAL DE LA SOURCE;450000088;1;1;59;6;1748;4220;10456;0;0;37;23;12.36;8.11;1;1;1;1;18;21;32;0;0;7;16;17;15;0;3;31.77;7;33.29;41.9;0;1.4;10.46
MCOPED;2020;460000110;CH JEAN ROUGIER CAHORS;460780216;1;0;10;0;219;489;977;2;2;2;2;2.89;2.89;0;0;1;1;1;6;5;0;0;2;1;4;1;0;0;1.22;4;8.3;5.62;0;0;3.73
MCOPED;2020;470000423;CH AGEN NERAC - HOPITAL SAINT-ESPRIT;470016171;1;0;10;2;555;872;2873;1;1;12;12;6.53;6.53;1;1;;;2;7;7;;0;7;2;12;4;;2;2.7;12;11.5;8.93;;1.3;11.12
MCOPED;2020;470000431;CH VILLENEUVE -POLE SANTE VILLENEUVOIS;470000324;1;0;7;0;0;544;1153;2;2;1;1;2.56;2.56;0;0;1;1;;1;1;;;1;;1;17;;1;;9;1.64;6.86;;0.3;4.39
MCOPED;2020;470000480;CENTRE HOSPITALIER DE MARMANDE - CHIC;470001660;1;0;14;2;32;622;1696;2;2;1;1;2.54;2.54;0;;1;;3;2;1;;;7;5;2;5;3;;5.32;2;3.42;3.3;0.39;;8
MCOPED;2020;480000017;HOPITAL LOZERE SITE VALLEE DU LOT;480780097;1;0;6;0;84;271;596;1;1;;;1.08;1.08;0;0;1;1;;11;;;1;7;;1;;;;;4;11.8;;;0.25;6.82
MCOPED;2020;490000049;CHR ANGERS SITE LARREY;490000031;1;1;62;12;3148;4426;13984;13;11;44;29;28.98;22.24;1;1;1;1;5;5;13;;0;26;18;28;11;;2;17.12;24;19.32;21.17;;0.38;40.48
MCOPED;2020;490000635;CH DE CHOLET;490000676;1;0;20;2;250;1478;4322;6;6;3;3;6.86;6.86;1;1;0;0;7;2;4;;;4;7;7;10;;;12.5;;6.25;11.34;;;3.98
MCOPED;2020;490001765;CH DE SAUMUR;490528452;1;1;5;1;106;451;1075;6;6;3;3;1.35;1.35;1;1;0;0;3;2;3;;;4;4;2;4;;;3.61;3;1.91;5.59;;;3.66
MCOPED;2020;500000021;CHAG - SITE AVRANCHES;500000054;1;0;15;0;0;1074;2597;;;10;10;7.05;7.05;1;1;0;0;3;0;1;;0;3;12;10;8;;1;12.23;18;7.69;6.29;;1.11;18.03
MCOPED;2020;500000187;CHPC - SITE CHERBOURG;500000013;1;0;23;2;211;1543;4783;;;8;8;4.16;4.16;;;;;6;9;6;;;14;4;2;2;;1;8.24;3;10.64;6.46;;0.5;16.08
MCOPED;2020;500000450;CH MEMORIAL - SAINT-LO;500000112;1;1;22;0;56;1225;3507;6;;4;;7.65;;0;;1;;6;5;7;;;5;6;6;6;;1;4.6;;5.58;9;;0.21;3.8
MCOPED;2020;510000169;CENTRE HOSPITALIER DE CHALONS;510000037;1;0;14;0;130;852;1901;1;1;6;6;3.86;3.86;;;;;6;1;3;;;1;7;1;8;;1;10.33;11;1.14;7.17;;0.49;7.42
MCOPED;2020;510000235;CENTRE HOSPITALIER D'EPERNAY;510000060;1;0;6;;0;596;1496;1;1;5;4;3.09;3.04;0;;1;;2;3;2;;;3;3;;4;;;3.79;3;2.97;5.08;;;4.11
MCOPED;2020;510002470;AMERICAN MEMORIAL HOSPITAL CHU REIMS;510000029;1;1;60;15;3541;4088;14194;32;20;3;3;15.74;7.89;1;1;1;1;17;20;18;0;0;23;14;7;5;0;0;25.74;7;27.35;19.97;0;0;22.05
MCOPED;2020;520000027;CENTRE HOSPITALIER DE CHAUMONT;520780032;1;0;23;0;0;537;1673;2;2;0;0;1.36;1.36;0;0;1;1;8;5;9;0;0;2;3;2;5;0;0;8.99;3;4.68;10.64;0;0;4.38
MCOPED;2020;520000068;CH GENEVIEVE DE GAULLE ANTHONIOZ;520780073;1;0;12;2;175;808;2124;3;2;3;3;3.61;2.95;1;1;0;0;4;1;4;;1;5;4;;1;;;7.76;1;1.2;6.03;;0.3;4.15
MCOPED;2020;530000264;CENTRE HOSPITALIER DE LAVAL;530000371;1;0;18;4;234;1323;2949;3;3;3;3;4.08;4.08;1;1;0;0;5;8;11;;;8;5;11;1;;1;8.05;2;10.83;11.78;;0.25;8.48
MCOPED;2020;540000015;CHRU NANCY - MATERNITE;540023264;1;0;0;2;173;70;78;4;3;1;1;0.21;0.18;1;1;1;1;1;1;;;;1;;;;;;1;;1;;;;1
MCOPED;2020;540000155;CENTRE HOSPITALIER DE LUNEVILLE;540000080;1;;5;;0;409;1047;2;2;2;2;3;3;0;0;1;1;5;;2;;;;1;;;;;5;1;0.8;2;;;0.25
MCOPED;2020;540001070;CH DE BRIEY - HOPITAL MAILLOT;540000767;1;1;8;;0;294;720;2;1;3;2;2.8;1.6;0;0;1;1;;;;;;;8;6;9;;;3.52;;2.59;6.06;;;
MCOPED;2020;540001096;CH DE MT ST MARTIN (GROUPE SOS SANTE);570010181;0;1;;;;;;;;;;;;;;;;;;;;;;;;;;;;;;;;;
MCOPED;2020;540002698;CHRU NANCY - HOPITAUX DE BRABOIS;540023264;1;1;101;30;6016;7992;25090;78;40;28;15;47.43;27.19;1;1;1;1;113;72;102;;3;74;39;13;33;;5;126.76;19;67.95;112.78;;6.54;78.04
MCOPED;2020;550000012;CH VERDUN/ST MIHIEL-HOP ST NICOLAS;550006795;1;0;11;2;50;631;1678;;;7;7;2.4;2.4;0;0;1;1;10;6;14;;;3;;1;2;;;8.37;;6.06;14.5;;;3
MCOPED;2020;560000127;CHBA SITE DE VANNES;560023210;1;1;25;5;732;2200;5770;12;12;3;3;9.83;9.83;1;1;1;1;0;2;2;0;0;1;10;27;21;1;2;5.57;15;19.65;18.23;0.5;0.42;6.96
MCOPED;2020;560000135;GHBS- HÔPITAL DU SCORFF;560005746;1;1;24;4;809;1603;4767;0;0;18;18;5.67;5.67;1;1;0;0;14;6;14;;;6;1;;1;;1;5.18;4;8.55;10.92;;0.83;9.12
MCOPED;2020;560000143;CHCB- SITE KÉRIO;560014748;1;0;10;3;68;482;1264;2;2;1;;2.1;2;;;;;2;9;6;;;3;;3;2;;;1.12;1;11.08;7.36;;0.02;1.86
MCOPED;2020;570000059;CH MARIE-MADELEINE DE FORBACH;570025254;1;1;24;0;0;1712;3583;4;4;1;1;3.75;3.75;0;0;1;1;5;9;4;0;1;9;4;6;4;1;0;7.74;9;12.43;7.12;0.15;0.04;14.36
MCOPED;2020;570000117;CH SAINT-NICOLAS DE SARREBOURG;570015099;1;;6;;0;557;1555;4;4;;;4;3.48;;;1;1;5;2;5;1;0;0;1;1;4;;1;3.78;4;3.62;8.04;0.05;0.5;3.25
MCOPED;2020;570000349;HOPITAL BEL AIR DE THIONVILLE - CHR;570005165;1;1;15;2;145;1246;3564;24;3;7;5;19.94;2.59;0;0;0;1;3;8;7;;;4;2;3;;;;4.87;1;10.54;6.59;;;3.56
MCOPED;2020;570000646;HOPITAL-CLINIQUE CLAUDE BERNARD;570001115;1;;9;9;367;68;92;;;;;;;;;;;1;1;1;;;1;2;;1;;;1.77;2;0.56;1.26;;;1.37
MCOPED;2020;570000901;HOPITAL ROBERT PAX DE SARREGUEMINES;570000158;1;0;16;4;16;680;1802;4;4;;;4;4;0;;1;;;4;1;;;8;2;6;;;;1.94;4;6.69;0.24;;;8.76
MCOPED;2020;570026682;HOPITAL DE MERCY - CHR METZ THIONVILLE;570005165;1;1;37;3;779;1849;6934;9;9;9;9;6.71;6.71;1;1;0;0;8;12;;;;9;4;6;;;;10.35;3;14.88;;;;7.82
MCOPED;2020;580972693;HOPITAL PIERRE BEREGOVOY;580780039;1;1;20;;0;1233;2832;;;5;5;1;1;1;1;0;0;2;0;2;0;1;0;8;5;12;0;;7.27;2;2.26;8.76;0;1;1.59
MCOPED;2020;590000121;CH SECLIN;590780227;1;1;11;0;97;688;1512;8;8;2;2;9.06;9.06;1;1;0;0;;14;6;1;;4;;1;;;1;1.57;3;11.87;6.84;0.05;0.5;6.01
MCOPED;2020;590000337;CH DUNKERQUE;590781415;1;1;24;4;1193;2659;5631;7;7;8;7;9.58;9.4;0;0;1;1;6;5;12;;;12;10;11;17;;2;9.55;5;12.02;20.96;;0.7;13.86
MCOPED;2020;590000428;CH CAMBRAI;590781605;1;0;19;4;354;1391;2642;4;4;2;2;4.58;4.58;0;0;1;1;6;7;16;;;5;0;7;6;;;5.18;4;10.93;18.52;;;7.28
MCOPED;2020;590000535;CH SAMBRE AVESNOIS MAUBEUGE;590781803;1;;18;3;330;1348;2748;9;7;1;0;8.18;6.5;1;1;1;1;9;11;20;0;0;10;4;3;4;0;0;11.94;0;12.33;21.5;0;0;10.33
MCOPED;2020;590000618;CH VALENCIENNES;590782215;1;1;48;16;1530;4636;9560;23;16;3;2;16.79;11.57;1;1;0;0;5;9;9;0;0;25;2;18;1;0;1;9.03;6;20.71;8.88;0;0.84;27.68
MCOPED;2020;590000758;CH ARMENTIERES;590782637;1;0;13;2;546;1065;1898;;;9;9;3.15;3.15;;1;;1;5;7;14;;;2;3;8;8;1;1;7.17;3;12.7;17.79;0.1;0.54;3.26
MCOPED;2020;590001004;CH DOUAI DECHY;590783239;1;1;19;;0;1815;4223;5;5;0;0;4.39;4.39;0;0;1;1;7;5;9;;;5;;2;;;1;4.85;1;8.02;7.22;;0.5;10.21
MCOPED;2020;590006607;HOP JEANNE DE FLANDRE CHR LILLE;590780193;1;;45;20;7973;5691;25065;25;21;;;30.41;22.82;;;;;67;76;78;0;1;88;25;55;44;0;8;78.12;54;104.7;105.43;0;4.13;120.07
MCOPED;2020;590787586;HOP CARDIOLOGIQUE CHR LILLE;590780193;1;0;10;2;334;737;2290;5;2;;;3.39;2.45;;;;;3;5;4;0;0;10;5;7;4;0;0;6.36;2;9.89;7.57;0;0;10.92
MCOPED;2020;590796975;HOP SALENGRO - HOPITAL B CHR LILLE;590780193;1;;21;2;869;5216;5362;6;6;2;2;3.82;3.77;;;;;5;3;6;0;1;8;3;4;3;0;1;7.96;9;6.43;9.28;0;1.4;15.06
MCOPED;2020;590797353;HOPITAL SAINT VINCENT - SAINT ANTOINE;590051801;1;1;22;17;4398;2956;7311;14;6;10;4;17.95;7.86;;;;;5;5;9;;;;10;11;27;;;7.9;;11.08;19.33;;;
MCOPED;2020;590801106;HOPITAL VICTOR PROVO;590782421;1;;50;5;992;3466;7361;7;7;12;12;12.18;12.18;1;1;0;0;7;8;16;0;0;8;10;13;8;0;1;14.08;2;16.18;21.45;0;0.8;10.9
MCOPED;2020;590804696;HOPITAL GUY CHATILIEZ CH TOURCOING;590781902;1;1;13;;0;1113;2173;4;4;1;1;4.6;4.6;0;0;1;1;2;5;2;;;13;1;6;0;;1;2.7;5;8.42;1.08;;0.25;10.84
MCOPED;2020;600000053;CH GHPSO SENLIS;600101984;0;1;;;;;;;;;;;;;;;;;;;;;;;;;;;;;;;;;
MCOPED;2020;600000194;CH BEAUVAIS;600100713;1;;28;3;130;1965;4480;6;6;5;5;7.64;7.64;;;;;6;3;4;0;1;9;4;0;3;0;0;9.81;2;2.71;6.23;0;1;11.66
MCOPED;2020;600000467;CH GHPSO CREIL;600101984;1;1;34;5;605;3032;8546;;;13;13;4.33;4.33;1;1;1;1;23;;11;;;16;22;5;16;;3;33.71;23;2.72;17.4;;0.76;23.48
MCOPED;2020;600113476;CH CHICN COMPIÈGNE;600100721;1;1;20;2;352;1311;3441;5;5;6;6;6.81;6.81;;;;;3;0;0;0;0;4;17;1;14;0;2;11.18;7;0.6;7.72;0;0.88;7.9
MCOPED;2020;610000051;CHICAM - SITE ALENCON;610780082;1;1;16;0;289;951;2167;4;4;4;4;6.23;6.23;1;1;0;0;;;;;;4;12;6;15;;;6.15;4;3;7.64;;;6.87
MCOPED;2020;610000069;CENTRE HOSPITALIER D'ARGENTAN;610780090;1;0;20;;114;1318;2409;3;2;1;1;3.6;2.6;0;0;1;1;8;3;1;;;10;1;2;;;2;9.37;4;3.99;1;;0.25;12.78
MCOPED;2020;610000119;CH -JACQUES MONOD- - FLERS;610780165;1;;21;0;0;1219;4346;3;3;4;3;5.48;4.84;;;;;10;5;7;;;14;9;5;10;;2;16.95;7;7.98;12.24;;1.4;17.84
MCOPED;2020;620000026;ETAB HOPALE CTRE CALOT/HELIO;620003814;1;0;2;1;116;12;29;2;1;;;0.1;0.05;0;0;1;0;8;;2;2;;8;;;;;;1;;;0.25;0.25;;1
MCOPED;2020;620000034;CH ARRAS;620100057;1;1;28;6;420;2072;4864;7;7;8;8;10.23;10.23;1;1;0;0;10;7;13;;1;10;3;1;1;;;15.83;5;9.1;16.74;;1;14.4
MCOPED;2020;620000224;CH BETHUNE;620100651;1;0;20;2;411;1185;2628;5;4;4;3;5.88;1.65;0;0;1;1;1;5;10;0;0;3;2;5;3;0;0;2.79;4;9.41;11.28;0;0;8.48
MCOPED;2020;620000257;CH LENS;620100685;1;1;25;10;1089;3042;7743;;;4;2;;;;;;;15;6;18;;;10;8;7;7;;2;21.02;4;8.77;21.76;;0.89;11.97
MCOPED;2020;620000323;CH CALAIS;620101337;1;1;15;4;627;1257;3089;1;;31;;8.59;;;;;;3;1;1;;;11;20;31;24;;4;9.32;11;9.13;10.12;;0.96;8.39
MCOPED;2020;620000349;CH REGION DE ST OMER;620101360;1;1;12;0;48;822;1557;;;8;8;2.62;2.62;0;0;1;1;3;11;6;;;2;;3;1;;;1.41;1;11.94;6.8;;;2.59
MCOPED;2020;620000653;CH BOULOGNE-SUR-MER;620103440;1;1;29;2;464;1824;3994;;;19;12;4.04;2.97;;;;;4;3;8;;1;11;6;9;8;;;8.41;3;6.89;13.46;;1;12.34
MCOPED;2020;620003202;CH ARRONDISSEMENT DE MONTREUIL;620103432;1;0;18;2;93;990;1784;2;1;6;6;5.07;4.07;0;0;1;1;5;8;2;;;2;1;4;2;;1;5.27;3;10.98;3.28;;0.25;3.79
MCOPED;2020;630000446;CH DE THIERS;630781029;1;0;0;1;7;0;0;1;;1;;1.9;;;;;;;;;;;;;;;;;;;;;;;
MCOPED;2020;630781268;HOPITAL ESTAING - CHU63;630780989;1;1;60;18;497;3755;15497;28;21;3;3;21.29;14.97;1;;1;;29;20;36;;;18;19;21;14;;4;34.74;17;32.82;41.63;;1.69;28.25
MCOPED;2020;640000162;CH DE LA COTE BASQUE - BAYONNE;640780417;1;;25;2;839;3189;6100;6;6;7;7;8.28;8.28;1;1;;;0;4;9;0;0;6;2;7;2;0;1;2.83;4;11.98;11.39;0;0.9;8.96
MCOPED;2020;640000600;CENTRE HOSPITALIER DE PAU;640781290;1;1;24;4;1378;1545;4413;6;6;8;8;7.29;7.29;1;1;1;1;0;3;2;0;1;2;1;20;13;1;0;1.26;15;11.48;8.78;0.06;0.67;9.72
MCOPED;2020;650000417;CH BIGORRE SITE GESPE TARBES;650783160;1;1;18;6;436;796;2320;6;6;2;2;8.5;8.5;0;0;0;0;6;11;0;0;1;18;0;11;0;0;1;5.79;9;17.76;0;0;1.5;20.61
MCOPED;2020;660000084;CH PERPIGNAN;660780180;1;;25;5;885;1721;4254;6;6;8;8;11.22;11.22;;;;;20;9;9;;;15;1;2;1;;2;21.36;2;8.8;10;;1.04;20.48
MCOPED;2020;670000157;CENTRE HOSPITALIER DE HAGUENAU;670780337;1;1;18;2;361;949;2842;5;;7;;6.08;;1;1;0;0;6;6;;0;1;13;4;5;;1;2;6.88;12;9.29;;0.06;1.65;15.26
MCOPED;2020;670000165;CH SAINTE-CATHERINE DE SAVERNE;670780345;1;1;11;6;43;421;940;6;;3;;4.69;;1;1;0;0;6;4;;;;10;7;6;3;;1;5.64;3;3.91;1.81;;0.5;7.01
MCOPED;2020;670000397;CENTRE HOSPITALIER DE SELESTAT;670017755;1;1;14;;0;741;1419;4;3;4;3;4.06;2.87;0;0;1;1;1;;4;;;3;6;1;;;;5.63;4;0.8;3.33;;;6.43
MCOPED;2020;670780212;CLINIQUE SAINTE-ANNE;670014604;1;0;6;;0;310;466;;;12;12;6;6;;;1;1;;4;9;;;;;4;5;;;;;6.12;12.96;;;
MCOPED;2020;670783273;HOPITAL DE HAUTEPIERRE;670780055;1;1;106;33;3771;6175;23051;56;35;18;13;38.7;32.2;1;1;1;1;56;59;29;;4;57;62;44;12;2;6;87.3;35;88.02;37.67;0.26;6.7;72.5
MCOPED;2020;680000684;HOPITAL LOUIS PASTEUR;680000973;1;1;31;13;2080;2122;5528;12;12;10;10;5.75;4.88;1;1;0;0;4;11;19;;;10;10;7;7;;;12.54;6;17.25;24.8;;;13.42
MCOPED;2020;680004546;HOPITAL EMILE MULLER;680020336;1;1;77;5;1571;2166;9967;15;9;10;9;16.9;14.5;1;;1;;34;37;27;;2;20;;1;;1;2;32.11;12;30.54;23.82;0.2;2.57;23.17
MCOPED;2020;690000427;CTRE MEDICO-CHIR READAPT. LES MASSUES;750721334;1;0;;2;558;0;0;3;1;1;;1.92;1;0;0;1;0;4;;2;4;1;14;;;;1;1;1.36;5;;1.34;1.94;0.45;7.84
MCOPED;2020;690000575;CH NORD OUEST - VILLEFRANCHE;690782222;1;0;40;4;1292;2816;7462;2;2;17;13;6.11;5.19;1;1;0;0;4;2;6;;;7;46;20;9;;1;26.56;15;9.39;5.23;;0.17;14.4
MCOPED;2020;690000880;CENTRE LEON BERARD;690783220;1;;18;;0;2721;2333;6;6;4;4;9.1;9.1;;;;;20;8;10;;2;12;2;1;2;;;16.98;2;7.4;9.86;;1;10.91
MCOPED;2020;690007539;HOPITAL FEMME MERE ENFANT - HCL;690781810;1;1;264;77;18006;12917;46876;41;27;68;47;61.41;45.21;1;1;1;1;158;68;169;3;3;86;47;27;46;4;21;193.15;42;96.17;199.15;3.9;14.09;102.95
MCOPED;2020;690019849;IHOP - HCL;690781810;1;0;44;16;2518;680;2993;3;3;5;5;4.91;4.91;0;0;1;1;25;14;25;;;14;6;1;4;;2;31.98;3;13.75;25.69;0.3;0.87;16.71
MCOPED;2020;690041132;MEDIPOLE HOPITAL MUTUALISTE;690006598;1;0;19;1;25;379;1529;2;2;13;13;8.87;8.87;0;0;1;1;14;13;40;;;2;3;1;7;;;16.15;1;11.03;41.9;;;1.89
MCOPED;2020;690784186;HOPITAL LOUIS PRADEL - HCL;690781810;1;0;32;1;248;919;9218;11;5;6;3;9.02;1.81;1;0;1;0;;;;;;;;;;;;24.86;;8.41;8.19;;;11.55
MCOPED;2020;700000029;GH HAUTE SAONE SITE VESOUL;700004591;1;0;14;4;339;1609;2691;8;;3;;10.5;;;;;;6;8;8;;;7;2;8;2;;2;7.36;3;14.5;9.77;;1.25;8.25
MCOPED;2020;710010067;CH DU PAYS CHAROLAIS BRIONNAIS;710780644;1;0;10;;0;1054;1412;4;;2;;3.12;;;;;;1;6;10;;;1;2;3;2;;;2.15;;7.17;8.8;;;1
MCOPED;2020;710010786;CH AUTUN SITE PARPAS;710781451;1;0;5;;0;305;573;2;;0;;2;;0;;1;;4;4;3;;;11;1;;1;;;5.46;6;4;2.24;;;12.64
MCOPED;2020;710978263;CH WILLIAM MOREY CHALON SUR SAONE;710780958;1;1;18;;0;2379;4116;8;8;6;6;10.27;10.27;1;;0;;7;8;8;;1;3;;1;1;;1;7;3;8.71;8.2;;1.95;3
MCOPED;2020;710978289;CH LES CHANAUX MACON;710780263;1;1;16;1;70;1175;2586;5;;3;;6.4;;1;;1;;7;14;15;;;5;0;3;3;;;7.9;0;16.3;15.32;;;4.81
MCOPED;2020;710978347;HOTEL DIEU DU CREUSOT;570010181;1;0;2;;0;30;0;;;3;;1.13;;;;;;;;;;;;;;;;;;2;;;;;1.55
MCOPED;2020;720000033;CENTRE HOSPITALIER DU MANS;720000025;1;1;63;14;2634;5013;12460;0;0;16;10;6.01;4.15;1;1;1;1;12;9;18;;0;3;24;5;31;;1;31.96;7;8.77;39.4;;0.5;7.27
MCOPED;2020;720016179;POLE SANTE SARTHE ET LOIR;720016724;1;0;7;;110;476;1003;1;1;3;3;2.7;2.7;;;;;2;2;;;;1;4;;6;;2;4.09;5;2;2.77;;0.2;3.96
MCOPED;2020;730000031;CHMS CHAMBERY NH;730000015;1;1;36;6;974;2215;8041;6;6;11;11;14.21;14.21;1;1;0;0;14;8;0;0;1;20;5;20;0;0;2;11.85;26;14.53;0;0;1.73;25.68
MCOPED;2020;730000262;CH D'ALBERTVILLE;730002839;1;0;14;0;0;677;1562;3;3;6;6;4.93;4.93;0;0;1;1;;;;;;1;7;12;18;;;6.02;7;6.18;7.65;;;5.44
MCOPED;2020;740000237;CH ANNECY-GENEVOIS SITE ANNECY;740781133;1;1;36;4;523;2538;7465;5;5;12;12;10.27;9.35;1;1;;;12;4;13;;;3;17;11;18;;;20.07;11;8.6;26.58;;;5.32
MCOPED;2020;740000328;HOPITAUX DU LEMAN;740790381;1;1;16;4;495;1249;2695;6;5;2;2;3.79;3.49;0;0;0;0;12;3;3;;;1;8;1;10;;;7.95;2;1.25;5.01;;;2.71
MCOPED;2020;740781141;CH ALPES LEMAN;740790258;1;0;22;0;0;2035;4040;3;3;9;9;6.93;6.93;1;1;1;1;5;12;8;;0;4;7;4;7;;2;10.28;3;13.09;13.73;;0.62;5.1
MCOPED;2020;740781224;HOPITAUX DU MONT BLANC SITE SALLANCHES;740001839;1;1;21;3;448;1226;3455;;;6;6;2.31;2.31;;;1;1;3;3;6;;;5;10;5;3;;1;11.13;6;6.24;7.77;;0.75;8.67
MCOPED;2020;750000549;HOPITAL FONDATION A DE ROTHSCHILD;750150229;1;0;13;0;360;283;1590;10;5;4;1;11.05;5.21;0;0;0;0;10;;3;;;;1;;;;3;11.34;;;2.77;;0.86;
MCOPED;2020;750100109;HU EST PARISIEN SITE TROUSSEAU APHP;750712184;1;1;163;39;7257;9686;33747;18;4;5;4;13.4;5.1;1;1;;;61;12;27;;6;25;16;1;3;;5;50.48;3;9.5;18.53;;7.66;20.8
MCOPED;2020;750100166;HU PARIS CENTRE SITE COCHIN APHP;750712184;1;0;10;6;1273;175;3136;6;2;4;;7.1;2;0;0;0;0;12;;1;;1;15;2;;;;4;12.93;;;1;;1.98;12.19
MCOPED;2020;750100208;HU NECKER ENFANTS MALADES APHP;750712184;1;1;443;79;11038;18069;78081;245;114;169;48;277.15;113.89;1;1;1;1;486;132;200;22;15;501;94;18;31;7;20;442.93;115;145.23;190.47;33.38;25.94;529.52
MCOPED;2020;750803454;HU ROBERT DEBRE APHP;750712184;1;1;281;49;9999;11749;44735;89;47;90;45;103.59;51.44;1;1;0;0;308;78;135;12;21;201;51;10;19;5;21;348;51;86;150;15;33;234
MCOPED;2020;760000018;CH DIEPPE;760780023;1;0;21;2;165;1059;2701;8;8;;;5.45;5.45;1;1;0;0;5;3;;;;14;11;6;;;1;13.38;8;7.81;;;0.7;20.35
MCOPED;2020;760000158;HOPITAL CHARLES NICOLLE CHU ROUEN;760780239;1;1;213;44;5629;6578;23748;57;38;13;11;43.55;33.69;1;1;0;0;81;50;76;;3;63;78;41;53;;5;133.07;26;70.14;102.15;;4.98;71.44
MCOPED;2020;760000364;CHI DU PAYS DES HAUTES FALAISES FECAMP;760780734;1;1;10;;0;651;1546;1;1;2;2;2.2;2.2;0;0;1;1;6;1;;;;9;5;;;;1;11.03;2;0.75;;;0.05;8.07
MCOPED;2020;760000463;CH LES FEUGRAIS CHI ELBEUF;760024042;1;0;12;0;0;1327;1996;4;4;5;5;7.64;7.64;;1;;0;1;;;;;2;12;19;10;;;8.87;12;10.07;6.87;;;9.9
MCOPED;2020;760025312;CLINIQUE MATHILDE ROUEN;760000315;1;0;8;;0;462;1385;9;2;;;9;2;;;;;3;1;1;;;3;0;0;0;;;3.14;;1;1;;;3
MCOPED;2020;760805770;HOPITAL JACQUES MONOD CH LE HAVRE;760780726;1;1;53;14;1202;4724;9972;1;;23;;6.53;;;;;;22;7;6;;0;31;31;13;9;;2;38.27;31;14.45;8.23;;1.39;44.83
MCOPED;2020;770000131;CH DE COULOMMIERS;770021145;1;0;10;0;0;614;1559;4;4;1;;4.78;4.28;;;;;6;1;7;;1;6;1;1;;;;7.3;;1.72;7.25;;0.5;5.42
MCOPED;2020;770000149;CH DE FONTAINEBLEAU;770021152;1;;17;3;543;1270;2869;4;4;2;2;3.56;3.55;;;;;21;4;11;;;4;12;5;6;;1;27.03;5;7.05;14.75;;0.46;9.17
MCOPED;2020;770000156;CH DE MELUN SITE SANTEPOLE;770110054;1;1;46;4;399;1762;3841;9;9;21;20;14.88;13.96;1;1;0;0;45;16;7;;1;23;9;2;;;1;41.63;15;15.1;6.23;;1.5;29.19
MCOPED;2020;770000164;CH SUD SEINE ET MARNE SITE MONTEREAU;770021152;1;0;30;1;0;103;12;1;1;;;1.28;1.28;;;;;1;2;1;;;3;;;1;;1;1;1;2;1.25;;0.3;3.13
MCOPED;2020;770000172;CH DE PROVINS LEON BINET;770110070;1;;14;2;86;787;1578;4;;2;;6.31;;;;;;9;4;5;;;2;2;1;3;;1;11.66;1;5.7;8.85;;0.45;2.77
MCOPED;2020;770000446;CH DE MEAUX SITE SAINT FARON;770021145;1;1;28;3;839;2676;6446;20;19;10;6;21.53;19.72;1;1;0;0;25;7;18;;;7;9;1;6;;3;30.88;1;8.02;21.85;;1.5;6.88
MCOPED;2020;770019032;GHEF MARNE LA VALLEE SITE JOSSIGNY;770021145;1;0;25;2;753;1736;5634;15;15;12;9;18.04;16.55;1;;0;;10;;4;;;9;3;1;;;;13.2;1;1.15;4.87;;;8.79
MCOPED;2020;770300135;CLINIQUE MEDICO CHIRURG LES FONTAINES;770000289;0;1;;;;;;;;;;;;;;;;;;;;;;;;;;;;;;;;;
MCOPED;2020;780000287;CH FRANCOIS QUESNAY MANTES;780110011;1;1;39;5;646;2664;5618;7;;1;;4.85;;1;1;0;0;7;6;28;2;;14;8;;9;;2;14.1;1;6.03;26.16;0.3;0.88;9.31
MCOPED;2020;780000311;CHI POISSY ST GERMAIN SITE DE POISSY;780001236;1;1;36;4;1093;2730;7429;9;9;5;4;7.76;7.13;0;0;0;0;10;10;9;;2;10;9;5;6;;1;17.1;3;14.71;14.33;;2.45;12.44
MCOPED;2020;780000329;CH DE RAMBOUILLET;780110052;1;1;8;2;224;751;1702;4;4;2;2;3.35;3.35;1;1;0;0;6;4;10;;;5;4;1;;;;5.78;;4.3;10;;;5
MCOPED;2020;780630026;CENTRE PEDIATRIQUE DES COTES;750803900;1;;1;8;1735;22;223;3;3;6;6;2.71;2.71;1;1;0;0;13;;12;;;;2;;4;4;;2.05;1;;1.3;0.1;;0.9
MCOPED;2020;780800256;CH DE VERSAILLES SITE ANDRE MIGNOT;780110078;1;1;30;6;1152;2928;8678;6;6;13;13;11.75;11.75;;;;;18;8;18;;;4;3;1;5;;3;19.55;1;8.9;22.08;;1.95;4.9
MCOPED;2020;790000087;CENTRE HOSPITALIER DE NIORT;790000012;1;1;19;5;205;1440;3207;8;8;4;4;9.29;1.66;1;1;0;0;11;7;13;;1;6;8;;6;1;3;16.03;10;7.13;17.93;0.2;1.62;10.03
MCOPED;2020;800000143;CH ABBEVILLE;800000028;1;1;19;1;69;876;2341;2;2;5;5;4.03;4.03;0;0;1;1;6;3;4;;;7;5;1;2;;0;10.15;4;3.3;4.6;;0;7.74
MCOPED;2020;800000192;CHU AMIENS NORD;800000044;0;1;;;;;;;;;;;;;;;;;;;;;;;;;;;;;;;;;
MCOPED;2020;800006124;CHU AMIENS SUD;800000044;1;1;97;16;2876;6053;18713;10;9;31;27;17.88;15.93;1;1;0;0;40;15;26;;;42;36;10;11;;3;65.83;14;19.89;32.95;;1.5;49.16
MCOPED;2020;810000505;CH ALBI;810000331;1;1;12;3;385;789;2322;0;0;5;5;2.64;2.64;0;0;1;1;10;4;3;0;0;3;3;2;2;0;0;7.86;4;6.03;4.71;0;0;3.66
MCOPED;2020;810000521;CHIC CASTRES MAZAMET SITE AUTAN;810000380;1;0;12;0;132;935;1933;3;3;6;6;6.19;6.19;0;0;1;1;4;12;12;5;;5;;7;3;5;1;1.81;2;8.81;8.52;0.18;0.15;2.56
MCOPED;2020;820000032;CH DE MONTAUBAN;820000016;1;0;15;2;324;1157;2169;;;11;8;4.98;4.73;0;0;1;1;6;7;9;;;8;3;4;1;;;7.73;5;8.8;7;;;10.64
MCOPED;2020;830000287;CH LA DRACENIE DE DRAGUIGNAN;830100525;1;0;11;2;22;820;1463;4;4;5;3;4.69;4.46;;;;;1;0;0;0;0;0;4;9;4;4;2;3.22;14;5.84;2.92;0.59;0.33;7.65
MCOPED;2020;830000295;CH DE HYERES MARIE JOSEE TREFFOT;830100533;1;;20;0;0;1371;2930;4;4;4;4;4.78;4.78;0;0;1;1;3;7;5;;;6;3;5;7;;;4.83;6;10.16;8.99;;;7.86
MCOPED;2020;830000311;CHI DE FREJUS SAINT RAPHAEL;830100566;1;1;12;6;132;1141;2008;2;2;3;3;3.62;3.12;0;;1;;7;9;12;;;15;;4;;;;6.63;1;11.06;11.94;;;13.21
MCOPED;2020;830000345;CHITS CH SAINTE MUSSE;830100616;1;;32;1;346;3385;6815;9;9;8;6;9.22;8.17;;;;;1;4;11;;;6;12;17;10;;1;7.43;26;12.88;17.37;;0.8;12.94
MCOPED;2020;830100558;HOPITAL RENEE SABRAN HYERES;690781810;1;0;2;2;193;5;56;1;;;;0.27;;1;0;0;0;;;;;;;;;;;;;;;;;;
MCOPED;2020;840000418;CHI DE CAVAILLON LAURIS;840004659;1;0;1;;0;4;0;;;7;7;1.37;1.37;0;0;1;1;;;;;;;;;;;;;;;;;;
MCOPED;2020;840001861;CH D'AVIGNON HENRI DUFFAUT;840006597;1;1;50;1;460;4629;8561;;;;;3.96;2.37;1;1;;;;;;;;;;;;;;10.24;;25.56;26.1;0.5;2.26;19.69
MCOPED;2020;850000142;CENTRE HOSPITALIER-SITE LA ROCHE/YON;850000019;1;;23;3;557;2709;5221;5;3;14;12;4.98;4.81;;;;;;;1;;;;23;14;24;;;20.85;16;9.6;19.92;;0.08;12.35
MCOPED;2020;850000241;CENTRE HOSPITALIER COTE DE LUMIÈRE;850000084;1;0;7;0;0;521;1092;3;3;1;1;2.06;2.06;0;0;1;1;7;1;2;0;0;15;0;1;4;0;0;4.51;4;0.75;2.12;0;0;3.37
MCOPED;2020;850009630;CH FONTENAY SITE POLE SANTE SUD VENDEE;850000035;1;0;10;;0;627;1075;;;1;1;0.03;0.03;;;;;3;1;1;;;;3;1;6;;;3.91;;1.08;5.68;;;
MCOPED;2020;860000223;CHU LA MILETRIE;860014208;1;1;37;3;661;3588;9766;12;12;25;21;27.92;25.42;0;0;1;1;16;5;10;1;0;8;9;5;14;2;0;21.21;3;6.29;18.79;2;0;7.89
MCOPED;2020;870014859;HOPITAL DE LA MERE ET DE L'ENFANT;870000015;1;1;80;19;2899;3595;8352;32;22;5;2;23.95;15.82;1;1;1;1;57;43;33;5;2;65;31;24;8;1;;83.2;22;61.36;38.11;6.64;0.89;81.84
MCOPED;2020;880000021;CHI E.DURKHEIM - PLATEAU DE LA JUSTICE;880007059;1;;10;0;0;958;1695;9;9;2;2;9.48;9.48;1;1;0;0;5;4;0;;;2;16;12;21;;;18.22;4;13.31;11.93;;;4.38
MCOPED;2020;880000047;CENTRE HOSPITALIER DE SAINT-DIE;880780077;1;;10;;0;736;1509;2;2;;;1.99;1.99;;;1;1;4;7;9;;;1;;3;;;;4;;9.74;7.13;;;1
MCOPED;2020;880000054;CHI L'OUEST VOSGIEN SITE NEUFCHATEAU;880007299;1;0;8;2;330;468;1080;;;3;2;2.38;2.18;0;0;1;1;;1;;;;;1;6;;;;0.86;30;5.57;;;;7.29
MCOPED;2020;880000062;CENTRE HOSPITALIER DE REMIREMONT;880780093;1;1;7;3;523;889;1822;1;;5;5;2.25;1.25;0;0;1;1;;;;;;;13;7;;;3;6.59;25;1.85;;;1.42;12.43
MCOPED;2020;890975527;CH AUXERRE;890000037;1;;18;2;177;1232;2898;4;4;3;;4.45;4;1;;0;;19;8;10;;;7;2;1;2;;;20.36;2;8.86;11.61;;;8.72
MCOPED;2020;890975550;CH SENS;890970569;1;1;22;2;105;1023;2757;7;;2;;5.2;;0;0;1;1;5;5;5;;;2;;1;1;;1;6.17;2;5.17;6.54;;0.5;3.22
MCOPED;2020;900003039;HNFC SITE TREVENANS;900000365;1;1;19;6;279;1608;3503;8;8;11;9;10.66;10.61;1;1;0;0;8;4;11;0;0;1;5;2;2;0;0;13.05;0;4.36;13.74;0;0;1.04
MCOPED;2020;910000272;CH D ARPAJON;910110014;1;1;13;2;192;776;1873;9;9;1;0;9.6;9;1;1;1;1;13;0;7;0;0;5;2;6;0;0;2;12.91;0;3.94;4.96;0;0.25;5.51
MCOPED;2020;910000280;CH DOURDAN ETAMPES SITE DOURDAN;910019447;1;1;16;2;43;644;1989;3;3;2;2;3.97;3.97;;;;;11;2;14;;;4;3;2;6;;;10.39;;3.7;12.27;;;3.1
MCOPED;2020;910000298;CH DES DEUX VALLEES SITE LONGJUMEAU;910110055;1;1;22;4;636;1749;3138;8;3;2;3;9.25;4.51;;;;;12;2;3;;;1;7;2;8;;;11.71;1;3.84;7.09;;;1
MCOPED;2020;910000306;CH D ORSAY;910110055;1;1;0;2;724;547;1028;4;;2;;6.49;;;;;;2;;1;;;1;;;;;;5.95;1;0.5;5.85;;;1.75
MCOPED;2020;910020254;CH SUD FRANCILIEN SITE JEAN JAURES;910002773;1;1;34;6;1098;2790;8753;8;8;9;9;10.52;10.52;1;1;;;17;5;12;0;2;11;1;2;0;0;2;16.79;7;7.67;12.6;0;2.84;16.32
MCOPED;2020;920000585;CH RIVES DE SEINE SITE NEUILLY S/SEINE;920026374;1;1;18;;0;1372;2665;2;2;1;1;4.73;4.73;;;;;16;5;14;;;8;1;;2;;3;8.83;5;1.3;9.94;;1.1;8.76
MCOPED;2020;920000643;INSTITUT FRANCO BRITANNIQUE KLEBER;920032505;1;;0;0;264;276;707;6;6;5;5;7.28;7.28;1;1;1;1;5;2;6;;;1;2;1;;;;5.85;;2.94;5.25;;;1
MCOPED;2020;920000684;HOPITAL MARIE LANNELONGUE;750150120;1;0;32;0;0;1053;6923;10;1;2;1;11.34;0.89;;;;;35;13;26;;;;5;1;2;;;39.33;;14.28;29.75;;;
MCOPED;2020;920100013;HU OUEST SITE AMBROISE PARE APHP;750712184;1;;30;4;761;1612;4915;12;;5;;16.35;;1;;1;;22;3;26;;2;16;4;;3;;1;25.27;2;3;28.36;;2.5;17.16
MCOPED;2020;920100021;HU PARIS SUD SITE ANTOINE BECLERE APHP;750712184;1;1;45;4;521;2543;4759;10;;8;;14.69;;1;;0;;34;10;21;;3;13;13;6;6;;;45.2;4;15.99;26.14;;3;16.43
MCOPED;2020;920100047;HU PARIS NORD SITE LOUIS MOURIER APHP;750712184;1;;;;1128;1729;2834;7;7;2;2;8;8;1;1;1;1;31;5;26;0;1;15;5;3;3;0;1;35;2;7;30;0;2;14
MCOPED;2020;920100054;HU PARIS SITE RAYMOND POINCARE APHP;750712184;1;0;31;5;1811;612;5953;5;;10;;15.28;;;;;;39;1;20;0;2;40;5;1;1;0;2;43.1;3;1.86;20.42;0;3.36;41.09
MCOPED;2020;920300191;CLINIQUE MARCEL SEMBAT CCBB;920000767;1;0;30;0;;;;20;;61;;45;0;0;0;1;0;12;2;1;;;;;;;1;;12;;2;1;1;0;0
MCOPED;2020;920300787;HOPITAL AMERICAIN;920000981;0;1;;;;;;;;;;;;;;;;;;;;;;;;;;;;;;;;;
MCOPED;2020;930000286;GHI LE RAINCY MONTFERMEIL;930021480;1;1;18;2;1581;1099;3277;10;1;7;6;9.95;2.94;;;;;15;2;10;;;8;1;1;1;;2;13.57;4;3.15;9.8;;1.03;9.25
MCOPED;2020;930000302;CHI ANDRE GREGOIRE;930110036;1;1;17;3;375;1501;3104;7;7;7;7;9.54;9.54;1;1;0;0;10;1;9;;;6;2;;1;;1;12.41;;0.64;7.59;;0.73;5.28
MCOPED;2020;930000328;CH GENERAL DELAFONTAINE;930110051;1;1;30;2;575;1781;5749;8;;2;;9.06;;;;;;24;5;17;;2;;2;0;2;;0;24.13;;4.24;18.36;;1.25;
MCOPED;2020;930000336;CHI ROBERT BALLANGER;930110069;1;;24;4;2453;2071;7868;4;2;8;6;7.63;6.61;;;;;14;4;10;;;7;2;;4;;;13.33;8;3.36;11.89;;;10.78
MCOPED;2020;930100045;HU PARIS SITE JEAN VERDIER APHP;750712184;1;1;36;8;1847;1894;6359;11;11;28;22;25.6;24;;;;;59;9;17;;;33;1;;1;;1;57.9;6;8.2;15.2;;0.21;40.74
MCOPED;2020;940000573;CHI DE CRETEIL;940110018;1;1;47;5;1694;4201;11382;18;12;9;8;23.06;16.56;1;1;0;0;42;4;19;0;1;26;3;0;0;0;2;45.95;4;4.33;18.93;0;2.4;29.46
MCOPED;2020;940000599;CHI LUCIE ET RAYMOND AUBRAC;940110042;1;1;56;7;949;3043;8593;19;;16;;26.3;;1;1;0;0;47;6;26;0;1;42;3;0;2;0;0;49.65;1;6.75;27.4;0;1;42.25
MCOPED;2020;940000649;HOPITAL SAINT CAMILLE;940150014;1;1;36;8;1152;2514;5580;2;1;11;10;5.69;4.61;;;;;12;3;8;;;5;2;1;2;;;9.88;;3.58;9.26;;;4.54
MCOPED;2020;940000664;CLCC INSTITUT GUSTAVE ROUSSY;940160013;1;1;22;8;3139;1194;5624;18;13;3;1;18.13;13.89;1;;1;;46;7;6;0;2;40;7;0;0;0;0;53;2;9;6;0;2;42
MCOPED;2020;940100043;HU PARIS SUD SITE KREMLIN BICETRE APHP;750712184;1;1;150;22;4115;5634;24180;67;;;;67;;;;;;130;23;54;;3;117;28;4;6;;5;157.11;32;25.12;59.22;;5.04;144.32
MCOPED;2020;950000307;CH VICTOR DUPOUY;950110015;1;1;17;4;749;1908;4287;6;6;8;7;8.17;7.95;;;;;10;2;13;0;0;5;3;0;0;1;2;12.3;1;1.32;9.59;0.41;1;5.32
MCOPED;2020;950000315;GH CARNELLE PORTES OISE SITE BEAUMONT;950001370;1;1;8;1;98;431;1254;;;6;6;1.68;1.68;;;;1;7;1;2;;;4;1;2;1;;1;7.5;2;2.7;3.7;;0.54;5.08
MCOPED;2020;950000323;GHEM SIMONE VEIL SITE EAUBONNE;950013870;1;1;28;5;302;1916;5254;5;4;6;5;6.09;4.99;1;1;1;1;10;1;7;;;5;4;3;8;;2;12.06;9;3.16;10.51;;1.14;9.31
MCOPED;2020;950000331;CH GENERAL DE GONESSE;950110049;1;1;46;3;847;3056;8069;5;5;21;21;9.44;9.44;;;;;26;2;16;;1;3;12;2;12;;0;34.69;1;2.55;23.6;0;1;4.94
MCOPED;2020;950000364;CH RENE DUBOS;950110080;1;1;46;5;212;3277;7956;7;7;5;5;9.1;9.1;1;1;0;1;;;;;;2;;;;;;;;;;;;2
MCOPED;2020;950630012;HOPITAL D ENFANTS MARGENCY;750721334;1;0;5;0;0;253;1158;1;1;0;0;0.65;0.65;1;1;1;1;3;0;1;0;0;3;1;1;0;1;1;3.4;0;0.5;1;0.24;0.16;2.67
MCOPED;2020;970100392;CENTRE HOSPITALIER DE LA BASSE -TERRE;970100178;1;0;14;4;374;537;1763;2;1;5;5;4.81;4.66;1;1;0;0;13;14;;;;7;7;1;1;;;18.63;17;13.33;0.85;;;21.12
MCOPED;2020;970100400;C.H. LOUIS CONSTANT FLEMING;970100186;1;0;6;6;0;335;798;0;0;2;2;0.4;0.4;;;;;2;7;0;0;0;0;0;0;0;0;0;1.96;0;7.66;0;0;0;0
MCOPED;2020;970100442;C.H.U. DE POINTE-A-PITRE/ABYMES;970100228;1;1;19;10;1251;2715;7274;7;7;;;7;7;1;1;;;8;8;24;0;1;4;1;3;;;;8.5;;10.2;24;;1;4
MCOPED;2020;970211223;CHU DE MARTINIQUE SITE DE TRINITE;970211207;1;0;11;;0;413;1227;4;4;;;3.93;3.93;0;0;0;0;7;1;5;;;1;;;;;;7.75;;1;5.75;;;1
MCOPED;2020;970211256;CHU DE MARTINIQUE SITE MERE ENFANT;970211207;1;1;25;8;1255;4077;14477;8;8;3;1;11.44;8.76;;;;;15;12;16;2;;3;;2;;1;1;16.22;;9.38;15.29;2.4;0.8;3.31
MCOPED;2020;970300026;CENTRE HOSPITALIER DE CAYENNE;970302022;1;1;38;4;656;1991;8921;14;8;5;5;16.36;7.74;1;1;0;0;31;5;33;0;1;12;2;1;2;0;0;31.3;1;5.9;32.54;0;1;12.28
MCOPED;2020;970300083;CENTRE HOSPITALIER -FRANCK-JOLY-;970302121;1;;15;1;211;937;4807;11;11;2;1;13.99;13.63;1;1;1;1;35;11;14;0;0;27;0;2;2;0;0;34.36;3;7.69;13.92;0;0;26.36
MCOPED;2020;970305637;CENTRE HOSPITALIER INTERCOM DE KOUROU;970305629;1;;11;;0;357;1022;3;3;;;1.45;1.45;0;0;1;1;7;1;8;;;6;;;;;;5.4;;1.73;6.44;;;4.67
MCOPED;2020;970400024;CHU SITE FELIX GUYON (SAINT DENIS);970408589;1;;61;11;2763;3391;13585;9;9;3;3;9.65;9.65;1;1;0;0;24;3;21;;2;4;17;3;20;;2;29.33;3;3.39;28.07;;2.7;5
MCOPED;2020;970400057;CHU SITE SUD (SAINT PIERRE);970408589;1;1;52;6;1318;3296;11874;;;;;;;1;1;;;12;10;23;;;;28;36;40;;5;24.13;29;23.88;36.72;;3.25;19.64
MCOPED;2020;970400065;CH OUEST REUNION;970421038;1;1;16;;0;2702;5100;6;5;10;9;8.77;8.51;;;;;6;4;0;0;0;15;4;3;0;0;1;9.12;3;6.41;0;0;0.5;16.36
MCOPED;2020;970400073;GHER (SAINT-BENOIT);970403606;1;0;8;;0;641;1185;4;4;1;1;3.92;3.92;;;;;9;4;11;0;0;4;1;1;3;1;0;8.95;1;4.45;13.29;0.31;0;4.8
MCOPED;2020;980500011;CHM;980500003;1;1;38;4;592;2257;13926;6;6;7;7;12.93;12.93;1;1;0;0;25;12;18;8;1;27;;;1;;;25.21;1;11.99;18.69;8.33;0.83;27.23
