BOR;AN;FI;RS;FI_EJ;PSY_A22;PSY_A23;PSY_A24;PSY_A25;PSY_A26;PSY_A27;PSY_A28;PSY_B23;PSY_B24;PSY_B25;PSY_B26;PSY_B27;PSY_B28;PSY_C22;PSY_C23;PSY_C24;PSY_C25;PSY_C26;PSY_C27;PSY_C28;PSY_D22;PSY_D23;PSY_D24;PSY_D25;PSY_D26;PSY_D27;PSY_D28;PSY_E22;PSY_E23;PSY_E24;PSY_E25;PSY_E26;PSY_E27;PSY_E28;PSY_A38;PSY_B38;PSY_A39;PSY_B39;PSY_A40;PSY_B40;PSY_A41;PSY_B41;PSY_A42;PSY_B42;PSY_A43;PSY_A44
PSY2;2020;010000495;CENTRE PSYCHOTHERAPIQUE DE L'AIN;010783009;14679;71;10;1;33;546;216;91;1;1;50;480;224;58725;4047;2155;0;313;21453;6148;6026;16;0;0;0;146;24;153061;845;10;3;35;2430;378;1;7.16;1;9.49;0;;0;;0;;0;0
PSY2;2020;010010171;CLINIQUE DE CHATILLON;010011559;851;;;;;;;;;;;;;23860;;;;;;;4982;;;;;;;;;;;;;;0;;0;;0;;0;;0;;0;0
PSY2;2020;020000386;CLINIQUE DE LA ROSERAIE;020000600;407;;;;;;;;;;;;;27586;;;;;;;1497;;;;;;;;;;;;;;0;;0;;0;;0;;0;;0;0
PSY2;2020;020000543;ETS PUB SANTÉ MENTALE DE L'AISNE;020000295;1746;42;2;0;57;231;167;42;2;0;98;266;167;101551;4072;732;0;735;9166;4171;8548;0;0;0;0;8;0;168779;968;0;0;26;1099;1103;1;5;1;1;1;0.5;1;;0;;0;0
PSY2;2020;020004156;CLINIQUE TEMPS DE VIE SAINT-QUENTIN;590805065;410;;;;;;;;;;;;;18302;;;;;;;2243;;;;;;;;;;;;;;0;;1;13.24;0;;0;;0;;0;0
PSY2;2020;020006664;CENTRE PSYCHOTHÉRAPIE CH ST QUENTIN;020000063;3140;21;0;0;0;38;47;51;0;0;0;47;61;13915;705;0;0;0;1221;2507;7835;59;0;0;0;322;163;23923;4;0;0;0;1;1;1;1.5;1;1.5;0;;0;;0;;0;0
PSY2;2020;030000061;CH DE MOULINS;030780092;4426;21;1;2;18;134;12;16;1;4;27;149;18;42953;1184;218;27;187;7732;537;8705;233;;20;;567;98;46343;284;;33;;525;92;1;0.8;1;35.07;1;34.5;0;;0;;0;0
PSY2;2020;030000087;CH JACQUES LACARIN VICHY;030780118;3047;12;;;;141;18;12;;;;141;18;19051;1698;;;;7189;19;4580;30;;;;1192;10;55232;369;;;;1681;18;0;;1;37.8;1;2.6;0;;0;;0;0
PSY2;2020;030000160;CENTRE HOSPITALIER SPECIALISE D'AINAY;030780282;838;0;0;0;0;0;0;0;0;0;0;0;0;123131;0;0;0;0;0;0;0;0;0;0;0;0;0;19769;0;0;0;0;0;0;0;;1;1.3;0;;0;;0;;0;0
PSY2;2020;030781637;SERVICE DE PSYCHIATRIE CHATELARD;030780100;176;19;;;;55;34;61;;;;87;27;7514;1203;;;;1787;1105;4982;217;;;;250;154;46460;1751;;143;;3222;1992;1;0.5;1;20.77;1;3.6;0;;0;;0;0
PSY2;2020;040000911;CENTRE HOSPITALIER DE DIGNE LES BAINS;040788879;6340;29;2;0;1;114;97;42;2;0;1;156;99;22131;2736;373;0;18;7187;2951;12644;810;34;0;6;2398;1162;69530;737;1;1;0;951;423;1;0;1;31.01;1;18.23;0;;0;;0;1
PSY2;2020;050000132;CH BUECH DURANCE;050007145;604;15;0;0;0;53;45;9;0;0;0;48;41;21804;508;0;0;0;1345;1574;4224;159;0;0;0;86;40;64122;500;0;0;0;1157;1479;0;;0;;0;;0;;0;;0;0
PSY2;2020;050000231;CH DES ESCARTONS DE BRIANCON;050000116;874;;;;;;;;;;;;;3369;;;;;;;1155;;;;;;;14151;;;;;;;;;;;;;0;;0;;0;0
PSY2;2020;050000454;LE FUTUR ANTERIEUR;050000645;67;;;;;;;;;;;;;8110;;;;;;;;;;;;;;;;;;;;;0;;0;;1;;0;;0;;0;0
PSY2;2020;050000991;CENTRE MEDICAL CHANT'OURS;050000546;247;;;;;;;;;;;;;10450;;;;;;;;;;;;;;;;;;;;;0;;0;;0;;0;;0;;0;0
PSY2;2020;060000478;CENTRE HOSPITALIER DE GRASSE;060780897;1524;;;0;0;;;14;3;0;0;102;4;5208;;;0;0;;;1268;;;0;0;;;20892;;;0;0;;;;;;;;;0;;0;;0;
PSY2;2020;060000510;CH D'ANTIBES JUAN LES PINS;060780954;6305;73;0;0;1;227;11;41;0;0;1;173;6;14235;2110;0;0;0;5598;68;2694;182;0;0;0;87;0;47383;491;0;0;2;774;30;;;;;;;0;;0;;0;
PSY2;2020;060000544;CH DE CANNES SIMONE VEIL;060780988;3820;45;5;1;3;161;9;47;5;1;3;162;9;10502;1394;747;13;36;5878;323;2275;;;;;28;;42989;423;62;3;11;2041;149;1;3.64;0;;1;6.66;0;;0;;0;0
PSY2;2020;060780442;CLINIQUE SAINT FRANCOIS;060000213;609;;;;;;;;;;;;;20910;;;;;;;;;;;;;;;;;;;;;0;;0;;0;;0;;0;;0;0
PSY2;2020;060780525;CLINIQUE LE VAL D'ESTREILLES;060000247;587;;;;;;;;;;;;;20425;;;;;;;;;;;;;;;;;;;;;0;;0;;0;;0;;0;;0;0
PSY2;2020;060780541;CLINIQUE LA GRANGEA;060000262;647;;;;;;;;;;;;;21356;;;;;;;;;;;;;;;;;;;;;0;;0;;0;;0;;0;;0;0
PSY2;2020;060780749;CLINIQUE SAINT LUC;060000395;330;;;;;;;;;;;;;12754;;;;;;;;;;;;;;;;;;;;;0;;0;;0;;0;;0;;0;0
PSY2;2020;060780996;CHS SAINTE MARIE NICE;630786754;1003;182;26;12;18;461;101;149;10;12;20;442;94;50695;18220;4481;441;434;25587;5171;11050;305;198;;;11;6;131586;5792;1495;94;;1325;73;1;;1;64.43;0;;1;35.48;1;19.85;0;0
PSY2;2020;060781929;CLINIQUE DE LA COSTIERE;060000858;706;;;;;;;;;;;;;26827;;;;;;;5468;;;;;;;;;;;;;;0;;0;;0;;0;;0;;0;0
PSY2;2020;060785003;CHU DE NICE HOPITAL PASTEUR;060785011;3223;64;8;1;1;126;14;;;;;;;10527;2276;788;10;19;5472;733;2207;52;15;;;151;;25481;943;197;;;293;24;1;4.22;;;;;;;;;0;
PSY2;2020;060800174;FONDATION LENVAL;060800174;4741;;;0;;;;;;;;;;5521;;;0;;;;9324;;;;;;;35788;;;;;;;1;;0;;1;5.6;0;;;;0;0
PSY2;2020;070005046;CH DROME-VIVARAIS - HDJ/CMP ADU GUIL.;260003264;1610;6;1;1;1;30;14;6;1;1;1;32;15;;;;;;;;1900;;;;;;;13406;146;4;1;10;253;119;0;;0;;0;;0;;0;;0;0
PSY2;2020;070780317;CHS SAINTE-MARIE PRIVAS;630786754;9289;68;6;;6;410;187;80;3;;10;461;205;47329;4994;437;;81;17524;4899;11577;136;1;;;279;60;74757;485;30;;13;984;453;1;0.5;1;38.27;0;;0;;0;;0;0
PSY2;2020;080000318;CENTRE HOSPITALIER BELAIR;080000086;6413;53;4;3;7;277;240;27;1;1;10;208;214;44971;592;470;35;40;7785;5862;11039;25;60;3;;274;169;75814;750;86;28;;2642;1536;1;0.5;1;37.61;1;5.26;0;;0;;0;0
PSY2;2020;090000183;CH ARIEGE COUSERANS SITE ST LIZIER;090781816;5830;74;6;0;8;204;50;44;3;;7;158;49;19023;3360;566;0;33;7371;2195;3433;169;14;0;0;252;0;62522;619;11;0;0;872;86;1;;1;0.86;1;2;0;;0;;0;0
PSY2;2020;100000108;EPSMA;100000033;8171;75;10;2;9;197;66;56;11;2;4;188;64;44534;3249;1396;18;15;8176;2043;11101;1033;448;0;;548;359;97184;1841;134;0;99;1774;398;1;1.19;1;40.62;1;30.73;0;;0;;0;0
PSY2;2020;110002953;CH NARBONNE HJ PSY ADULTE PSYCHOTIQUE;110780137;416;14;;;;101;18;14;;;;75;18;9236;519;;;;4596;558;2531;;;;;;;;;;;;;;1;;0;;1;;0;;0;;0;0
PSY2;2020;110780152;CLINIQUE DE MIREMONT;110000064;501;;;;;;;;;;;;;25629;;;;;;;;;;;;;;;;;;;;;0;;0;;0;;0;;0;;0;0
PSY2;2020;110786324;ASM;110786324;6639;58;0;0;3;268;59;59;0;0;4;289;63;37521;2830;0;0;12;11838;1721;6371;95;;;;68;;64754;875;;;;1652;84;1;1.95;1;7.35;1;27.04;0;;0;;0;0
PSY2;2020;120000039;CH DE RODEZ HOPITAL JACQUES PUEL;120780044;;;;;;;;;;;;;;;;;;;;;;;;;;;;;;;;;;;0;;0;;1;;0;;0;;0;
PSY2;2020;120004569;CH MILLAU;120004528;2585;;;;;;;;;;;;;7157;;;;;;;4418;;;;;;;33598;;;;;;;1;1.8;0;;1;3.9;0;;0;;0;0
PSY2;2020;120780283;CHS STE MARIE;630786754;9095;67;2;;7;235;232;35;2;;5;227;240;56291;1090;507;;21;6054;5633;8068;136;30;;;90;45;98759;1341;109;;73;1535;1319;0;;1;5.52;0;;0;;0;;0;0
PSY2;2020;130000235;CHS EDOUARD TOULOUSE;130780554;10482;152;32;3;30;317;175;155;32;3;34;356;183;42039;7352;3013;29;386;11814;6309;15717;316;664;0;0;254;290;187799;2701;1609;21;83;2332;773;1;2.02;0;;1;27.7;0;;0;;0;0
PSY2;2020;130000433;CHS MONTPERRIN;130781131;17812;174;3;;77;594;263;216;4;;122;929;398;56467;5169;661;;613;18711;9447;14065;167;;;;753;238;196599;2123;12;;2526;4638;1929;1;2.73;1;27.39;1;32.33;0;;0;;0;
PSY2;2020;130002496;CHS VALVERT MARSEILLE;130786494;8702;67;8;1;10;218;113;114;15;0;10;232;105;25407;2087;817;0;94;5951;2741;15790;332;13;0;0;119;85;189069;2314;120;165;13;2453;942;1;2.52;1;6.39;1;20.92;0;;0;;0;0
PSY2;2020;130002827;CH JOSEPH IMBERT D'ARLES;130789274;2810;11;;;4;47;7;3;;;0;0;1;8149;354;;;;1202;36;2855;;;;;101;;39625;23;;;7;86;11;1;0.2;1;0.2;1;9.34;0;;0;;0;0
PSY2;2020;130010648;CLINIQUE SAINT MICHEL;130010648;376;;;;;;;;;;;;;29118;;;;;;;2076;;;;;;;;;;;;;;0;;0;;0;;0;;0;;0;0
PSY2;2020;130780273;MAISON DE SANTE DE SAINTE MARTHE;130000151;443;;;;;;;;;;;;;24169;;;;;;;1299;;;;;;;;;;;;;;0;;0;;0;;0;;0;;0;0
PSY2;2020;130780521;APHM HOPITAL NORD;130786049;41;;;;138;;;;;;138;;;5054;;;;5676;;;;;;;;;;;;;;;;;;;;;;;0;;0;;1;0
PSY2;2020;130781065;CLINIQUE PSYCHIATRIQUE LA JAUBERTE;130000417;644;0;0;0;0;0;0;0;0;0;0;0;0;24355;0;0;0;0;0;0;3475;0;0;0;0;0;0;0;0;0;0;0;0;0;0;;0;;0;;0;;0;;0;0
PSY2;2020;130783236;APHM HOPITAL DE LA CONCEPTION;130786049;5515;55;8;0;11;189;39;49;8;0;13;194;74;20168;3008;364;0;107;6135;2169;4616;95;11;0;0;32;2;54191;12;8;0;0;94;74;0;;0;;0;;0;;0;;0;0
PSY2;2020;130783764;CLINIQUE MON REPOS;920030269;1207;;;;;;;;;;;;;95871;;;;;;;3274;;;;;;;;;;;;;;0;;1;;0;;0;;0;;0;
PSY2;2020;130784085;CLINIQUE L'EMERAUDE;920030921;1192;;;;;;;;;;;;;72765;;;;;;;11575;;;;;;;;;;;;;;0;;0;;1;28.35;0;;0;;0;
PSY2;2020;130784234;APHM HOPITAUX SUD SAINTE MARGUERITE;130786049;1740;50;6;;10;152;70;48;6;;13;164;70;14948;2936;1193;;601;4900;2136;8112;21;2;;612;3;;77798;14;;;;55;8;;;;;;;0;;1;41.74;0;1
PSY2;2020;130784291;CLINIQUE DES TROIS CYPRES;130001696;621;;;;;;;;;;;;;38610;;;;;;;7595;;;;;;;;;;;;;;0;;0;;1;32.31;0;;0;;0;0
PSY2;2020;130784549;CLINIQUE DE POST CURE PSY LA BASTIDE;130001811;84;;;;;;;;;;;;;30367;;;;;;;;;;;;;;;;;;;;;0;;0;;0;;0;;0;;0;0
PSY2;2020;130784606;CLINIQUE SAINT ROCH MONTFLEURI;130001860;867;;;;;;;;;;;;;72007;;;;;;;;;;;;;;;;;;;;;0;;0;;0;;0;;;;0;0
PSY2;2020;130784697;CLINIQUE DES QUATRE SAISONS;130001902;338;;;;;;;;;;;;;31935;;;;;;;10285;;;;;;;;;;;;;;0;;0;;0;;0;;0;;0;0
PSY2;2020;130786015;CLINIQUE VALFLEUR;130002322;172;;;;;;;;;;;;;29363;;;;;;;;;;;;;;;;;;;;;0;;0;;0;;0;;0;;0;0
PSY2;2020;130786742;HIA LAVERAN;750821092;2051;;;;;;;;;;;;;4372;;;;;;;831;;;;;;;6130;;;;;;;1;3;0;;0;;0;;0;;0;0
PSY2;2020;130786890;HJ LE RELAIS SERENA;130001688;72;;;1;;;;;;1;;;;2401;;;36;;;;1660;;;;;;;;;;;;;;0;;0;;1;22.79;0;;0;;0;0
PSY2;2020;130786973;CLINIQUE PSYCHIATRIQUE MEDIAZUR;130002702;185;;;;;;;;;;;;;26306;;;;;;;;;;;;;;;;;;;;;0;;0;;0;;0;;0;;0;0
PSY2;2020;130790157;CH DE MARTIGUES HOPITAL DU VALLON;130789316;6574;41;6;;1;243;43;37;5;0;1;208;46;15016;1757;420;;12;8402;1555;9041;231;;;;470;133;73294;845;136;;;3687;434;1;6.54;1;5.83;1;1.8;0;;0;;0;0
PSY2;2020;130798002;CLINIQUE LA LAURANNE;130004807;976;;;;;;;;;;;;;72117;;;;;;;;;;;;;;;;;;;;;0;;0;;0;;0;;0;;0;0
PSY2;2020;130804032;ASSOCIATION REGIONALE POUR INTEGRATION;130804032;43;;;;;;;;;;;;;;;;;;;;1338;;;;;;;;;;;;;;0;;0;;0;;0;;0;;0;0
PSY2;2020;130806011;MS SAINT PAUL DE MAUSOLE;750720534;356;0;0;0;0;0;0;;;;;;;23055;;;;;;;0;;;;;;;0;;;;;;;0;;0;;0;;0;;0;;0;0
PSY2;2020;140000209;CHU COTE DE NACRE - CAEN;140000100;3927;174;;;;33;9;190;;;;13;7;10974;3521;;;;473;66;394;196;;;;3;;28253;21;;;;5;;1;;0;;1;;1;17.42;0;;0;0
PSY2;2020;140000233;CENTRE HOSPITALIER DE FALAISE;140000118;25;5;;;;;;1;;;;;;;;;;;;;1285;115;;;;;;773;;;;;;;0;;0;;0;;0;;;;0;
PSY2;2020;140000456;ETS PUBLIC DE SANTE MENTALE;140000316;15719;157;7;;69;228;215;169;7;;103;236;267;68161;14917;1019;;615;7812;8379;17292;1554;23;;;643;321;131572;1879;151;;;849;580;1;1;1;9.83;1;29.31;0;;1;23.98;0;0
PSY2;2020;140004136;UNITE PSYCHIATRIQUE - CH BAYEUX;140000092;4948;13;;;;37;8;6;;;;33;8;9199;107;;;;694;42;7566;21;;;;;;36518;104;;;;28;;1;;0;;0;;0;;0;;0;0
PSY2;2020;140004383;CHR GEORGES CLEMENCEAU - CAEN;140000100;1262;85;;;;1;;650;;;;2;;2404;497;;;;3;;207;278;;;;;;9374;;;;;;;1;;0;;1;;0;;0;;0;0
PSY2;2020;150000040;CH HENRI MONDOR;150780096;3941;24;1;1;2;132;59;28;1;1;2;164;73;26524;869;28;28;2;4332;2407;15602;685;0;0;0;1214;381;43320;719;0;0;0;1438;274;1;10.4;1;1;0;;0;;0;;0;0
PSY2;2020;150780773;SERVICE DE PSYCHIATRIE - CH ST FLOUR;150780088;740;13;;;;39;3;6;;;;29;3;4122;250;;;;996;57;565;51;;;;541;0;5274;105;;;;692;0;1;0.01;0;;0;;0;;0;;0;0
PSY2;2020;150780823;CH ANNEXE CUEILHES;150780096;111;;;;;;;;;;;;;1452;;;;;;;16364;;;;;;;0;;;;;;;;;;;;;0;;0;;0;0
PSY2;2020;150782944;CENTRE DE READAPTATION DE MAURS;150002566;48;;;;;;;;;;;;;9756;;;;;;;;;;;;;;;;;;;;;0;;0;;0;;0;;0;;0;0
PSY2;2020;160000345;CH CAMILLE CLAUDEL - LA COURONNE;160000501;720;110;6;1;11;234;161;110;6;1;12;247;166;57787;5993;1410;;69;4388;3731;61405;29;;1;;282;30;92858;1263;34;17;12;2102;1142;0;;1;2.52;1;41.34;0;;0;;0;0
PSY2;2020;160008231;KORIAN VILLA BLEUE - JARNAC;160001038;365;;;;;;;;;;;;;10889;;;;;;;;;;;;;;;;;;;;;0;;0;;0;;0;;0;;0;0
PSY2;2020;170000103;CTRE HOSP. DE SAINTONGE - SAINTES;170780175;1218;30;0;0;0;65;4;34;;;;69;4;6094;2284;0;8;0;3974;17;2801;0;0;0;0;431;1;6320;5;0;0;0;2;0;1;1.91;0;;1;22.12;0;;0;;0;
PSY2;2020;170020994;C.A.T.T.P. + HOP JOUR PSY ADULT - S5;170780175;3484;12;0;0;0;5;0;;;;;;;0;0;0;0;0;0;0;4222;0;0;0;0;0;0;34534;914;0;0;0;174;0;0;;0;;0;;0;;0;;0;
PSY2;2020;170780282;MAISON MEDICALE HIPPOCRATE - SAUJON;170000186;445;;;;;;;;;;;;;17915;;;;;;;;;;;;;;;;;;;;;0;;0;;0;;0;;0;;0;0
PSY2;2020;170780290;VILLA DU PARC - SAUJON;170000194;674;;;;;;;;;;;;;26225;;;;;;;;;;;;;;;;;;;;;0;;0;;0;;0;;0;;0;0
PSY2;2020;170782981;HOPITAL MARIUS LACROIX;170024194;11890;74;;;85;321;62;74;;;85;321;62;58932;3128;;;21;13438;2191;14420;2;;;;51;10;93155;403;;;133;800;41;1;5;1;4.52;1;30.04;0;;0;;0;0
PSY2;2020;170783146;CENTRE HOSPITALIER JONZAC (CHS);170780050;6217;18;1;;1;85;30;21;1;;1;97;33;5892;766;25;;5;2313;183;3417;15;;;;21;;77177;617;27;;;1266;591;1;;1;5.3;1;3.96;0;;0;;0;0
PSY2;2020;170784086;ETAP (ETAB. THERAP. P ADO. A PONS);330785072;33;;;;;;;;;;;;;3689;;;;;;;355;;;;;;;;;;;;;;0;;0;;1;28.2;0;;0;;0;0
PSY2;2020;180000176;CH GEORGE SAND BEAUREGARD BOURGES;180001158;1911;25;4;;1;147;79;25;4;;1;176;83;147934;532;661;;2;6198;2551;7833;23;;;;157;2;;;;;;;;1;0.25;1;29.66;1;35.44;0;;0;;0;1
PSY2;2020;180000382;CLINIQUE LA GAILLARDIERE;180008518;339;0;0;0;0;0;0;0;0;0;0;0;0;10627;0;0;0;0;0;0;2637;0;0;0;0;0;0;0;0;0;0;0;0;0;0;;0;;0;;0;;0;;0;0
PSY2;2020;180004533;CHS CTRE READAP.SOCIO-PROFESSIONNEL;580780971;13;;;;;;;;;;;;;;;;;;;;1058;;;;;;;;;;;;;;0;;0;;0;;0;;0;;0;0
PSY2;2020;190000026;CENTRE HOSPITALIER COEUR DE CORREZE;190000059;3229;8;;;1;54;11;8;;;1;55;11;8512;64;;;;697;72;3245;;;;;;;18086;19;;;1;94;46;0;;1;3.52;0;;0;;0;;0;
PSY2;2020;190000117;ASSO DE GESTION DU CH PAYS EYGURANDE;190000117;1970;90;1;1;5;82;50;46;1;1;5;57;35;24739;14726;802;60;281;6413;1653;5501;48;;;;181;186;26308;2;;;;67;44;1;1;1;27.71;0;;1;107.97;0;;0;0
PSY2;2020;190011601;SITE SPECIALISE HENRI LABORIT;190000042;4009;30;11;8;;73;15;5;2;2;;48;7;9443;439;19;;;2000;177;2785;161;;;;77;11;32123;116;23;18;;92;24;1;;1;2.5;0;;0;;0;;0;0
PSY2;2020;210013157;POLE PSYCHIATRIE SANTE MENTALE;210780706;1439;29;;;;52;0;30;;;;53;0;7420;486;;;;947;0;1037;53;;;;64;0;8281;163;;;;4;0;1;0.1;0;;1;5.95;0;;0;;0;0
PSY2;2020;210780425;HÔPITAL DE JOUR LES CIGOGNES PEP21;210781282;110;;;;;;;;;;;;;16;;;;;;;1898;;;;;;;351;;;;;;;0;;0;;1;4.9;0;;0;;0;0
PSY2;2020;210987558;HOPITAL LE BOCAGE CHRU DIJON;210780581;3859;8;;;;82;28;9;;;;88;28;10258;1244;;;;3963;891;;;;;;;;;;;;;;;1;1;1;0.3;1;33.51;0;;0;;0;0
PSY2;2020;210987632;CH LA CHARTREUSE DIJON;210780607;10775;27;8;0;34;380;275;29;9;0;46;429;307;63332;1469;1317;0;344;10177;6482;10762;2;0;0;0;39;12;129583;140;10;0;0;830;331;1;1;1;31.54;1;10.03;0;;1;;0;
PSY2;2020;220000210;FONDATION BON SAUVEUR;220000210;11386;46;;;;202;138;46;;;;231;152;36492;2489;;;;5068;1734;11835;259;;;;358;70;99412;522;;;;871;206;1;1.05;1;22.64;1;9.23;0;;0;;0;0
PSY2;2020;220000236;CENTRE HOSPITALIER DE PLOUGUERNEVEL;220017974;2175;72;16;;2;146;90;76;16;;2;150;91;25016;11464;2167;;459;5222;2702;21;;;;;;;13323;57;;;;10;6;0;;0;;0;;1;86.59;0;;0;0
PSY2;2020;220000319;CLINIQUE LA CERISAIE;220000681;620;;;;;;;;;;;;;22135;;;;;;;2605;;;;;;;;;;;;;;0;;0;;0;;0;;0;;0;0
PSY2;2020;220000327;CLINIQUE DU VAL JOSSELIN;220024384;1053;;;;;;;;;;;;;33218;;;;;;;9387;;;;;;;;;;;;;;0;;0;;0;;0;;0;;0;0
PSY2;2020;220012751;HOP DE JOUR ENFANTS ROSTRENEN;220017974;3491;9;;;;13;6;9;;;;13;6;;;;;;;;6583;;;;;;;37330;174;;;;130;21;0;;0;;0;;0;;0;;0;0
PSY2;2020;230000853;CENTRE HOSPITALIER SAINT VAURY;230780074;562;27;1;;;78;54;34;1;;;100;56;24736;1236;144;;;2914;1137;6691;82;;;;86;12;45544;337;;;;462;130;0;;1;4.51;1;8.08;0;;0;;0;0
PSY2;2020;230780181;CLINIQUE CHATELGUYON VIERSAT;230000879;497;;;;;;;;;;;;;15709;;;;;;;;;;;;;;;;;;;;;0;;0;;0;;0;;0;;0;0
PSY2;2020;240000463;CENTRE HOSPITALIER VAUCLAIRE;240000083;9500;93;3;10;6;274;142;94;3;11;8;299;149;38379;2924;131;122;98;10005;4507;14328;367;3;237;0;401;188;121847;995;3;52;2;2426;1175;1;0.5;1;0.5;0;;0;;0;;0;1
PSY2;2020;240000489;CENTRE HOSPITALIER DE PERIGUEUX;240000117;4878;26;0;0;7;84;28;40;;;10;106;28;16096;1076;0;0;75;2390;604;1532;;;;;;;51469;;;;;;;1;8.58;0;;1;35.86;0;;0;;0;0
PSY2;2020;240000646;FONDATION JOHN BOST;240000265;309;;;;;;;;;;;;;78245;;;;;;;250;;;;;;;;;;;;;;0;;0;;0;;0;;0;;0;0
PSY2;2020;240000687;CENTRE HOSPITALIER SARLAT;240000448;179;23;;1;;33;8;34;;1;;35;8;7107;924;;;;981;126;1408;24;;;;101;0;9457;591;;11;;216;26;0;;0;;0;;0;;0;;0;0
PSY2;2020;250000023;CHRU SAINT-JACQUES;250000015;691;;;;;;;;;;;;;14050;;;;;;;;;;;;;;;;;;;;;;;;;1;2;0;;0;;0;0
PSY2;2020;250000619;UNITE PSY ADULTE LE GRANDVALLIER CHIHC;250000452;1405;15;;;;77;5;10;;;;115;3;10528;508;;;;2427;53;2192;;;;;257;;12176;132;;;;1607;20;1;;0;;0;;0;;0;;0;0
PSY2;2020;250000718;CHS NOVILLARS;250000460;8094;58;9;1;20;272;60;59;9;1;24;306;65;57992;2298;1155;5;253;12157;2046;6318;18;;;;83;39;76791;612;146;;;965;144;1;;1;;1;;0;;0;;0;0
PSY2;2020;250005196;HOPITAL DE JOUR VELOTTE;250001013;12;;;;;;;;;;;;;;;;;;;;3152;;;;;;;;;;;;;;0;;0;;0;;0;;0;;0;0
PSY2;2020;250006954;CHRU JEAN MINJOZ;250000015;2232;;;;13;;;;;;13;;;;;;;;;;;;;;;;;13276;;;;114;;;1;1.45;0;;1;;1;;0;;0;
PSY2;2020;250014008;CHS ST REMY ET NFC CTRE JEAN MESSAGIER;700004096;1893;35;13;1;1;158;75;44;14;1;1;200;83;14254;1744;2934;6;7;4638;1622;1496;;;;;;;15014;100;4;;;26;83;1;0.67;0;;1;45.78;0;;0;;0;0
PSY2;2020;260000302;ETABLISSEMENT MEDICAL LA TEPPE;260000161;464;;;;;;;;;;;;;10369;;;;;;;0;;;;;;;1785;;;;;;;0;;0;;0;;0;;0;;0;0
PSY2;2020;260000823;CH DROME-VIVARAIS - SITE DE MONTELEGER;260003264;11924;50;11;6;16;488;412;137;33;11;32;895;725;44155;2202;1874;167;48;16572;12481;11606;406;254;0;0;903;367;114161;1686;358;27;183;2925;2433;1;2.76;1;7.13;1;13.2;0;;0;;0;0
PSY2;2020;260005277;HOPITAL DE JOUR ADULTES MONTELIMAR;630786754;4456;17;3;;;51;12;17;3;;;51;12;;;;;;;;3632;30;107;;;56;;30551;179;18;;;570;124;1;0.28;0;;0;;0;;0;;0;0
PSY2;2020;270000573;NOUVEL HOPITAL DE NAVARRE;270000219;15424;55;8;0;47;350;260;61;8;0;59;393;295;84745;877;280;453;454;5908;3667;7166;;1;;;16;24;161301;116;54;321;7897;525;208;1;4.7;1;4.95;1;30.12;0;;0;;0;0
PSY2;2020;270025984;CLINIQUE LA MARE Ô DANS;270029275;835;;;;;;;;;;;;;33287;;;;;;;5325;;;;;;;;;;;;;;0;;0;;0;;0;;0;;0;0
PSY2;2020;270027279;CLINIQUE DES PORTES DE L'EURE;270027881;620;;;;;;;;;;;;;29283;;;;;;;3801;;;;;;;;;;;;;;0;;0;;0;;0;;;;0;0
PSY2;2020;280000050;CH BONNEVAL;280000142;920;31;4;0;3;190;159;16;1;0;6;163;155;35053;1831;758;0;4;10472;5152;11420;34;21;0;0;536;120;58560;798;61;0;32;2374;1010;1;4.48;1;34.74;0;0;0;0;0;0;0;0
PSY2;2020;280000084;CH DREUX;280000183;630;6;1;;;47;1;6;1;;;51;1;13118;108;133;;;1386;11;2063;;;;;;;16714;70;1;;;139;;1;1;1;0.5;1;15.59;0;;0;;0;0
PSY2;2020;280000696;CH CHARTRES - VAL DE L'EURE;280000134;939;;;;;;;;;;;;;1731;;;;;;;5674;;;;;;;6913;;;;;;;0;;0;;1;2.71;0;;0;;0;0
PSY2;2020;290000033;C.H. DES PAYS DE MORLAIX;290021542;6567;50;7;;;271;75;38;7;;;229;89;51207;1854;382;;;6355;1894;16752;84;13;;;480;46;64307;802;55;;;1608;285;0;;1;23.63;0;;0;;0;;0;0
PSY2;2020;290000058;CHRU BREST SITE HOPITAL MORVAN;290000017;77;;;;;;;;;;;;;;;;;;;;;;;;;;;;;;;;;;1;;1;;1;;0;;0;;0;0
PSY2;2020;290000173;CH FERDINAND GRALL LANDERNEAU;290000041;1836;1;1;;;52;6;1;1;;;54;7;11156;98;366;;;1503;405;4351;;;;;21;;25772;;;;;;;1;;1;1;1;;0;;0;;0;0
PSY2;2020;290000363;CLINIQUE DE KERFRIDEN;920030269;647;;;;;;;;;;;;;28804;;;;;;;3584;;;;;;;;;;;;;;0;;1;21;0;;0;;0;;;
PSY2;2020;290000728;HOPITAL INSTRUCTION DES ARMEES;750821092;1144;;;;;;;;;;;;;2890;;;;;;;972;;;;;;;2907;;;;;;;1;;0;;0;;0;;0;;0;0
PSY2;2020;290000736;CLINIQUE DE L'IROISE;290000991;692;;;;;;;;;;;;;22529;;;;;;;1751;;;;;;;;;;;;;;0;;0;;0;;0;;0;;0;0
PSY2;2020;290000744;CLINIQUE PEN AN DALAR;290001007;1183;;;;;;;;;;;;;41380;;;;;;;6953;;;;;;;;;;;;;;0;;0;;0;;0;;0;;0;0
PSY2;2020;290000785;ETABLISSEMENT DE SOINS HOTEL DIEU;220020739;370;;;;;;;;;;;;;5922;;;;;;;;;;;;;;296;;;;;;;0;;0;;0;;0;;0;;0;0
PSY2;2020;290000918;EPSM GOURMELEN SITE QUIMPER;290000298;10887;68;7;0;0;245;99;57;7;0;0;280;112;56369;3393;350;;;5586;2143;17796;127;;;;143;66;123527;971;74;;;1547;416;1;1.65;1;53.72;1;51.35;0;;0;;0;0
PSY2;2020;290000934;GHBS - HOPITAL LA VILLENEUVE;560005746;118;;;;;;;;;;;;;4661;;;;;;;;;;;;;;;;;;;;;;;;;;;0;;0;;0;0
PSY2;2020;290003995;GHBS - HOPITAL KERGLANCHARD;560005746;959;30;;;;11;;194;;;;0;;8843;872;;;;265;;1648;58;;;;35;;15902;418;1;;;112;4;;;;;;;0;;0;;0;0
PSY2;2020;290004324;CHRU BREST SITE HOPITAL CAVALE BLANCHE;290000017;226;;;;;;;;;;;;;;;;;;;;;;;;;;;;;;;;;;1;2;0;;0;;0;;0;;0;0
PSY2;2020;290004340;CHRU BREST SITE HOPITAL BOHARS;290000017;1103;43;7;;25;392;39;43;7;;33;455;44;;;;;;;;;;;;;;;;;;;;;;1;;1;;1;;0;;0;;0;0
PSY2;2020;2A0000287;CENTRE HOSPITALIER DE CASTELLUCCIO;2A0000386;5180;78;6;0;14;74;82;95;8;0;15;85;106;36990;4118;1094;0;209;4480;2917;;;;;;;;;;;;;;;1;0.3;0;;0;;1;40.3;0;;0;0
PSY2;2020;2B0000012;CENTRE HOSPITALIER DE BASTIA;2B0000020;2837;0;0;0;0;0;0;0;0;0;0;0;0;9439;0;0;0;0;0;0;1538;0;0;0;0;0;0;36871;0;0;0;0;0;0;1;1;0;;0;;0;;0;;0;1
PSY2;2020;2B0003016;CLINIQUE DU CAP;2B0003990;231;;;;;;;;;;;;;17394;;;;;;;;;;;;;;;;;;;;;0;;0;;0;;0;;0;;0;0
PSY2;2020;2B0003917;CENTRE JOUR VILLA SAN ORNELLO;2B0003891;384;;;;;;;;;;;;;;;;;;;;11025;;;;;;;;;;;;;;0;;0;;0;;0;;0;;0;0
PSY2;2020;2B0004113;CLINIQUE SAN ORNELLO;2B0000467;307;59;4;3;68;79;29;62;4;3;96;90;29;21051;4335;833;234;4500;4484;1859;;;;;;;;;;;;;;;0;;0;;0;;0;;0;;0;0
PSY2;2020;300000023;CH ALES CEVENNES;300780046;3924;105;2;;;120;14;13;2;;;52;7;14346;2002;;;;2923;249;4018;107;;;;246;34;38792;469;3;;;538;13;1;1;0;0;0;0;0;;0;;0;0
PSY2;2020;300000080;HOSPIT COMPLETE CH LE MAS CAREIRON;300780103;7584;75;10;0;53;312;113;104;10;0;63;386;127;32779;2601;1687;0;1197;11233;3083;10368;150;0;0;0;555;90;83579;1180;35;0;0;2680;544;0;;1;34.43;0;;0;;0;;0;0
PSY2;2020;300000387;AEMC;300000387;189;;;;;;;;;;;;;5241;;;;;;;3639;;;;;;;3491;;;;;;;;;0;;0;;0;;0;;;0
PSY2;2020;300000759;CIGALIERES;300000759;188;;;;;;;;;;;;;;;;;;;;313;;;;;;;5794;;;;;;;0;;0;;0;;0;;0;;0;0
PSY2;2020;300002128;CHATEAU DE COULORGUES;300000247;156;;;;;;;;;;;;;16080;;;;;;;;;;;;;;;;;;;;;;;;;;;0;;0;;0;0
PSY2;2020;300780210;CL BELLE RIVE;300000148;1278;;;;;;;;;;;;;39707;;;;;;;7826;;;;;;;;;;;;;;0;;0;;0;;0;;0;;0;0
PSY2;2020;300780244;CL DU PONT DU GARD;920031747;408;;;;;;;;;;;;;23565;;;;;;;;;;;;;;;;;;;;;0;;0;;0;;0;;0;;0;
PSY2;2020;300780251;CL NEURO PSYCHIATRIQUE QUISSAC;300000189;690;;;;;;;;;;;;;63981;;;;;;;;;;;;;;;;;;;;;0;;0;;0;;0;;;;0;
PSY2;2020;300780269;CLINIQUE LES SOPHORAS;300000197;806;;;;;;;;;;;;;30957;;;;;;;3222;;;;;;;;;;;;;;0;;0;;0;;0;;0;;0;0
PSY2;2020;300780384;CENTRE PROTECTION INFANTILE MONTAURY;750721334;208;;;;;;;;;;;;;414;;;;;;;1639;;;;;;;4971;;;;;;;0;;0;;0;;0;;0;;0;0
PSY2;2020;300781424;CL LA CAMARGUE MONT DUPLAN;300000692;298;0;0;0;0;0;0;0;0;0;0;0;0;20389;0;0;0;0;0;0;3403;0;0;0;0;0;0;0;0;0;0;0;0;0;0;0;0;0;0;0;0;;0;;0;0
PSY2;2020;300782117;CHU NIMES CAREMEAU;300780038;6015;96;;;;286;29;;;;;;;9808;2388;;;;5467;410;5070;108;;;;99;;49082;876;;;;878;4;1;15.17;1;23.15;1;31.95;0;;0;;0;0
PSY2;2020;310000369;CH GERARD MARCHANT;310780754;12178;292;60;7;3;455;57;188;11;4;15;293;37;59106;20144;9959;188;12;20874;2445;19914;456;371;;;144;;207190;2885;886;1;1;3610;182;0;;0;;0;;0;;1;;1;0
PSY2;2020;310018650;SECTORISATION PSY NEBOUZAN ASEI;310781562;67;;;;;;;;;;;;;;;;;;;;;;;;;;;1274;;;;;;;0;;0;;1;2.08;0;;0;;0;0
PSY2;2020;310780119;CL DE MONTBERON;310000047;569;;;;;;;;;;;;;38757;;;;;;;1051;;;;;;;;;;;;;;0;;0;;0;;0;;0;;0;0
PSY2;2020;310780143;CL DU CHATEAU DE SEYSSES;920031754;1143;;;;;;;;;;;;;45105;;;;;;;6014;;;;;;;;;;;;;;0;;1;11.5;0;;0;;0;;0;
PSY2;2020;310780358;MAISON DE SANTE DE MAILHOL;310000146;665;;;;;;;;;;;;;36083;;;;;;;1256;;;;;;;0;;;;;;;0;;0;;0;;0;;0;;0;0
PSY2;2020;310780390;CL DE BEAUPUY;310000187;583;;;;;320;;;;;;320;;54562;;;;;7602;;;;;;;;;;;;;;;;0;;0;;0;;0;;0;;0;0
PSY2;2020;310781000;CL DES CEDRES;310788880;1425;;;;;;;;;;;;;43752;;;;;;;6328;;;;;;;;;;;;;;0;;0;;0;;0;;0;;0;0
PSY2;2020;310781133;CLINIQUE D'AUFRERY;310000427;1175;;;;;;;;;;;;;49323;;;;;;;5115;;;;;;;;;;;;;;0;;1;1;0;;0;;0;;0;0
PSY2;2020;310781141;CL DU VIEUX CHATEAU D'OC;310000435;1569;;;;;;;;;;;;;52500;;;;;;;2885;;;;;;;;;;;;;;0;;0;;0;;;;0;;0;
PSY2;2020;310781158;CL MARIGNY;920031762;1133;;;;;;;;;;;;;47184;;;;;;;3200;;;;;;;;;;;;;;0;;0;;0;23.26;0;;0;;;
PSY2;2020;310781430;CENTRE POSTCURE ROUTE NOUVELLE;310788906;93;;;;;;;;;;;;;12102;;;;;;;;;;;;;;;;;;;;;0;;0;;0;;0;;0;;0;0
PSY2;2020;310782446;ARSEAA;310782446;3494;;;;;;;;;;;;;;;;;;;;7413;;;;;;;46347;;;;;;;0;;0;;1;25.09;0;;0;;0;0
PSY2;2020;310783063;HOPITAL LA GRAVE CHU TLSE;310781406;5386;10;8;;;157;12;31;10;;;160;13;21344;402;855;;;5732;469;8439;;14;;;6;;71817;14;79;;;168;17;0;;1;3.9;1;10.1;0;;0;;0;0
PSY2;2020;310783097;CENTRE DE SANTE MENTALE MGEN TOULOUSE;750005068;178;;;;;;;;;;;;;;;;;;;;5387;;;;;;;;;;;;;;0;;0;;0;;0;0;0;0;0;0
PSY2;2020;310795463;CENTRE DE POST CURE APRES;310785068;65;;;;;;;;;;;;;5274;;;;;;;3143;;;;;;;0;;;;;;;0;;0;;0;;0;;0;;0;0
PSY2;2020;320000094;CH GERS;320780125;4913;47;1;1;0;104;150;43;1;1;0;85;184;52900;2314;73;30;0;6165;4097;4831;45;0;;0;37;0;45792;976;12;;0;724;424;1;0.8;1;34.3;1;24.3;0;;0;;;0
PSY2;2020;320780109;CL PSY D'EMBATS;320000078;433;;;;;;;;;;;;;20099;;;;;;;243;;;;;;;;;;;;;;0;;0;;0;;0;;0;;0;0
PSY2;2020;330000431;MONTALIER;330000431;149;;;;;;;;;;;;;19224;;;;;;;3014;;;;;;;0;;;;;;;0;;0;;0;;0;;0;;0;0
PSY2;2020;330000639;CH CHARLES PERRENS;330781287;24303;363;14;12;1;880;103;417;14;12;1;964;107;114056;15275;623;163;127;33954;4277;19153;29;2;;;43;2;232097;6933;437;57;;2384;292;1;2.37;1;29;1;30.41;0;;1;19.31;0;0
PSY2;2020;330000647;C.H. DE CADILLAC;330781295;1648;317;35;1;132;592;125;327;35;1;146;611;134;72357;30924;6653;7;6068;23473;4886;15350;359;39;0;0;410;75;148078;4664;110;0;156;6514;1147;1;1.47;1;44.27;1;25.46;1;200.6;0;;1;0
PSY2;2020;330000779;SOCIETE D'HYGIENE MENTALE D'AQUITAINE;330000779;361;;;;;;;;;;;;;;;;;;;;6959;;;;;;;9617;;;;;;;0;;0;;0;;0;;0;;0;0
PSY2;2020;330058504;CENTRE DE PSYCHIATRIE AMBULATOIRE-CPAC;330059825;241;;;;;;;;;;;;;;;;;;;;4162;;;;;;;;;;;;;;0;;0;;0;;0;;0;;0;0
PSY2;2020;330780289;HOPITAL DE JOUR L'OISEAU LYRE;330790809;36;;;;;;;;;;;;;;;;;;;;3868;;;;;;;;;;;;;;0;;0;;0;;0;;0;;0;0
PSY2;2020;330780297;CLINIQUE ANOUSTE;330000175;457;;;;;;;;;;;;;13298;;;;;;;6113;;;;;;;;;;;;;;0;;0;;0;;0;;0;;0;0
PSY2;2020;330780313;MAISON DE SANTE LES PINS;330000191;589;;;;;;;;;;;;;29307;;;;;;;;;;;;;;;;;;;;;0;;0;;0;;0;;0;;0;0
PSY2;2020;330780321;CLINIQUE BETHANIE;330000209;850;;;;;;;;;;;;;20532;;;;;;;12171;;;;;;;;;;;;;;0;;0;;1;;0;;0;;0;0
PSY2;2020;330780636;CSMI RENOVATION - CMP BORDEAUX-NORD;330785072;1875;;;;;;;;;;;;;;;;;;;;;;;;;;;25959;;;;;;;0;;0;;1;6.04;0;;0;;0;0
PSY2;2020;330780776;CLINIQUE LES HORIZONS;330056839;398;;;;;;;;;;;;;28848;;;;;;;;;;;;;;;;;;;;;0;;0;;0;;0;;0;;0;0
PSY2;2020;330781170;CENTRE READAPT PASTEUR - RENOVATION;330785072;89;;;;;;;;;;;;;10949;;;;;;;288;;;;;;;;;;;;;;0;;0;;0;;0;;0;;0;0
PSY2;2020;330781188;CTRE DE REHABILITATION PSYCHO-SOCIALE;330056540;306;;;;;;;;;;;;;4912;;;;;;;4763;;;;;;;;;;;;;;0;;0;;0;;0;;0;;0;0
PSY2;2020;330781303;HIA ROBERT PICQUE;750821092;1743;0;0;0;0;0;0;0;0;0;0;0;0;3559;0;0;0;0;0;0;0;0;0;0;0;0;0;4670;0;0;0;0;0;0;0;;0;;0;;0;;0;;0;0
PSY2;2020;330782350;CENTRE PSYCHOTHERAPIQUE LES PLATANES;330000480;89;;;;;;;;;;;;;;;;;;;;8265;;;;;;;;;;;;;;0;;0;;0;;0;;0;;0;0
PSY2;2020;330783614;HOPITAL DE JOUR DU PARC - RENOVATION;330785072;182;;;;;;;;;;;;;;;;;;;;9069;;;;;;;;;;;;;;0;;0;;1;;0;;0;;0;0
PSY2;2020;330783721;HOPITAL GARDEROSE;330781253;5901;66;;1;1;227;37;25;;1;1;117;26;25209;2858;;;;5758;792;;;;;;;;54108;807;;1;15;2678;308;;;0;;1;7.7;0;;0;;0;0
PSY2;2020;330783960;HOPITAL DE JOUR CENTRE SANTE MENT MGEN;750005068;527;;;;;;;;;;;;;;;;;;;;8790;;;;;;;3649;;;;;;;0;;0;;0;;0;;0;;0;0
PSY2;2020;330802752;CENTRE JEAN ABADIE - CHU;330781196;101;;;;;;;;;;;;;2380;;;;;;;;;;;;;;;;;;;;;0;;0;;1;32.63;0;;0;;0;0
PSY2;2020;340000033;CH BEZIERS;340780055;2252;14;1;;1;68;21;14;1;;1;68;21;2726;;;;;3;3;;;;;;;;5818;51;7;;4;206;64;1;2.1;1;4.47;1;2.5;0;;0;;0;0
PSY2;2020;340000223;HOPITAL ST CLAIR HBT SETE;340011295;289;;;;;;;12;;;;51;11;7361;;;;;;;2108;;;;;;;;;;;;;;1;;1;;;;0;;0;;0;0
PSY2;2020;340010149;CL ST CLEMENT;340010099;234;;;;;;;;;;;;;23487;;;;;;;4876;;;;;;;;;;;;;;0;;0;;0;;0;;0;;0;0
PSY2;2020;340016732;HJ PSY ADULTES SITE PERREAL;340780055;5348;89;6;;40;325;99;91;77;;49;363;94;20523;4110;566;;309;11010;3430;13426;494;38;;;675;482;43960;1321;72;;5;1989;829;1;2.1;1;4.47;1;2.5;0;;;;0;
PSY2;2020;340780121;CL LA PERGOLA;340000082;410;;;;;;;;;;;;;30268;;;;;;;8086;;;;;;;;;;;;;;0;;0;;0;;0;;0;;0;0
PSY2;2020;340780485;CHS LA COLOMBIERE CHU MONTPELLIER;340780477;17223;148;27;0;56;887;231;259;33;0;33;1691;504;35547;7166;1604;0;1457;36973;8759;17711;726;546;0;102;2630;803;162692;4505;1980;0;428;20834;4986;1;0.2;0;;1;31;1;31.3;0;;0;
PSY2;2020;340780758;CL RECH;340000355;980;;;;;;;;;;;;;60957;;;;;;;2591;;;;;;;;;;;;;;0;;0;;0;;0;;0;;0;0
PSY2;2020;340780766;CLINIQUE LA LIRONDE;920030269;699;;;;;;;;;;;;;39147;;;;;;;;;;;;;;;;;;;;;0;;0;;1;18.41;0;;0;;0;0
PSY2;2020;340780782;CL STELLA;340000371;710;;;;;;;;;;;;;50221;;;;;;;;;;;;;;;;;;;;;0;;0;;0;;0;;0;;0;0
PSY2;2020;340780790;CL ST ANTOINE;340000389;319;;;;;;;;;;;;;19109;;;;;;;;;;;;;;;;;;;;;0;;1;73.5;0;;0;;0;;0;0
PSY2;2020;340780931;CL ST MARTIN VIGNOGOUL;340000454;249;;;;;;;;;;;;;28518;;;;;;;6346;;;;;;;;;;;;;;0;;0;;0;;0;;0;;0;0
PSY2;2020;340782036;HOPITAL ST ELOI CHU MONTPELLIER;340780477;2950;;;;;;;;;;;;;1952;;;;;;;4798;;;;;;;15342;;;;;;;1;0.05;0;;1;33.5;0;;0;;0;0
PSY2;2020;340787266;HJ PSY INFANTO JUVENILE HBT SETE;340011295;943;;;;;;;;;;;;;7;;;;;;;1827;;;;;;;9170;;;;;;;1;0.2;0;;1;10;0;;0;;0;0
PSY2;2020;350000147;CENTRE HOSPITALIER SAINT-MALO;350000022;6191;14;2;0;0;126;64;4;2;0;4;126;60;21756;649;0;0;0;6077;2205;4066;10;0;0;0;21;3;60561;349;9;0;0;735;217;1;0.85;0;;1;16.77;;;;;;
PSY2;2020;350000162;CHIRC SITE REDON;350000048;2239;8;5;;;85;;4;1;;;49;3;5423;576;283;;;2020;;1257;2;143;;;111;;;;;;;;;1;1.63;0;;0;;0;;0;;0;0
PSY2;2020;350000337;C.H. GUILLAUME REGNIER RENNES;350000246;24523;255;14;9;11;732;415;308;22;9;11;895;507;151742;16548;1475;118;423;25335;17369;32758;972;430;;;1098;210;302619;296;30;5;8;1303;598;1;;1;;1;;0;;1;22.04;1;1
PSY2;2020;350002119;CLINIQUE DU MOULIN;350000386;388;;;;;;;;;;;;;27224;;;;;;;2881;;;;;;;;;;;;;;0;;0;;0;;0;;0;;0;0
PSY2;2020;350002176;CLINIQUE DE L'ESPERANCE;350000402;594;;;;;;;;;;;;;24309;;;;;;;3328;;;;;;;;;;;;;;0;;0;;0;;0;;0;;0;0
PSY2;2020;350002192;POLYCLINIQUE ST LAURENT;220020739;703;;;;;;;;;;;;;26239;;;;;;;1280;;;;;;;;;;;;;;0;;1;0.2;0;;0;;0;;0;0
PSY2;2020;350002234;CENTRE MEDICAL ET PEDAGOGIQUE BEAULIEU;750720575;56;;;;;;;;;;;;;1757;;;;;;;1044;;;;;;;787;;;;;;;0;;0;;1;4.95;0;;0;;0;0
PSY2;2020;350002754;CENTRE LA THEBAUDAIS;440042844;83;;;;;;;;;;;;;;;;;;;;8424;;;;;;;1647;;;;;;;0;;0;;0;;0;;0;;0;0
PSY2;2020;350039574;HOPITAL DE JOUR LA MAISON BLEUE;350023495;63;;;;;;;;;;;;;0;;;;;;;1112;;;;;;;1707;;;;;;;0;;0;;0;;0;;0;;0;0
PSY2;2020;360000137;CH CHATEAUROUX;360000053;4969;38;1;;20;303;57;15;;;13;173;47;33320;2171;366;;62;11376;1978;1642;;;;;46;16;56926;822;;;156;3277;471;1;;0;;0;;0;;0;;0;0
PSY2;2020;360000210;CLINIQUE DU HAUT-CLUZEAU;920031036;298;;;;;;;;;;;;;20619;;;;;;;3004;;;;;;;;;;;;;;0;;0;;0;;0;;0;;0;
PSY2;2020;370000119;CLINIQUE VONTES;370013062;946;;;;;;;;;;;;;50733;;;;;;;;;;;;;;;;;;;;;0;;0;;0;;0;;0;;0;0
PSY2;2020;370000127;CLINIQUE RONSARD;370000259;1158;;;;;;;;;;;;;32752;;;;;;;;;;;;;;;;;;;;;0;;1;;0;;0;;0;;0;0
PSY2;2020;370000143;CLINIQUE DU VAL DE LOIRE;370000291;610;0;0;0;0;0;0;0;0;0;0;0;0;20299;0;0;0;0;0;0;1967;0;0;0;0;0;0;0;0;0;0;0;0;0;;;0;;0;;0;;0;;0;0
PSY2;2020;370000499;CHRU CLOCHEVILLE - TOURS;370000481;1475;;;;;;;;;;;;;;;;;;;;;;;;;;;13864;;;;;;;1;;0;;0;;0;;0;;0;0
PSY2;2020;370000531;CH DU CHINONAIS;370000606;2290;10;0;0;0;31;5;10;0;0;0;31;5;24676;200;0;0;0;1150;172;;;;;;;;32584;195;0;0;0;312;29;1;;1;;1;14.78;0;;0;;0;
PSY2;2020;370000580;CHIC CHÂTEAU-RENAULT HÔP DR J.DELANEAU;370000564;1168;22;;;;55;9;23;;;;58;11;13032;513;;;;2459;384;1152;37;;;;58;;9150;240;;;;214;2;0;;0;;0;;0;;0;;0;0
PSY2;2020;370000861;CHRU BRETONNEAU - TOURS;370000481;1331;35;;;1;121;13;11;;;1;100;17;9346;762;;;4;4536;775;7520;;;;;43;;21392;216;;;;394;;0;;0;;0;;0;;0;;0;
PSY2;2020;370000879;CHIC - AMBOISE- HÔPITAL ROBERT DEBRÉ;370000564;1660;;1;;;2;;;1;;;2;;1520;;;;;;;2407;;69;;;66;;15214;;;;;;;0;;0;;0;;0;;0;;0;0
PSY2;2020;370000903;CH PAUL MARTINAIS - LOCHES;370000614;1020;;;;;;;;;;;;;;;;;;;;2591;;;;;;;9645;;;;;;;1;;0;;0;;0;;0;;0;0
PSY2;2020;370004467;CHRU TROUSSEAU - CHAMBRAY;370000481;1925;18;2;;;191;23;4;1;;;79;13;21985;1681;366;;;9442;1484;6965;;;;;16;3;32628;99;1;;;435;40;1;;0;;0;;0;;0;;0;
PSY2;2020;370005050;CENTRE PSY.UNIVERSITAIRE-CHRU TOURS;370000481;2776;18;;;;140;19;15;;;;155;20;11274;608;;;;5257;459;;;;;;;;16949;10;;;;18;;0;;1;;1;;0;;0;;0;0
PSY2;2020;380000034;CH PIERRE OUDOT BOURGOIN JALLIEU;380780049;1930;;;;;;;;;;;;;2768;;;;;;;792;;;;;;;16534;;;;;;;0;;0;;;;0;;0;;0;0
PSY2;2020;380000067;HOPITAL NORD - CHU38;380780080;3038;;;3;;20;3;;;6;;25;4;7094;;;58;;752;230;551;;;;;;;7447;;;4;;17;1;0;;0;;0;;0;;0;;0;0
PSY2;2020;380000133;CH ALPES ISERE;380780247;16829;295;10;10;10;676;258;277;12;7;10;606;248;57283;14846;700;410;276;26281;12530;20770;120;0;5;0;422;114;255292;6098;320;43;19;9476;2983;1;;1;36.69;1;47.89;0;;1;13.41;0;0
PSY2;2020;380780296;CLINIQUE DU DAUPHINE;380021550;1255;;;;;;;;;;;;;45410;;;;;;;;;;;;;;;;;;;;;0;;1;22.41;0;;0;;0;;0;0
PSY2;2020;380780312;CLINIQUE DU GRESIVAUDAN;750720575;103;;;;;;;;;;;;;25985;;;;;;;4182;;;;;;;1165;;;;;;;0;;0;;1;86.68;;;;;;
PSY2;2020;380784462;ETAB. DE SANTE MENTALE DE GRENOBLE;750005068;374;;;;;;;;;;;;;251;;;;;;;4523;;;;;;;773;;;;;;;0;;0;;0;;0;;0;;0;0
PSY2;2020;380794297;FONDATION GEORGES BOISSEL;380794297;7023;73;5;;;279;115;74;5;;;301;127;37717;3785;950;;;7655;2884;7088;165;;;;175;81;74183;929;19;;;806;344;0;;1;2;1;1.82;0;;0;;0;0
PSY2;2020;380795773;CTRE SOCIAL LUTTE CONTRE L'ISOLEMENT;380795765;206;;;;;;;;;;;;;;;;;;;;66;;;;;;;3917;;;;;;;0;;0;;0;;0;;0;;0;0
PSY2;2020;390000164;CHS SAINT YLIE JURA;390780476;7897;32;6;3;3;252;213;32;6;4;3;264;243;60942;2709;678;231;30;14619;8006;14107;63;28;0;0;182;85;80191;217;198;51;21;749;499;1;1.8;1;76.64;1;43.65;0;;0;;0;0
PSY2;2020;400000105;CENTRE HOSPITALIER DAX;400780193;4736;2;;;;50;4;4;;;;39;8;2978;71;;;;1950;134;4787;;;;;;;48067;;;;;;;1;6.37;1;6.43;1;7.19;0;;0;;0;0
PSY2;2020;400000113;CH MONT DE MARSAN - SITE DE STE ANNE;400011177;887;46;1;;18;286;63;57;1;;19;356;77;41054;3926;218;;160;10711;1904;9621;197;;;;265;101;90119;;;;;;;1;;1;;1;;0;;0;;0;1
PSY2;2020;400014072;HOPITAL DE JOUR CMPA;400014064;170;;;;;;;;;;;;;;;;;;;;4733;;;;;;;;;;;;;;0;;0;;0;;0;;0;;0;0
PSY2;2020;400780367;CLINIQUE MEDICALE JEAN SARRAILH;750720575;273;;;;;;;;;;;;;15037;;;;;;;1203;;;;;;;1448;;;;;;;0;;0;;0;;0;;0;;0;0
PSY2;2020;400780375;CLINIQUE MAYLIS;400013801;628;;;;;;;;;;;;;22417;;;;;;;5985;;;;;;;;;;;;;;0;;0;;0;;0;;0;;0;0
PSY2;2020;410000020;CH BLOIS SIMONE VEIL;410000087;3281;30;1;1;294;147;31;30;1;1;294;147;31;9447;2546;35;126;0;6194;1194;1938;64;0;0;0;206;40;35603;202;0;4;1445;732;172;1;0.8;0;;1;8.61;0;;0;;0;0
PSY2;2020;410000046;CH ROMORANTIN-LANTHENAY;410000103;2002;14;;13;;54;8;7;;3;;45;4;13979;1445;;179;;1542;236;2932;152;;;;97;;16891;;;210;;106;44;0;;0;;0;;0;;0;;0;0
PSY2;2020;410000277;CLINIQUE DE COUR CHEVERNY;410000467;343;;;;;;;;;;;;;37365;;;;;;;7142;;;;;;;;;;;;;;0;;0;;0;;0;;0;;0;0
PSY2;2020;410000293;CLINIQUE DE CHAILLES;410000491;204;;;;;;;;;;;;;37284;;;;;;;7701;;;;;;;;;;;;;;0;;0;;0;;0;;0;;0;0
PSY2;2020;410000475;CLINIQUE MEDICALE DU CENTRE DE SAUMERY;410000475;245;;;;;;;;;;;;;20027;;;;;;;5797;;;;;;;;;;;;;;0;;0;;1;;0;;0;;0;0
PSY2;2020;410003768;SERVICE PSYCHIATRIE-ANNEXE-CH VENDOME;410000095;1045;20;;;;23;7;20;;;;23;7;6969;570;;;;1220;194;9004;481;;;;390;86;7435;121;3;7;;31;25;1;3;0;;0;;0;;0;;0;0
PSY2;2020;420000010;CH DE ROANNE;420780033;4955;30;;;;136;23;833;;;;1909;401;7713;1872;;;;4694;701;6319;544;;;;990;;48419;0;;;;0;0;1;;1;2.57;1;4.11;0;;0;;0;0
PSY2;2020;420000226;CH DU FOREZ SITE DE MONTBRISON;420013831;3582;24;0;0;0;91;6;26;0;0;0;107;6;7934;1700;0;0;0;3024;178;4268;0;0;0;0;0;0;30987;261;64;4;1;155;16;0;;0;;0;;0;;0;;0;0
PSY2;2020;420781767;CLINIQUE DES MONTS DU FOREZ;420000523;487;;;;;;;;;;;;;22207;;;;;;;;;;;;;;;;;;;;;0;;0;;0;;0;;0;;;0
PSY2;2020;420782559;HOPITAL DE BELLEVUE - CHU42;420784878;1670;19;;;;30;4;;;;;;;12571;604;;;;2145;152;5035;74;;;;8;;11041;8;;;;;;0;;0;;1;;0;;0;;0;0
PSY2;2020;420782567;HOPITAL DE LA CHARITE - CHU42;420784878;2428;38;;;;51;2;;;;;;;;;;;;;;2386;110;;;;80;;20884;252;;;;218;7;0;;1;5.15;0;;0;;0;;0;0
PSY2;2020;420783102;CENTRE DE POST-CURE LA MUSARDIÈRE;420000929;191;;;;;;;;;;;;;12935;;;;;;;;;;;;;;;;;;;;;0;;0;;0;;0;;0;;0;0
PSY2;2020;420785354;HOPITAL NORD - CHU42;420784878;8785;78;12;9;358;334;29;;;;;;;38963;3589;65;102;300;11048;625;6368;236;;;;;;52852;74;;;;1223;8;1;7;0;;0;;0;;0;;0;0
PSY2;2020;420788440;CLINIQUE DE SAINT VICTOR;420001794;875;;;;;;;;;;;;;34302;;;;;;;3010;;;;;;;;;;;;;;0;;0;;0;;0;;0;;0;0
PSY2;2020;420790081;KORIAN LE CLOS MONTAIGNE;750056335;515;;;;;;;;;;;;;23816;;;;;;;;;;;;;;;;;;;;;0;;0;;0;;0;;0;;0;0
PSY2;2020;430000026;CHS SAINTE MARIE LE PUY;630786754;7231;39;7;3;4;269;49;52;9;3;7;291;51;40574;3333;864;13;73;15519;2214;11999;112;60;;;598;117;83937;529;170;96;39;2240;393;1;0.69;1;77.21;1;22.17;0;;0;;0;0
PSY2;2020;440000180;CHS BLAIN;440000263;6765;43;2;1;2;285;75;39;2;;6;300;76;59492;2579;303;13;16;9866;2777;8476;242;35;;;794;88;49680;472;;;;2074;408;0;;1;33.3;1;59.7;0;;0;;0;0
PSY2;2020;440000800;CLINIQUE DU PARC;440001246;696;;;;;;;;;;;;;16775;;;;;;;2705;;;;;;;;;;;;;;0;;0;;0;;0;;0;;0;0
PSY2;2020;440001972;CENTRE HOSPITALIER GEORGES DAUMEZON;440003309;7914;44;6;9;4;273;92;747;185;51;5;3215;801;27305;1687;174;105;41;6363;2092;17212;349;84;3;0;905;485;67899;592;159;27;0;2671;587;0;;1;10.78;1;15.5;0;;0;;0;0
PSY2;2020;440003390;CLINIQUE LA BRIERE;440001998;779;;;;;;;;;;;;;19658;;;;;;;2292;;;;;;;;;;;;;;0;;0;;0;;0;;0;;0;0
PSY2;2020;440007482;ASSOCIATION PSY'ACTIV;440007482;44;;;;;;;;;;;;;20508;;;;;;;1962;;;;;;;876;;;;;;;0;;0;;0;;0;;0;;0;0
PSY2;2020;440007607;CH ST NAZAIRE - HEINLEX;440000057;6449;39;2;5;1;279;100;63;0;3;0;379;109;25969;1181;;7;;6215;2429;6630;163;;0;;1243;305;58679;421;6;26;11;1991;605;1;;0;;1;;0;;0;;0;0
PSY2;2020;440018729;LES APSYADES;440018729;1891;;;;;;;;;;;;;4010;;;;;;;1641;;;;;;;30914;;;;;;;0;;0;;1;2.5;0;;0;;0;0
PSY2;2020;440021392;HOP PSY STJACQUES CHU NANTES;440000289;18500;121;0;0;0;516;198;885;0;0;0;1653;1043;63785;4750;0;0;0;10925;4786;18699;342;0;0;0;225;102;112017;1139;0;0;0;1943;631;;;;;;;0;;1;30.4;0;1
PSY2;2020;450000062;CH AGGLOMERATION MONTARGOISE;450000104;3151;13;1;;;88;3;27;1;;;180;4;11064;215;407;;;1211;580;2658;47;;;;4;;30720;413;49;;;256;14;1;;0;;0;;0;;0;;0;0
PSY2;2020;450000252;CLINIQUE BELLE ALLEE;450000559;541;;;;;;;;;;;;;32656;;;;;;;;;;;;;;;;;;;;;0;;0;;0;;0;;0;;0;0
PSY2;2020;450000930;EPSM DU LOIRET G. DAUMEZON;450002423;16042;182;10;;126;352;172;251;16;;165;440;191;55356;6144;1077;;3730;9283;2908;13709;182;167;;3;190;192;124789;2276;223;;23;1080;481;1;2.85;1;33.11;1;33.69;0;;1;20.01;1;1
PSY2;2020;450011507;AIDAPHI;450011507;42;0;0;0;0;0;0;0;0;0;0;0;0;;0;0;0;0;0;0;3460;0;0;0;0;0;0;0;0;0;0;0;0;0;0;0;0;0;0;0;0;0;0;0;0;0
PSY2;2020;450018924;CLINIQUE DU PONT DE GIEN;450015409;312;;;;;;;;;;;;;26578;;;;;;;;;;;;;;;;;;;;;0;;0;;0;;0;;0;;0;0
PSY2;2020;460785090;INSTITUT CAMILLE MIRET;460785090;6932;36;2;7;0;123;235;36;2;8;0;128;250;26645;2730;365;88;0;5847;9839;6411;4;0;0;0;93;178;63468;446;1;2;0;659;1929;1;0.43;1;80.53;1;31.17;0;;0;;0;0
PSY2;2020;470000563;CH DEPARTEMENTAL DE LA CANDELIE;470000381;11297;204;4;2;36;223;242;77;4;3;40;189;222;51155;12114;266;43;383;7817;5553;13560;1136;45;11;0;256;264;122897;3724;73;60;94;1524;997;1;0.5;1;42.59;1;60.64;0;;0;;0;0
PSY2;2020;480000058;CHS FRANCOIS TOSQUELLES;480780147;3616;7;0;0;3;63;19;5;0;0;5;64;19;23218;596;0;0;;2470;305;3515;19;0;0;0;137;28;40792;281;0;0;18;1716;355;1;0.85;1;40.28;1;20.85;0;;0;;0;0
PSY2;2020;490000106;CESAME STE GEMMES SUR LOIRE;490000163;13298;143;10;1;25;351;295;151;5;1;29;396;366;69959;7788;820;50;180;9910;9302;4895;74;73;0;0;20;18;155349;1810;139;1;1;276;166;1;0;1;2.3;1;29.25;0;;0;;0;0
PSY2;2020;490000247;CLINIQUE SAINT-DIDIER;490000130;273;;;;;;;;;;;;;11358;;;;;;;;;;;;;;;;;;;;;0;;0;;0;;0;;0;;0;0
PSY2;2020;490000635;CH DE CHOLET;490000676;5677;13;;;;174;10;23;;;;357;10;20188;453;;;;3413;;3948;39;;;;1585;;54640;9;;;;118;10;1;1;1;9.99;1;2.28;0;;0;;0;0
PSY2;2020;490001765;CH DE SAUMUR;490528452;2312;31;1;;;53;;39;2;;;61;;3245;1094;44;;;839;;1456;89;;;;43;;15534;214;;;;116;;1;0.48;1;1.1;1;3.29;0;;0;;0;0
PSY2;2020;490002979;INST. PSYCHOTHERAPIQUE LA MENANTIERE;490535705;145;;;;;;;;;;;;;19208;;;;;;;;;;;;;;;;;;;;;0;;0;;0;;0;;0;;0;0
PSY2;2020;500000575;CENTRE HOSPITALIER DE L'ESTRAN;500000245;7010;16;;;;67;48;17;;;;75;62;19625;2451;;;;1708;2548;15534;83;;;;222;268;59993;185;;;;304;169;1;;1;8.12;1;4.65;0;;0;;0;0
PSY2;2020;500010384;FONDATION BON SAUVEUR DE LA MANCHE;500010384;15737;24;5;3;10;229;110;24;5;3;10;229;110;54842;2840;829;54;31;6159;2541;11837;66;99;0;0;263;42;96409;560;36;22;0;290;167;1;1.56;0;;1;17.62;0;;0;;0;0
PSY2;2020;510000219;ETABT PUBLIC DE SANTE MENTALE MARNE;510000052;14820;209;26;;13;398;85;190;28;;15;432;86;71839;22068;4068;;249;19980;3637;12405;638;;;25;507;117;223827;2753;182;;4;1887;227;1;0.48;1;18.82;1;12.37;1;89.66;1;10.37;0;0
PSY2;2020;510000284;MAISON DE SANTE;920035599;461;;;;;;;;;;;;;14389;;;;;;;;;;;;;;;;;;;;;0;;0;;0;;0;;0;;0;
PSY2;2020;510000813;CENTRE DE POST-CURE L'AMITIÉ;510000854;48;;;;;;;;;;;;;9597;;;;;;;;;;;;;;;;;;;;;0;;0;;0;;0;;0;;0;0
PSY2;2020;510002447;HOPITAL ROBERT DEBRE CHU REIMS;510000029;2841;;;1;;;;;;1;;;;2849;;;19;;;;1046;;;;;;;27183;;;;;;;0;;0;;1;29;0;;0;;0;0
PSY2;2020;510025091;HOSPITALISATION REMOISE-SITE 2-USIP-;510000052;1680;17;;;;154;35;17;;;;168;37;882;4;;;;232;42;;;;;;;;2084;14;;;;2;;;;;;;;;;;;;
PSY2;2020;510025471;FSEF-CLINIQUE SOINS-ETUDES;750720575;35;;;;;;;;;;;;;5995;;;;;;;;;;;;;;;;;;;;;0;;0;;1;35.5;0;;0;;0;0
PSY2;2020;520000076;CH DE LA HAUTE MARNE-HOP ANDRE BRETON;520780081;5640;41;3;0;0;153;185;33;3;0;0;128;169;33977;1317;689;;;4376;4880;6428;215;38;;;100;80;66354;604;87;;;1142;999;1;;0;;1;83.82;0;;0;;0;0
PSY2;2020;530000017;CH HAUT ANJOU SITE CHATEAU GONTIER;530000025;;10;;;;39;9;;;;;;;5337;663;;;;1780;121;2112;917;;;;1244;303;6840;300;;;;1016;148;1;;0;;0;;0;;0;;0;0
PSY2;2020;530000124;CLINIQUE NOTRE DAME DE PRITZ;530000249;495;;;;;;;;;;;;;20698;;;;;;;;;;;;;;;;;;;;;0;;0;;0;;0;;0;;0;0
PSY2;2020;530000173;CENTRE HOSPITALIER NORD MAYENNE;530000074;2674;17;0;0;0;46;13;17;0;0;0;46;13;23381;2526;0;0;0;1473;309;7414;353;0;0;0;71;282;23554;783;0;0;0;450;777;1;0.65;0;;0;;0;;0;;0;0
PSY2;2020;530000264;CENTRE HOSPITALIER DE LAVAL;530000371;434;9;1;0;1;73;18;14;1;0;1;61;10;20719;727;2;0;2;3116;405;6944;5;0;0;0;0;0;49270;84;5;0;0;163;5;1;0.34;0;;0;;0;;0;;0;
PSY2;2020;540001070;CH DE BRIEY - HOPITAL MAILLOT;540000767;167;4;;;;4;;4;;;;1;;7557;24;;;;160;;;;;;;;;;;;;;;;1;1;0;;0;;0;;0;;0;0
PSY2;2020;540001096;CH DE MT ST MARTIN (GROUPE SOS SANTE);570010181;180;15;;;;48;19;15;;;;48;19;2509;262;;;;1030;227;;;;;;;;;;;;;;;0;;0;;0;;0;;0;;0;0
PSY2;2020;540006830;CMP CATTP HJ ENF DU CH BRIEY A BRIEY;540000767;2545;10;;;;10;;4;;;;5;;;;;;;;;565;63;;;;97;;23797;573;;;;516;;;;;;;;0;;0;;0;0
PSY2;2020;540014073;CHS CENTRE PSYCHOTHERAPIQUE DE NANCY;540000056;25296;76;5;0;118;310;271;86;5;0;134;373;314;71686;4157;777;0;4224;13598;9248;8851;39;0;0;0;148;54;222392;182;3;0;106;309;310;1;4.8;1;43.78;1;90.18;0;;0;;1;0
PSY2;2020;550000186;CH VERDUN/ST MIHIEL-UNITE D'HOSP. ADOS;550006795;536;;;;;;;;;;;;;1189;;;;;;;1171;;;;;;;3623;;;;;;;1;0.3;0;;1;2;0;;0;;0;
PSY2;2020;550000251;CHS DE FAINS-VEEL;550000095;4257;26;1;;11;175;35;30;1;;11;180;35;27804;2328;357;;17;7074;1417;5838;14;;;;936;29;35750;258;;;;2011;227;1;0.18;1;0.8;1;;0;;0;;0;0
PSY2;2020;550003362;CH VERDUN/ST MIHIEL - HOP DESANDROUINS;550006795;1603;37;;;23;44;17;61;;;0;208;42;4418;1364;;;;1818;581;821;42;;;;637;;7335;208;;;75;787;207;1;0.2;0;;0;;0;;0;;0;0
PSY2;2020;560000242;CPCR BILLIERS;560022246;137;;;;;;;;;;;;;27070;;;;;;;;;;;;;;;;;;;;;0;;;;0;;0;;0;;0;0
PSY2;2020;560000382;ETABLISSEMENT PUBLIC DE SANTE MENTALE;560002032;14872;65;12;;6;551;216;22;2;2;6;413;184;57921;5070;1703;;11;40430;6842;15046;632;189;;;1053;200;137790;1678;211;;;5012;1116;1;1;1;82.85;1;40.57;0;;0;;0;
PSY2;2020;560000697;EPSM JEAN-MARTIN CHARCOT;560002677;9667;35;8;2;12;238;79;37;7;2;14;257;86;46387;1383;1381;37;77;12451;2048;11577;181;;;;316;91;91441;559;42;0;2;2422;467;1;0.95;1;28.97;1;13.69;0;;0;;0;0
PSY2;2020;560002081;CLINIQUE DU GOLFE;560000416;506;;;;;;;;;;;;;24924;;;;;;;1633;;;;;;;;;;;;;;0;;0;;0;;0;;0;;0;0
PSY2;2020;560002123;CLINIQUE SAINT VINCENT;920030269;620;;;;;;;;;;;;;26516;;;;;;;;;;;;;;;;;;;;;0;;0;;0;;0;;0;;;
PSY2;2020;560002685;ETABLISSEMENT SPECIALISE KER JOIE;750043713;491;;;;;;;;;;;;;12872;;;;;;;1036;;;;;;;1876;;;;;;;0;;0;;0;;0;;0;;0;0
PSY2;2020;560004277;CENTRE DE KERVILLARD;750721029;61;;;;;;;;;;;;;1241;;;;;;;2378;;;;;;;;;;;;;;0;;0;;0;;0;;0;;0;0
PSY2;2020;560006991;HOP DE JOUR CMP ENFANTS ADO PONTIVY;220017974;4559;18;;;;25;7;18;;;;25;7;4598;;;;;10;;4101;;;;;130;;42079;115;;;;109;65;1;;0;;1;;0;;0;;0;0
PSY2;2020;570000281;HOPITAL D'HAYANGE - CHR;570005165;245;;;;;142;22;;;;;244;37;8801;;;;;5971;812;;;;;;;;;;;;;;;0;;0;;0;;0;;0;;0;0
PSY2;2020;570000349;HOPITAL BEL AIR DE THIONVILLE - CHR;570005165;287;1;;;;7;;1;;;;7;;1279;1;;;;23;;;;;;;;;;;;;;;;1;0.7;0;;0;;0;;0;;0;0
PSY2;2020;570000596;HIA LEGOUEST;750821092;193;;;;;;;;;;;;;4606;;;;;;;342;;;;;;;3741;;;;;;;0;;0;;0;;0;;0;;0;0
PSY2;2020;570000885;CENTRE HOSPITALIER DE LORQUIN;570000133;8034;36;;;1;252;133;13;;;0;157;109;35887;2507;;;;5157;2753;11591;60;;;;40;35;68805;348;;;57;1032;335;1;4.6;1;4.84;1;1.9;0;;1;19.5;0;0
PSY2;2020;570000893;CHS DE SARREGUEMINES;570000141;7648;243;34;;22;149;231;279;39;;35;363;331;51909;38311;7021;;1666;3985;6490;8701;260;1;;;108;202;57289;865;64;;20;511;659;1;0.64;0;;0;;1;;0;;0;0
PSY2;2020;570001016;CHS DE JURY;570000513;1336;76;6;;;344;259;63;3;;;322;264;40673;4963;1505;;;14848;10367;2894;;;;;;;101789;664;15;;;4847;1265;1;5.32;1;8.36;1;38.95;0;;0;;0;0
PSY2;2020;570001099;HOPITAL SAINTE-BLANDINE DE METZ - HPM;570023630;351;;;;;;;;;;;;;9026;;;;;;;;;;;;;;;;;;;;;;;;;;;0;;0;;0;0
PSY2;2020;570002287;MAISON DE SANTE STE MARGUERITE NOVEANT;570001230;608;;;;;;;;;;;;;22534;;;;;;;;;;;;;;;;;;;;;0;;0;;0;;0;;0;;0;0
PSY2;2020;570010181;ASSOCIATION GROUPE SOS SANTE;570010181;2263;;;;;;;;;;;;;;;;;;;;;;;;;;;35574;;;;;;;0;;0;;0;;0;;0;;0;0
PSY2;2020;570015750;HOPITAL DE JOUR ENFANTS DE YUTZ;570005165;3823;;;;;;;;;;;;;;;;;;;;663;;;;;;;45316;;;;;;;0;;0;;0;;0;;0;;0;0
PSY2;2020;570023309;CENTRE MATHILDE SALOMON DE PHALSBOURG;670014604;46;;;;;;;;;;;;;3974;;;;;;;479;;;;;;;;;;;;;;0;;0;;0;;0;;0;;0;0
PSY2;2020;570027631;CNPA ST AVOLD;570029504;36;;;;;;;;;;;;;0;;;;;;;503;;;;;;;;;;;;;;0;;0;;0;;0;;0;;0;0
PSY2;2020;580780237;CLINIQUE DU CHATEAU DU TREMBLAY;580000099;655;;;3;;;;;;3;;;;32161;;;106;;;;;;;;;;;;;;;;;;;;;;1;16.48;0;;0;;0;0
PSY2;2020;580972636;CENTRE HOSPITALIER PIERRE LÔO;580780971;6805;53;2;1;10;116;122;53;2;2;12;120;131;40412;3034;469;29;72;3958;3519;7199;373;;;;878;255;61086;672;;;;1718;1212;1;;0;;0;;0;;0;;0;0
PSY2;2020;580972693;HOPITAL PIERRE BEREGOVOY;580780039;2583;;;;;;;;;;;;;;;;;;;;2127;;;;;;;19391;;;;;;;1;0.9;0;;1;17.87;0;;0;;0;0
PSY2;2020;590000014;CH SOMAIN;590780052;2090;6;0;0;1;54;10;5;0;0;1;72;10;10634;195;0;0;22;2237;112;2255;0;0;0;0;17;0;14800;41;0;0;0;15;1;0;;0;;0;;0;;0;;0;0
PSY2;2020;590000105;CHR LILLE;590780193;9054;28;0;0;0;3;1;2;0;0;0;3;1;33339;39;0;0;0;259;8;4716;0;0;0;0;0;0;34386;200;0;0;0;1;0;1;4;;46.8;1;12.5;;;1;62.91;1;1
PSY2;2020;590000428;CH CAMBRAI;590781605;5588;15;;;;168;10;15;;;;168;10;18015;1574;;;;11603;913;3715;0;;;;226;0;56367;180;;;;143;17;;;;;;;0;;0;;0;0
PSY2;2020;590000469;CH FOURMIES;590781662;127;10;;;;21;6;11;;;;27;7;3302;513;;;;458;162;;;;;;;;3865;33;;;;3;59;1;;0;;0;;0;;0;;0;0
PSY2;2020;590000535;CH SAMBRE AVESNOIS MAUBEUGE;590781803;608;11;3;;6;101;11;14;3;;6;109;12;14998;1267;1049;;43;2956;110;1892;30;;;;;;31554;;;;;;;1;5.22;0;;0;;0;;0;;0;0
PSY2;2020;590000592;CH DENAIN;590782165;286;7;1;;1;65;2;7;1;;1;76;2;6698;469;;;5;3261;48;4378;27;145;;;1;;12566;215;114;;;271;;1;0.2;0;;1;5.05;0;;0;;0;0
PSY2;2020;590000600;CH SAINT- AMAND LES EAUX;590782207;2546;1;;;;33;3;1;;;;33;3;12967;61;;;;1105;79;2038;;;;;;;15050;;;;;;;0;;0;;0;;0;;0;;0;0
PSY2;2020;590000618;CH VALENCIENNES;590782215;10151;5;4;0;11;319;9;5;4;0;12;385;9;24996;144;721;;65;8961;346;7719;1026;445;;;;;121985;264;88;;12;245;15;1;;0;;0;;0;;0;;0;0
PSY2;2020;590000782;EPSM LILLE METROPOLE;590782660;22520;149;10;3;18;733;321;119;1;2;15;481;295;50450;3308;636;8;106;8848;3991;15298;184;37;;;106;364;261116;1645;328;2;33;6416;1935;1;0;1;5.38;1;53.06;0;;0;;0;0
PSY2;2020;590000790;EPSM DES FLANDRES;590782678;14301;40;3;1;7;248;107;47;4;1;3;240;130;51156;3970;350;16;11;6043;2405;7946;133;50;0;0;108;145;139318;591;148;5;35;1825;257;1;;0;;1;10.79;0;;0;;0;0
PSY2;2020;590001004;CH DOUAI DECHY;590783239;6324;26;;1;802;142;15;;;;;;;12399;876;;19;51;1885;107;2959;7;;;;12;;61073;121;;1;3852;125;1;1;1;0;;0;;0;;0;;0;0
PSY2;2020;590001418;EPSM AGGL LILLOISE ST-ANDRE;590034740;21559;172;1;3;11;477;309;247;1;5;10;557;386;59823;6765;0;62;76;15503;7437;8889;195;0;0;0;385;229;232990;1737;3;7;18;2885;771;0;;0;;1;44.92;0;;0;;0;
PSY2;2020;590002317;CENTRE CHATEAU MAINTENON;590799912;24;;;;;;;;;;;;;;;;;;;;1407;;;;;;;;;;;;;;0;;0;;0;;0;;0;;0;0
PSY2;2020;590005245;S.A CLINIQUE DE L'ESCREBIEUX;590005245;556;;;;;;;;;;;;;33958;;;;;;;2353;;;;;;;;;;;;;;0;;1;14.7;0;;0;;0;;0;0
PSY2;2020;590016408;CLINIQUE LAUTREAMONT LOOS;590016358;387;;;;;;;;;;;;;15099;;;;;;;2621;;;;;;;;;;;;;;0;;0;;0;;0;;0;;;
PSY2;2020;590044665;CLINIQUE DES 4 CANTONS;750720575;56;;;;;;;;;;;;;4919;;;;;;;3369;;;;;;;;;;;;;;0;;0;;0;;0;;0;;;0
PSY2;2020;590049060;CLINIQUE MARIE SAVOIE;920030269;103;;;;;;;;;;;;;15261;;;;;;;;;;;;;;;;;;;;;0;;0;;0;;0;;0;;0;
PSY2;2020;590053955;HPM NORD;590053955;750;;;;;;;;;;;;;35733;;;;;;;;;;;;;;;;;;;;;0;;0;;0;;;;;;;
PSY2;2020;590056479;CLINIQUE DE L'EPINOY;590062238;636;;;;;;;;;;;;;17138;;;;;;;1723;;;;;;;;;;;;;;0;;0;;0;;0;;0;;0;
PSY2;2020;590785341;HOPITAL DE JOUR DE LA M.G.E.N.;750005068;478;;;;;;;;;;;;;;;;;;;;4153;;;;;;;5303;;;;;;;0;;0;;0;;0;;0;;0;0
PSY2;2020;590797353;HOPITAL SAINT VINCENT - SAINT ANTOINE;590051801;158;;;;;;;;;;;;;2721;;;;;;;599;;;;;;;14978;;;;;;;1;;0;;1;12.8;0;;0;;0;0
PSY2;2020;600000012;CTRE HOSPIT ISARIEN - EPSM DE L'OISE;600100028;18398;129;5;2;36;661;321;162;7;2;48;798;389;124841;10841;687;40;774;43639;18055;13253;492;;;;814;611;236770;285;13;2;18;1021;694;1;5.3;1;68.52;1;65.03;0;;0;;0;0
PSY2;2020;600009054;CLINIQUE EUGENIE;600000798;316;0;0;0;0;0;0;0;0;0;0;0;0;20332;0;0;0;0;0;0;0;0;0;0;0;0;0;0;0;0;0;0;0;0;0;;0;;0;;0;;0;;0;0
PSY2;2020;600107049;ASSOCIATION LA NOUVELLE FORGE;600107049;1701;;;;;;;;;;;;;1106;;;;;;;4442;;;;;;;9761;;;;;;;0;;0;;1;;0;;0;;0;0
PSY2;2020;610000028;CENTRE PSYCHOTHERAPIQUE DE L'ORNE;610780025;708;23;1;1;13;111;84;23;1;1;18;114;88;32731;2814;75;11;110;5747;3009;5562;95;33;0;0;216;42;9812;28;0;1;20;295;0;1;1;0;;1;29.7;0;;0;;0;0
PSY2;2020;610788325;CENTRE MAUBERT (61G03) - CH FLERS;610780165;226;4;0;0;0;32;11;7;0;0;0;33;14;12078;359;0;0;0;777;276;1763;0;0;0;0;0;0;26919;317;0;0;0;563;4;1;;0;;1;4.3;0;;0;;0;0
PSY2;2020;620000034;CH ARRAS;620100057;4391;31;;;11;154;15;41;;;14;154;150;20086;2756;;;404;6229;715;3822;240;;;;153;18;50401;1505;;;;1197;16;1;1;1;1.5;0;;;;;;;
PSY2;2020;620000059;CH BAPAUME;620100073;488;;;;;;;;;;;;;7355;;;;;;;;;;;;;;5100;;;;;;;0;;0;;0;;0;;0;;0;0
PSY2;2020;620000240;CH HENIN BEAUMONT;620100677;5576;10;;;;132;92;7;;;;157;117;17396;1164;;;;5666;2222;3958;53;;;;152;98;47934;57;;;;312;435;0;;0;;1;;0;;0;;0;0
PSY2;2020;620000281;EPSM VAL DE LYS ARTOIS;620101287;19167;62;7;2;55;590;260;20;1;1;10;321;174;47816;908;1623;80;94;7999;3113;10533;227;8;;;282;37;199478;1060;19;6;789;4814;1907;1;;;;;;0;;0;;0;0
PSY2;2020;620000323;CH CALAIS;620101337;647;17;1;;1;119;5;12;0;;1;109;5;10767;1012;169;;2;3413;36;3153;102;;;;168;;48419;815;75;0;0;1386;0;1;4.17;0;;1;20.43;0;;0;;0;0
PSY2;2020;620000638;ASSOC REGIONALE ESPOIR ET VIE;620000638;94;;;;;;;;;;;;;10238;;;;;;;;;;;;;;22;;;;;;;0;;0;;0;;0;;0;;0;0
PSY2;2020;620000653;CH BOULOGNE-SUR-MER;620103440;3143;11;;;;96;;11;;;;96;;19493;1121;;;;4180;;1380;0;;;;24;;33245;450;;;;695;;1;4;0;;0;;0;;0;;0;0
PSY2;2020;620001834;ASSO GROUPE AHNAC;620001834;230;17;;;;59;72;13;;;;41;40;17960;657;;;;2233;1683;2015;;;;;74;4;7078;12;;;;144;128;0;;0;;0;;0;;0;;0;0
PSY2;2020;620002154;INSTITUT ALBERT CALMETTE A CAMIERS;620112607;32;;;;;;;;;;;;;9548;;;;;;;;;;;;;;;;;;;;;1;7.9;0;;1;23.6;0;;0;;0;0
PSY2;2020;620003202;CH ARRONDISSEMENT DE MONTREUIL;620103432;412;7;;;;1;;7;;;;1;;12433;489;;;;366;;;;;;;;;;;;;;;;0;;0;;0;;0;;0;;0;0
PSY2;2020;620003475;CTRE TRAITEMENT DEPENDANCES CH LENS;620100685;4458;13;2;;;103;34;19;2;;;133;35;23235;218;361;;;2484;664;7269;0;87;;;10;;44519;50;68;;;7;7;1;0.6;0;;0;;0;;0;;0;0
PSY2;2020;620018143;CENTRE DE SOINS PSY ROGER MISES;620100057;504;;;;;;;;;;;;;1381;;;;;;;937;;;;;;;3557;;;;;;;1;;0;;1;;0;;0;;0;0
PSY2;2020;620024349;SAS CLINIQUE DU VIRVAL;620024299;910;;;;;;;;;;;;;25683;;;;;;;6994;;;;;;;;;;;;;;0;;0;;0;;;;;;;
PSY2;2020;620025387;CLINIQUE DU LITTORAL;620025361;853;;;;;;;;;;;;;21469;;;;;;;8851;;;;;;;;;;;;;;0;;0;;1;;0;;0;;0;
PSY2;2020;620030726;CLINIQUE LES OYATS;620030718;136;;;;;;;;;;;;;19748;;;;;;;;;;;;;;;;;;;;;0;;0;;0;;0;;0;;0;
PSY2;2020;620100347;CLINIQUE PSYCHIATRIQUE -LE RYONVAL-;590039863;440;;;;;;;;;;;;;17051;;;;;;;1794;;;;;;;;;;;;;;0;;0;;0;;0;;0;;0;0
PSY2;2020;620105973;CTRE ANTOINE DE SAINT EXUPERY;590039863;30;;;;;;;;;;;;;10112;;;;;;;;;;;;;;;;;;;;;0;;0;;0;;0;;0;;;0
PSY2;2020;630000412;CH D'AMBERT;630780997;328;1;;;;2;0;1;;;;2;;;;;;;;;1320;1;;;;2;0;2706;12;;;;6;0;0;;0;;0;;0;;0;;0;0
PSY2;2020;630000446;CH DE THIERS;630781029;186;11;;;;69;7;11;;;;74;7;5918;398;;;;1632;64;889;;;;;;;16298;;;;;;;1;;0;;0;;0;;0;;0;0
PSY2;2020;630780195;CHS SAINTE-MARIE CLERMONT-FERRAND;630786754;7703;104;6;4;70;311;137;63;1;4;45;289;139;67017;6279;539;54;751;14625;5411;15023;85;26;0;0;80;1;97151;619;134;19;1235;364;153;0;;1;;1;;0;;0;;0;0
PSY2;2020;630780401;CLINIQUE PSYCHIATRIQUE DE L AUZON;630000172;572;;;;;;;;;;;;;35847;;;;;;;4798;;;;;;;;;;;;;;0;;0;;0;;0;;0;;0;0
PSY2;2020;630781417;CLINIQUE PSYCHIATRIQUE LES QUEYRIAUX;630000578;535;;;;;;;;;;;;;20872;;;;;;;2658;;;;;;;;;;;;;;0;;0;;0;;0;;0;;0;0
PSY2;2020;630781771;CMP - CHU63;630780989;7650;;;;;196;15;;;;;273;16;49086;;;;;7772;1000;7448;;;;;36;;43702;1;;;;1;;1;;1;;1;;0;;0;;0;0
PSY2;2020;630781821;CLINIQUE PSYCHIATRIQUE LE GRAND PRE;920030269;1134;;;;;;;;;;;;;53619;;;;;;;4581;;;;;;;;;;;;;;0;;1;14.17;0;;0;;0;;0;0
PSY2;2020;640000162;CH DE LA COTE BASQUE - BAYONNE;640780417;6579;56;;5;;355;77;39;;5;;197;79;23028;2157;;46;;11383;1859;4120;31;;0;;160;23;68750;830;;62;;5059;937;0;;0;;1;6.07;0;;0;;0;0
PSY2;2020;640000436;CENTRE HOSPITALIER DES PYRENEES;640780862;12632;88;6;5;41;531;106;89;6;6;55;569;108;52053;4466;393;88;540;26041;4136;20253;235;67;0;0;2062;604;161041;1608;316;14;0;9148;1556;1;0.95;1;64.05;1;56.74;0;;0;;0;0
PSY2;2020;640018255;CLINIQUE CHATEAU CARADOC;640007019;2331;;;;;;;;;;;;;29798;;;;;;;17795;;;;;;;;;;;;;;0;;0;;1;1.5;0;;0;;0;0
PSY2;2020;640018818;CENTRE DE SOINS LA NOUVELLE AQUITAINE;920030269;820;;;;;;;;;;;;;27971;;;;;;;4332;;;;;;;;;;;;;;0;;0;;0;;0;;0;;0;
PSY2;2020;640780334;CLINIQUE D'AMADE;640017893;1055;;;;;;;;;;;;;20659;;;;;;;3290;;;;;;;;;;;;;;0;;1;2.5;0;;0;;0;;0;0
PSY2;2020;640780409;CLINIQUE MIRAMBEAU;640000154;1156;;;;;;;;;;;;;19265;;;;;;;5823;;;;;;;;;;;;;;0;;0;;0;;0;;0;;;0
PSY2;2020;650000060;CH LANNEMEZAN;650780174;10620;57;4;3;3;362;337;56;3;3;3;292;315;50160;4780;0;41;1;10590;11359;13837;41;0;0;0;444;408;136680;1582;5;113;10;4137;4561;1;0.1;1;14.54;1;24.14;0;;0;;0;0
PSY2;2020;650780729;CL REPUBLIQUE;650000276;388;;;;;;;;;;;;;15404;;;;;;;1101;;;;;;;;;;;;;;0;;0;;0;;0;;0;;0;0
PSY2;2020;650780737;CLINIQUE MALADIES MENTALES LE PIETAT;650000284;244;;;;;;;;;;;;;13957;;;;;;;;;;;;;;;;;;;;;0;;0;;0;;0;;0;;0;0
PSY2;2020;660000092;CHS LEON JEAN GREGORY;660780198;15657;122;11;0;21;417;313;145;11;0;21;449;338;44547;5309;902;0;367;14970;12016;7060;239;40;0;0;1319;419;157791;957;118;0;14;4096;1894;1;6.5;1;13.72;1;49.93;0;;1;25.85;0;0
PSY2;2020;660000142;SA CLINIQUE DU PRE;660000142;1304;;;;;;;;;;;;;43435;;;;;;;7320;;;;;;;;;;;;;;;;0;;0;;0;;0;;0;0
PSY2;2020;660780214;CL SENSEVIA;920030269;192;;;;;;;;;;;;;21870;;;;;;;;;;;;;;;;;;;;;0;;0;;0;;0;;0;;0;
PSY2;2020;660780735;CL DU ROUSSILLON;920030269;570;;;;;;;;;;;;;29994;;;;;;;7848;;;;;;;;;;;;;;0;;0;;0;;0;;0;;;
PSY2;2020;670000025;HOPITAL CIVIL / NOUVEL HOPITAL CIVIL;670780055;10085;95;43;4;1;113;74;22;0;4;0;84;46;18029;1180;0;183;0;2448;1160;6897;0;0;0;1;0;0;52564;131;130;0;0;55;39;1;1;0;;1;28;0;;0;;0;0
PSY2;2020;670000058;EPSAN BRUMATH;670013366;16855;132;18;2;25;525;585;111;31;0;1;481;631;85018;7531;2020;0;401;15666;16561;34677;79;96;0;210;58;4;193854;471;15;18;434;1309;707;1;2.45;1;110.2;1;6.59;0;;1;18.25;0;0
PSY2;2020;670000603;CENTRE HOSPITALIER D'ERSTEIN;670781152;8359;78;21;3;10;327;222;69;18;3;11;263;180;45071;4767;1405;;335;7882;4206;12124;191;112;2;0;175;35;104084;1661;897;10;11;2569;1983;1;1.03;1;46.13;1;33.65;0;;0;;0;0
PSY2;2020;670013754;UGECAM ALSACE;670013754;808;8;0;0;2;28;14;8;;;2;27;14;9903;69;;;97;1333;303;2535;72;;;;197;100;9134;128;;;;170;70;0;;0;;0;;0;;0;;0;0
PSY2;2020;680000627;HOPITAL DU HASENRAIN;680020336;7210;48;1;1;7;126;55;10;1;1;7;73;55;18622;1227;;267;70;2887;1135;3655;;;;;;;50104;560;1;;;9;;1;;1;;1;;;;0;;0;
PSY2;2020;680000684;HOPITAL LOUIS PASTEUR;680000973;4898;9;;;;7;6;9;;;;7;6;13998;;;;;;;7159;;;;;18;;30692;189;;;;234;162;1;5;1;1;1;10.8;0;;0;;0;0
PSY2;2020;680000874;CENTRE HOSPITALIER DE ROUFFACH;680001179;14770;120;26;1;15;537;193;123;26;1;17;579;203;61916;5241;2084;15;89;20547;7829;10226;144;111;0;0;189;82;122158;1691;608;3;2;2694;917;1;1.03;1;89.94;1;22.75;0;;0;;0;0
PSY2;2020;680001294;CLINIQUE KORIAN SOLISANA;680000890;420;0;0;0;0;0;0;0;0;0;0;0;0;14606;0;0;0;0;0;0;0;0;0;0;0;0;0;0;0;0;0;0;0;0;0;;0;;0;;0;;0;;0;0
PSY2;2020;690000088;CH LE VINATIER;690780101;24617;390;29;;179;1145;469;407;34;;225;1303;514;107292;27279;4932;;8130;38979;16845;22367;524;37;;160;1323;407;270320;3439;206;;1;6400;1367;0;;1;141;1;34.32;1;103.11;1;34.33;1;
PSY2;2020;690000096;CHS DE SAINT CYR AU MONT D'OR;690780119;10493;67;9;;3;322;176;60;5;;3;320;188;28861;4404;1246;;22;12521;5158;7188;76;11;;;219;61;109732;183;107;;7;952;345;1;2.21;1;5.13;1;20.52;0;;0;;0;0
PSY2;2020;690000310;CLINIQUE MON REPOS;690000310;1246;;;;;;;;;;;;;50621;;;;;;;7075;;;;;;;;;;;;;;0;;1;1.9;0;;0;;0;;0;0
PSY2;2020;690000336;MAISON DE SANTE DE VAUGNERAY;690780564;585;;;;;;;;;;;;;31106;;;;;;;2214;;;;;;;532;;;;;;;0;;0;;0;;0;;0;;0;0
PSY2;2020;690002092;CLINIQUE NOTRE DAME;010783009;725;;;;;;;;;;;;;19600;;;;;;;2376;;;;;;;1645;;;;;;;0;;0;;0;;0;;0;;0;0
PSY2;2020;690007539;HOPITAL FEMME MERE ENFANT - HCL;690781810;;;;;;;;;;;;;;;;;;;;;;;;;;;;;;;;;;;0;;0;;1;;0;;0;;0;0
PSY2;2020;690036108;CLPA - INICEA;690036090;265;;;;;;;;;;;;;;;;;;;;6827;;;;;;;;;;;;;;0;;0;;0;;0;;0;;0;0
PSY2;2020;690041488;ADDIPSY;690041488;503;;;;;;;;;;;;;;;;;;;;11349;;;;;;;;;;;;;;0;;0;;;;0;;0;;0;0
PSY2;2020;690041579;CTRE CALADOIS DE PSY AMBU - CCPA;690044052;163;;;;;;;;;;;;;;;;;;;;6575;;;;;;;;;;;;;;0;;0;;0;;0;;0;;0;0
PSY2;2020;690044623;CENTRE PSYPRO LYON;690042593;506;;;;;;;;;;;;;;;;;;;;13172;;;;;;;;;;;;;;0;;0;;0;;0;;0;;0;0
PSY2;2020;690780093;HIA DESGENETTES;750821092;119;;;;;;;;;;;;;2534;;;;;;;1170;;;;;;;3315;;;;;;;0;;0;;0;;0;;0;;0;0
PSY2;2020;690780507;CLINIQUE MEDICALE DE CHAMPVERT;920031721;1556;;;;;;;;;;;;;63728;;;;;;;6177;;;;;;;;;;;;;;0;;1;7;0;;0;;0;;;
PSY2;2020;690780515;CLINIQUE VILLA DES ROSES;690000294;680;;;;;;;;;;;;;20575;;;;;;;6026;;;;;;;;;;;;;;0;;0;;0;;0;;0;;0;0
PSY2;2020;690780523;CLINIQUE LA CHAVANNERIE;920031739;374;;;;;;;;;;;;;19234;;;;;;;4611;;;;;;;;;;;;;;0;;0;;0;;0;;0;;0;
PSY2;2020;690780549;CLINIQUE LYON LUMIERE;920030269;3048;;;;;;;;;;;;;60479;;;;;;;2220;;;;;;;;;;;;;;0;;1;19.5;0;;0;;0;;0;
PSY2;2020;690781745;CLINIQUE SAINT VINCENT DE PAUL LYON;690000542;857;;;;;;;;;;;;;42562;;;;;;;4169;;;;;;;;;;;;;;0;;0;;0;;0;;0;;0;0
PSY2;2020;690782081;CTRE DE SANTÉ MENTALE HJ MGEN;750005068;328;;;;;;;;;;;;;;;;;;;;4911;;;;;;;;;;;;;;0;;0;;1;4.81;0;;0;;0;0
PSY2;2020;690782172;SANTE MENTALE ET COMMUNAUTES;690782172;776;;;;;;;;;;;;;8915;;;;;;;1522;;;;;;;6492;;;;;;;0;;0;;0;;0;;0;;0;0
PSY2;2020;690796727;FONDATION ARHM;690796727;13712;196;30;1;0;589;265;196;28;1;0;583;262;60053;15012;2584;0;0;23407;9420;10046;597;165;0;0;767;226;160204;2559;566;61;0;3110;1529;0;;1;113.52;1;63.98;0;;0;;0;0
PSY2;2020;700780075;CHS ST REMY ET NFC SITE SAINT REMY;700004096;7674;26;1;1;2;165;53;26;1;1;2;181;60;81471;1701;233;9;14;5848;1913;8640;;;;;32;;73158;131;17;;;72;;1;0.37;1;81.24;1;46.36;0;;0;;0;0
PSY2;2020;710015587;CLINIQUE LE GOUZ;750060246;137;;;;;;;;;;;;;7372;;;;;;;224;;;;;;;0;;;;;;;0;;0;;0;;0;;0;;0;0
PSY2;2020;710780818;CLINIQUE VAL DRACY;710000233;783;;;;;316;173;;;;;341;186;30574;;;;;6989;2853;;;;;;;;;;;;;;;0;;0;;0;;0;;0;;0;0
PSY2;2020;710978230;CENTRE HOSPITALIER SPECIALISE SEVREY;710781329;11506;13;14;35;7;271;202;13;14;27;7;239;206;58230;3247;2972;2686;134;15682;11773;12498;0;0;0;0;167;0;107879;74;18;485;32;1733;674;1;1.5;;2.08;;11.6;0;;0;;0;0
PSY2;2020;710978289;CH LES CHANAUX MACON;710780263;370;27;1;;;108;31;28;1;;;114;31;11055;4280;365;;;9305;1872;;;;;;;;897;;;;;;;1;2;0;;0;;0;;0;;0;0
PSY2;2020;720000041;EP DE SANTE MENTALE DE LA SARTHE;720000058;19281;91;26;1;18;347;273;94;28;1;22;369;287;60728;3675;2093;0;269;10317;7568;14679;241;131;0;0;691;573;173673;1673;684;17;0;3001;1550;1;1.79;1;4.16;1;19.39;0;;0;;0;0
PSY2;2020;720017748;CENTRE MEDICO-CHIRURGICAL DU MANS;720000561;516;;;;;;;;;;;;;14229;;;;;;;;;;;;;;;;;;;;;0;;0;;0;;0;;0;;0;0
PSY2;2020;720018100;CENTRE SOINS-ETUDES PIERRE DAGUET;750720575;192;;;;;;;;;;;;;18009;;;;;;;1131;;;;;;;1174;;;;;;;0;;0;;0;;0;;0;;0;0
PSY2;2020;730000304;CHS DE LA SAVOIE;730780582;14071;37;13;1;25;353;254;56;14;1;33;438;312;42896;1275;2359;35;408;16527;8926;2390;21;26;;;53;55;135546;180;76;1;12;1823;988;1;0.76;1;4.7;1;37.57;0;;0;;0;0
PSY2;2020;730007978;CLINIQUE MEDICALE LE SERMAY;730011731;742;;;;;;;;;;;;;32133;;;;;;;3896;;;;;;;;;;;;;;0;;0;;0;;0;;0;;0;0
PSY2;2020;740000583;EPSM 74 INTRA & ADMIN;740785035;8460;76;10;4;19;352;237;76;10;4;23;360;240;43474;4195;1667;46;210;11850;7932;8343;59;9;0;;25;50;93091;852;4;19;56;929;182;0;;1;35.61;1;19.39;0;;0;;0;0
PSY2;2020;740013412;UNITE D'HOSPIT PSYCHIATRIQUE ADULTE;740781133;5966;32;7;;;184;62;42;8;;;259;87;15478;1929;746;;;7318;3008;3144;13;;;;;32;46821;274;93;;;627;103;1;3;1;0.8;0;;0;;0;;0;0
PSY2;2020;740780184;CLINIQUE PSYCHIATRIQUE PARASSY;920030269;475;;;;;;;;;;;;;18545;;;;;;;;;;;;;;;;;;;;;0;;0;;0;;0;;0;;0;
PSY2;2020;740781026;CLINIQUE NOUVELLE DES VALLEES;740000211;1496;;;2;;;;;;2;;;;50712;;;19;;;;10845;;;;;;;;;;;;;;0;;1;21.5;1;47.22;0;;0;;0;0
PSY2;2020;740781034;CLINIQUE REGINA;920030905;801;;;;;;;;;;;;;24308;;;;;;;9963;;;;;;;;;;;;;;0;;0;;1;25.38;0;;0;;0;
PSY2;2020;750000499;CH SAINTE ANNE;750062036;55259;829;40;9;10;2274;1571;841;41;9;12;2473;1728;173321;45040;4235;107;639;74193;50512;31429;2254;92;93;0;1919;836;559369;10529;966;55;23;13942;6971;0;;1;2;1;44;0;;1;25.06;0;0
PSY2;2020;750006538;CMP CATTP ADULTE REPUBLIQUE;940016819;9264;212;8;0;1;341;312;237;17;0;1;404;441;29426;9569;816;0;47;7785;7903;11517;19;74;0;0;1;2;227400;2481;0;0;0;506;251;0;;0;;0;;0;;0;;0;0
PSY2;2020;750007528;HOPITAL DE JOUR GRANGE BATELIERE;750804940;74;;;;;;;;;;;;;0;;;;;;;11476;;;;;;;;;;;;;;0;;0;;1;28.6;0;;0;;0;0
PSY2;2020;750007668;HOPITAL DE JOUR SPASM;750719270;476;;;;;;;;;;;;;;;;;;;;20394;;;;;;;;;;;;;;0;;1;;1;;0;;0;;0;0
PSY2;2020;750039448;CTRE ACCUEIL FAM THERAPEUTIQUE ENFANTS;750720914;6422;119;5;0;0;290;162;119;5;;;336;1088;15564;2152;;;;2252;1088;15357;891;4;;;454;62;86146;2121;86;0;0;1755;454;0;;1;0.6;1;0.9;;;0;;0;0
PSY2;2020;750052037;FONDATION SAINT JEAN DE DIEU;750052037;10728;47;4;2;8;206;79;48;4;2;10;234;84;45758;2791;1317;18;118;6735;2192;13846;281;171;0;0;437;47;92142;582;34;3;0;707;57;1;0.5;1;51.67;1;32.53;0;;0;;0;0
PSY2;2020;750057028;ETB SANTE MENTALE DE PARIS MGEN;750005068;1138;;;;;;;;;;;;;0;;;;;;;20747;;;;;;;;;;;;;;0;;0;;0;;0;;0;;0;0
PSY2;2020;750100018;HU PARIS CENTRE SITE HOTEL DIEU APHP;750712184;1524;;;;;;;;;;;;;5358;;;;;;;;;;;;;;1626;;;;;;;1;11;0;;0;;0;;0;;0;0
PSY2;2020;750100042;HU SAINT LOUIS SITE LARIBOISIERE APHP;750712184;437;;;;;;;;;;;;;6314;;;;;;;279;;;;;;;;;;;;;;;;;;;;0;;0;;0;0
PSY2;2020;750100091;HU EST PARISIEN SITE ST ANTOINE APHP;750712184;4414;;;;;;;;;;;;;20235;;;;;;;2829;;;;;;;15965;;;;;;;1;1.5;0;;0;;0;;0;;0;0
PSY2;2020;750100109;HU EST PARISIEN SITE TROUSSEAU APHP;750712184;;;;;;;;;;;;;;;;;;;;;;;;;;;;;;;;;;;0;;0;;1;5.5;0;;0;;0;0
PSY2;2020;750100125;HU PITIE SALPETRIERE APHP;750712184;9458;;;;;;;;;;;;;65266;;;;;;;6505;;;;;;;21407;;;;;;;1;1;0;;0;;0;;0;;0;0
PSY2;2020;750100166;HU PARIS CENTRE SITE COCHIN APHP;750712184;2768;;;;;;;;;;;;;2394;;;;;;;1128;;;;;;;10686;;;;;;;1;2.5;0;;1;34.14;0;;0;;0;0
PSY2;2020;750100208;HU NECKER ENFANTS MALADES APHP;750712184;1963;;;;;;;;;;;;;;;;;;;;423;;;;;;;11545;;;;;;;;;;;;;0;;0;;0;0
PSY2;2020;750100232;HU PARIS NORD SITE BICHAT APHP;750712184;161;;;;;;;;;;;;;2181;;;;;;;754;;;;;;;;;;;;;;1;;0;;0;;0;0;0;0;0;0
PSY2;2020;750100273;HU EST PARISIEN SITE TENON APHP;750712184;2069;;;;;;;;;;;;;10661;;;;;;;;;;;;;;4158;;;;;;;1;1.6;0;;0;;0;;0;;0;0
PSY2;2020;750140022;CLINIQUE MEDICO UNIVERS GEORGES HEUYER;750720575;614;;;;;;;;;;;;;11408;;;;;;;2578;;;;;;;3918;;;;;;;0;;0;;0;;0;;0;;0;0
PSY2;2020;750150104;INSTITUT MUTUALISTE MONTSOURIS;750720476;1644;;;2;;1;;;;2;;1;;8193;;;59;;317;;1790;;;;;;;21778;;;;;;;0;;0;;1;102.45;0;;0;;0;0
PSY2;2020;750170102;HDJ INSTITUT PAUL SIVADON;750721391;2796;;;;;;;;;;;;;51;;;;;;;19259;;;;;;;41642;;;;;;;0;;0;;0;;;;;;;
PSY2;2020;750170128;HOPITAL DE JOUR CENTRE SERGE LEBOVICI;750710428;52;;;;;;;;;;;;;;;;;;;;2306;;;;;;;;;;;;;;;;;;;;0;;0;;0;0
PSY2;2020;750170243;HOPITAL DE JOUR GOMBAULT DARNAUD;750720922;101;;;;;;;;;;;;;;;;;;;;11144;;;;;;;;;;;;;;0;;0;;0;;0;;0;;0;0
PSY2;2020;750170490;HDJ ENTRAIDE UNIVERSITAIRE;750719312;21;;;;;;;;;;;;;1728;;;;;;;;;;;;;;;;;;;;;0;;0;;;;0;;0;;0;0
PSY2;2020;750310013;CLINIQUE VILLA MONTSOURIS;920030269;340;;;;;;;;;;;;;19448;;;;;;;;;;;;;;;;;;;;;0;;0;;0;;0;;0;;0;
PSY2;2020;750710782;CMP ADULTES FRANCOISE EUGENE MINKOWSKI;750001190;1266;;;;;;;;;;;;;;;;;;;;;;;;;;;4715;;;;;;;0;;0;;0;;0;;0;;0;0
PSY2;2020;750719361;ASSOCIATION AURORE;750719361;190;;;;;;;;;;;;;;;;;;;;27089;;;;;;;;;;;;;;0;;0;;0;;0;;0;;0;0
PSY2;2020;750720674;CEREP FBG POISSONNIERE PARIS;750720674;232;;;;;;;;;;;;;13;;;;;;;154;;;;;;;78;;;;;;;0;0;0;0;1;25;0;;0;;0;0
PSY2;2020;750802316;CMP ENFANTS SOCIETE PHILANTHROPIQUE;750720492;206;;;;;;;;;;;;;;;;;;;;;;;;;;;4254;;;;;;;0;;0;;0;;0;;0;;0;0
PSY2;2020;750802985;ASSOCIATION RENE CAPITANT;750802985;570;;;;;;;;;;;;;6272;;;;;;;3805;;;;;;;6277;;;;;;;0;;0;;0;;0;;0;;0;0
PSY2;2020;750803447;HU PARIS OUEST SITE G POMPIDOU APHP;750712184;4490;2;;;;3;13;3;;;;3;13;;;;;;;;;;;;;;;14772;3;;;;3;13;1;6.9;0;;0;;0;;0;;0;0
PSY2;2020;750803454;HU ROBERT DEBRE APHP;750712184;3132;;;;;;;;;;;;;5004;;;;;;;3769;;;;;;;;;;;;;;;;;;;;;;;;;
PSY2;2020;750813016;CMP EPE IDF;750001711;302;;;;;;;;;;;;;;;;;;;;;;;;;;;758;;;;;;;0;;0;;0;;0;;0;;0;0
PSY2;2020;750826141;HOPITAL DE JOUR CENTRE ETIENNE MARCEL;750825960;80;;;;;;;;;;;;;;;;;;;;5606;;;;;;;;;;;;;;0;;0;;0;;0;;0;;0;0
PSY2;2020;750827214;CMP POPINCOURT;750815607;289;;;;;;;;;;;;;;;;;;;;;;;;;;;3645;;;;;;;0;;1;0.1;0;;0;;0;;0;0
PSY2;2020;760000018;CH DIEPPE;760780023;4090;29;;;;223;41;16;;;;132;23;18441;705;;;;4827;487;660;21;;;;37;27;28975;740;;;;1619;344;0;;1;;1;;0;;0;;0;0
PSY2;2020;760000158;HOPITAL CHARLES NICOLLE CHU ROUEN;760780239;58;;;;;;;;;;;;;3199;;;;;;;;;;;;;;;;;;;;;1;;0;;1;;0;;0;;0;0
PSY2;2020;760000190;CHS DU ROUVRAY SOTTEVILLE-LES-ROUEN;760780270;28155;211;23;0;149;890;394;211;23;0;241;976;421;126494;22010;2988;0;3463;41201;16811;29404;1193;301;0;11;1153;715;268687;3770;289;0;285;8206;3871;1;3.7;1;48.26;1;44.57;1;100.71;1;27.01;0;0
PSY2;2020;760000356;HOPITAL GUSTAVE FLAUBERT CH LE HAVRE;760780726;2083;;;;;;;;;;;;;10167;;;;;;;0;;;;;;;10527;;;;;;;0;;0;;0;;0;;0;;0;0
PSY2;2020;760026674;CLINIQUE OCEANE;750035578;647;;;;;;;;;;;;;28980;;;;;;;3270;;;;;;;;;;;;;;0;;0;;0;;0;;0;;0;0
PSY2;2020;760035147;CLINIQUE DES BOUCLES DE LA SEINE;760035139;550;;;;;;;;;;;;;18981;;;;;;;;;;;;;;;;;;;;;0;;1;9;1;7;0;;0;;0;0
PSY2;2020;760780288;HOPITAL PRIVE DE JOUR MGENASS;750005068;281;;;;;;;;;;;;;;;;;;;;6400;;;;;;;455;;;;;;;0;;0;;1;3;0;;0;;0;0
PSY2;2020;760781070;CENTRE PIERRE JANET CH LE HAVRE;760780726;12097;63;;;15;227;46;106;2;;32;304;199;61607;6094;;;90;15797;895;6796;105;;;;324;;118120;;;;;;;1;0.1;0;;1;46.82;0;;0;;0;0
PSY2;2020;760783563;INSTITUT DE JOUR ALFRED BINET;760919373;15;0;0;0;0;0;0;0;0;0;0;0;0;0;0;0;0;0;0;0;3001;0;0;0;0;0;0;0;0;0;0;0;0;0;0;0;0;0;0;0;0;0;0;0;0;0
PSY2;2020;760805770;HOPITAL JACQUES MONOD CH LE HAVRE;760780726;1201;;;;;;;;;;;;;;;;;;;;;;;;;;;3800;;;;;;;0;;0;;0;;0;;0;;0;0
PSY2;2020;770000131;CH DE COULOMMIERS;770021145;337;8;;1;;25;;;;;;;;12765;947;;92;;1165;;1719;;;;;;;18300;;;;;;;;;0;;1;0.9;0;;0;;0;0
PSY2;2020;770000156;CH DE MELUN SITE SANTEPOLE;770110054;315;45;1;2;21;216;36;64;1;3;23;285;38;14185;4314;359;63;194;12415;929;1492;;;;;;;;;;;;;;;;;;;;0;;0;;0;0
PSY2;2020;770000172;CH DE PROVINS LEON BINET;770110070;1235;18;1;;;55;5;9;1;;;35;5;5966;130;;;;1063;9;577;12;1;;;17;;7320;238;42;;;391;;1;;0;;0;;0;;0;;;0
PSY2;2020;770000214;CH DE NEMOURS;770021152;395;21;0;0;0;126;21;0;0;0;0;0;0;11872;1306;0;0;0;5979;857;3552;23;0;0;0;40;0;34269;207;0;0;0;336;8;1;1;0;;0;;;;;;;
PSY2;2020;770000446;CH DE MEAUX SITE SAINT FARON;770021145;638;19;1;;3;28;1;;;;;;;25709;2853;8;;43;1269;37;2520;;;;;;;20346;;;;;;;;;1;2.32;1;49.68;0;;0;;0;0
PSY2;2020;770006138;CLINIQUE PSYCHIATRIQUE PAYS DE SEINE;770020113;739;;;;;;;;;;;;;40717;;;;;;;6673;;;;;;;;;;;;;;0;;0;;1;15;0;;0;;0;0
PSY2;2020;770019032;GHEF MARNE LA VALLEE SITE JOSSIGNY;770021145;1153;59;;;;153;22;;;;;;;29988;4581;;;;4295;604;12660;153;;;;;;39951;794;;;;;;;;1;13.6;1;75.35;0;;0;;0;0
PSY2;2020;770150027;CMPA NEUFMOUTIERS;750720575;479;;;;;;;;;;;;;7873;;;;;;;2595;;;;;;;4082;;;;;;;0;;0;;1;;0;;0;;0;0
PSY2;2020;770310019;CLINIQUE DU CHATEAU DE PERREUSE;770000370;801;;;;;;;;;;;;;36150;;;;;;;;;;;;;;;;;;;;;0;;0;;0;;0;;0;;0;0
PSY2;2020;770310027;CLINIQUE PSYCHIATRIQ DE L ANGE GARDIEN;770000388;171;;;;;;;;;;;;;3786;;;;;;;;;;;;;;;;;;;;;0;;0;;0;;0;;0;;0;0
PSY2;2020;770510055;MAISON HOSPITALIERE CHANTEMERLE;750719270;261;;;;;;;;;;;;;17668;;;;;;;;;;;;;;;;;;;;;0;;0;;0;;0;;0;;0;0
PSY2;2020;780000287;CH FRANCOIS QUESNAY MANTES;780110011;1906;9;0;;7;89;21;9;0;7;7;104;23;16865;79;;;62;788;186;5022;24;;;18;234;55;;;;;;;;0;;0;;1;21.68;0;;0;;0;0
PSY2;2020;780000303;CENTRE HOSPITALIER DE PLAISIR;780024113;101;;;;;;;;;;;;;;;;;;;;932;;;;;;;;;;;;;;0;;0;;0;;0;;0;;0;0
PSY2;2020;780000311;CHI POISSY ST GERMAIN SITE DE POISSY;780001236;2287;11;1;;;114;23;12;1;;;126;23;7923;863;361;;;3061;569;3511;;5;;;;2;21811;1;57;;;;31;1;;0;;1;;0;;0;;0;0
PSY2;2020;780000337;CHI POISSY ST GERMAIN SITE ST GERMAIN;780001236;1160;22;1;0;2;165;41;22;1;0;2;177;43;5939;611;3;0;11;2056;466;5407;456;50;0;0;172;0;15201;63;3;0;0;23;0;1;;0;;0;;0;;0;;0;0
PSY2;2020;780000402;CHS JEAN MARTIN CHARCOT;780024113;10969;127;6;0;13;369;109;125;8;0;12;361;110;16584;5653;580;0;126;13710;4550;16428;2;1;0;0;7;0;135315;537;0;0;2;297;19;0;;1;4.97;1;;0;;1;15.36;0;0
PSY2;2020;780000410;CHS THEOPHILE ROUSSEL;780140059;4063;16;1;8;6;171;35;6;1;4;7;148;29;15432;2317;54;331;82;7886;2561;6407;46;0;0;0;63;14;55106;114;0;0;0;274;7;1;1.8;0;;1;0.84;0;;0;;0;0
PSY2;2020;780000428;CHI MEULAN (SITE DE BECHEVILLE);780002697;735;24;1;2;7;75;10;;;;;;;16875;1773;64;53;137;2854;664;3735;;;;;;;;;;;;;;1;0.5;0;;1;38.9;0;;0;;0;0
PSY2;2020;780009528;ASOIMEEP;780009528;36;;;;;;;;;;;;;4379;;;;;;;;;;;;;;;;;;;;;;;;;;;0;;0;;0;0
PSY2;2020;780020111;ARISSE;780020111;472;;;;;;;;;;;;;;;;;;;;4614;;;;;;;6069;;;;;;;0;;0;;0;;0;;0;;0;0
PSY2;2020;780023909;HDJ CTRE AUBERGENVILLOIS PSY AMBUL;780025441;62;;;;;;;;;;;;;0;;;;;;;2263;;;;;;;;;;;;;;;;;;;;0;;0;;0;0
PSY2;2020;780140018;INSTITUT MARCEL RIVIERE;750005068;1464;10;2;;2;99;37;10;2;;2;99;37;35138;867;366;;12;4656;1544;3413;72;;;;512;15;10459;21;;;3;68;11;0;;1;20.22;1;28.2;0;;0;;0;0
PSY2;2020;780140042;CLINIQUE D YVELINES;780017455;1683;;;;;;;;;;;;;51746;;;;;;;1446;;;;;;;;;;;;;;0;;0;;0;;0;;0;;0;0
PSY2;2020;780140075;CENTRE POST CURE GILBERT RABY;750721391;444;;;;;;;;;;;;;13701;;;;;;;1015;;;;;;;0;;;;;;;0;;0;;0;;0;;0;;0;0
PSY2;2020;780170056;HDJ L ENVOL;780825097;36;;;;;;;;;;;;;;;;;;;;3952;;;;;;;;;;;;;;0;;0;;1;3;0;;0;;0;0
PSY2;2020;780310025;CLINIQUE VILLA DES PAGES;920030269;497;;;;;;;;;;;;;16286;;;;;;;1637;;;;;;;;;;;;;;0;;0;;1;15.46;0;;0;;0;
PSY2;2020;780800256;CH DE VERSAILLES SITE ANDRE MIGNOT;780110078;5872;77;;;5;342;133;33;;;4;147;49;6541;753;;;14;2331;706;;;;;;;;36208;1;;;384;383;149;1;10.3;0;;1;21.16;0;;0;;0;0
PSY2;2020;790000087;CENTRE HOSPITALIER DE NIORT;790000012;3387;35;2;0;2;249;42;35;2;0;2;265;42;42348;1868;303;0;21;14419;796;5716;148;0;0;0;573;1;19616;21;0;0;0;88;26;0;;1;54.33;1;30.21;0;;0;;0;0
PSY2;2020;790003537;SITE HOSPITALIER DE THOUARS;790006654;283;7;1;;;27;;23;1;;;47;6;12648;105;4;;;669;;;;;;;;;;;;;;;;0;;1;2.88;0;;0;;0;;0;0
PSY2;2020;790007694;PSY. ADULTES - HOP DE JOUR MALADRY;790006654;3448;;;;;;;;;;;;;8648;;;;;;;;;;;;;;;;;;;;;0;;0;;0;;0;;0;;0;0
PSY2;2020;790012355;CEAA - CTRE EXPERTISE AUTISME ADULTES;790000012;9032;18;0;0;0;153;20;18;0;0;0;159;20;3522;;0;;;0;0;1054;8;;;;174;38;69400;98;2;;;109;42;0;;1;3.53;0;;0;;0;;0;
PSY2;2020;800000143;CH ABBEVILLE;800000028;456;25;;;;149;40;29;;;;167;42;7219;904;;;;4054;591;2278;3;;;;;;28925;440;;;;786;73;1;12;0;;1;1.17;0;;0;;0;0
PSY2;2020;800000457;ET PUBLIC DE SANTÉ MENTALE DE LA SOMME;800000119;8248;46;4;1;40;339;93;51;4;1;52;446;112;43368;2739;572;43;141;22355;4764;11933;209;113;0;0;1330;152;148220;1705;171;0;2;1667;34;1;0.8;1;31.33;1;51.68;0;0;1;16.45;0;1
PSY2;2020;800004111;CENTRE HENRY EY CH PERONNE;800000093;115;9;;;;30;8;10;;;;30;8;3372;165;;;;477;84;;;;;;;;;;;;;;;1;0.05;0;;0;;0;;0;;0;0
PSY2;2020;800018228;CLINIQUE DU CAMPUS PSYCHIATRIQUE;800018210;1464;;;;;;;;;;;;;24917;;;;;;;6070;;;;;;;;;;;;;;0;;0;;0;;0;;0;;0;0
PSY2;2020;810000562;CH LAVAUR;810000455;5136;12;1;0;1;88;22;14;7;0;1;157;40;25861;689;52;0;9;4918;914;12721;113;0;0;0;161;10;39015;0;0;0;6392;0;0;1;;1;;1;;0;;0;;0;
PSY2;2020;810100008;FONDATION BON SAUVEUR D'ALBY;810100008;10320;111;13;1;9;153;113;116;14;1;13;165;122;41494;13199;1997;28;1013;6712;5918;14346;240;5;;;279;196;68618;624;72;;;486;463;1;;1;;1;;1;;0;;0;0
PSY2;2020;820000032;CH DE MONTAUBAN;820000016;2984;29;;;3;171;19;23;;;3;198;19;27820;1067;;;11;7329;221;15;;;;;;;16864;31;;;;53;3;0;;0;;0;;0;;0;;0;1
PSY2;2020;820003911;FONDATION JOHN BOST PAVILLON LOU CAMIN;240000265;38;;;;;;;;;;;;;9461;;;;;;;220;;;;;;;;;;;;;;0;;0;;0;;0;;0;;0;0
PSY2;2020;820004067;PSYCHIATRIE III CAPOU CH MONTAUBAN;820000016;5060;18;;1;1;52;11;108;;1;1;99;13;27853;118;;;;2177;342;2646;;;;;;;43249;104;;1;9;50;3;0;;1;5.34;1;5.38;0;;0;;0;0
PSY2;2020;820005908;SECTORISATION PIJ MONTAUBAN ASEI;310781562;30;;;;;;;;;;;;;;;;;;;;210;;;;;;;1731;;;;;;;0;;0;;0;;0;;0;;0;0
PSY2;2020;830000287;CH LA DRACENIE DE DRAGUIGNAN;830100525;2932;29;4;;14;84;8;29;4;;15;91;6;7422;1553;157;;79;2798;202;1749;38;40;;;30;;24058;267;90;;31;332;4;1;;0;;1;0.5;0;;0;;0;0
PSY2;2020;830000311;CHI DE FREJUS SAINT RAPHAEL;830100566;4627;52;;;;97;4;56;;;;116;4;5603;2213;;;;2554;43;4699;154;;;;0;;44925;424;;;;150;;1;0.8;1;8.08;1;29.17;0;;0;;0;0
PSY2;2020;830000345;CHITS CH SAINTE MUSSE;830100616;6399;134;4;;;261;70;89;1;;;205;64;23415;4072;366;;;6565;1703;1980;26;;;;19;;57029;1834;26;;34;2078;270;1;;1;3.11;0;;0;;0;;0;0
PSY2;2020;830000600;CHS PIERREFEU DU VAR HENRI GUERIN;830101200;755;44;4;;19;186;146;59;8;;19;222;166;31249;2580;980;;206;6254;4026;11763;197;;;;140;78;125640;968;2145;;16;1635;1239;0;;0;;0;;0;;0;;0;0
PSY2;2020;830003877;CLINIQUE LA BASTIDE;920030921;500;;;;;;;;;;;;;19973;;;;;;;;;;;;;;;;;;;;;0;;0;;0;;0;;0;;0;
PSY2;2020;830017497;KORIAN LE GOLFE;830004958;432;0;0;0;0;0;0;;;;;;;19141;;;;;;;;;;;;;;;;;;;;;0;;0;;0;;0;;0;;0;0
PSY2;2020;830100442;CLINIQUE SAINT MARTIN OLLIOULES;830000204;678;;;;;;;;;;;;;30338;;;;;;;;;;;;;;;;;;;;;0;;0;;0;;0;;0;;0;0
PSY2;2020;830100574;HIA SAINTE ANNE;750821092;1660;;;;;;;;;;;;;4824;;;;;;;;;;;;;;;;;;;;;1;5;0;;0;;0;;0;;0;0
PSY2;2020;830100608;CHITS CH GEORGE SAND;830100616;2654;60;2;;;175;47;38;1;;;171;51;10555;1917;352;;;5789;1801;1851;;;;;;;36248;369;2;;2;1741;218;1;;1;;0;;0;;0;;0;0
PSY2;2020;830100756;CENTRE DE SOINS LES COLLINES DU REVEST;920030269;1001;;;;;;;;;;;;;43584;;;;;;;3227;;;;;;;;;;;;;;0;;0;;0;;0;;0;;0;0
PSY2;2020;830200515;CLINIQUE LES TROIS SOLLIES;830001012;694;;;;;;;;;;;;;36437;;;;;;;2692;;;;;;;;;;;;;;0;;0;;0;;0;;0;;0;0
PSY2;2020;830215919;KORIAN VAL DU FENOUILLET;750056335;222;;;;;;;;;;;;;29982;;;;;;;2913;;;;;;;;;;;;;;0;;0;;0;;0;;0;;0;0
PSY2;2020;840000509;CLINIQUE SAINT DIDIER;840000707;766;;;;;;;;;;;;;32960;;;;;;;2176;;;;;;;;;;;;;;0;;0;;0;;0;;0;;0;0
PSY2;2020;840000541;CHS DE MONTFAVET;840000137;20383;166;18;3;43;719;358;173;18;3;53;802;393;63563;22485;1229;66;2610;24300;8826;14404;197;3;0;0;649;127;278241;1805;31;0;14;5462;2480;1;2.55;1;33.53;1;53.29;1;163.3;0;;0;0
PSY2;2020;840018691;CHS MONTPERRIN HOP DE JOUR REGAIN;130781131;26;;;;;;;;;;;;;;;;;;;;1941;;;;;;;;;;;;;;0;;0;;0;;0;;0;;0;0
PSY2;2020;850000175;CH LVO :SITE DE CHALLANS;850009010;2743;32;;1;;200;35;11;;1;;99;13;7916;1068;0;0;0;4782;338;1109;2;0;0;0;121;12;19009;232;0;1;0;1357;379;1;;1;2.52;0;;0;0;0;0;0;0
PSY2;2020;850000258;CENTRE HOSPITALIER G. MAZURELLE;850000092;15411;57;4;;13;609;242;58;5;;16;648;253;59398;3728;772;;92;20971;6719;25579;268;;;;1431;370;109186;790;88;;;3315;1081;0;;1;70.28;1;39.33;0;;0;;0;0
PSY2;2020;860000017;CH HENRI LABORIT;860780048;20277;34;12;;3;328;224;35;12;;3;362;243;89687;1951;1523;;48;13660;7513;25355;395;267;;;1184;638;158935;231;339;;;801;795;0;;1;36.59;1;97.57;0;;1;29.27;0;0
PSY2;2020;870000221;CLINIQUE KORIAN SAINT MAURICE;870000973;427;;;;;;;;;;;;;10627;;;;;;;1444;;;;;;;;;;;;;;0;;0;;0;;0;;0;;0;0
PSY2;2020;870006137;CENTRE HOSPITALIER ESQUIROL;870002466;17042;95;15;2;23;351;125;127;14;2;20;491;132;66167;3950;2768;28;196;11488;4689;20667;232;38;0;0;446;44;144453;1098;451;1;223;1299;513;1;6.28;1;13.58;1;2.9;0;;0;;0;0
PSY2;2020;880000088;CENTRE HOSPITALIER DE RAVENEL;880780119;14659;82;1;7;4;214;278;115;1;7;4;209;278;57643;7054;366;176;5;7757;6813;5132;27;0;0;0;37;54;10567;173;0;46;8;215;229;1;0.95;1;19.45;1;9.95;0;;0;;0;0
PSY2;2020;880008529;HOPITAL DE JOUR ADOLESCENTS - CSPA;880008511;112;;;;;;;;;;;;;;;;;;;;2121;;;;;;;;;;;;;;0;;0;;1;10;0;;0;;0;0
PSY2;2020;890000326;MAISON REPOS ET CONV. BOISSEAUX;890008105;57;;;;;;;;;;;;;8270;;;;;;;;;;;;;;;;;;;;;0;;0;;0;;0;;0;;0;0
PSY2;2020;890002298;CLINIQUE DE REGENNES;890000672;458;;;;;;;;;;;;;31496;;;;;;;634;;;;;;;;;;;;;;0;;1;;0;;0;;0;;0;0
PSY2;2020;890002371;CLINIQUE KER YONNEC;890000722;1733;;;;;;;;;;;;;49438;;;;;;;5871;;;;;;;;;;;;;;0;;1;7.6;0;;0;;0;;0;0
PSY2;2020;890975519;CTRE HOSPITALIER SPECIALISE AUXERRE;890000052;10479;94;4;;1054;260;134;29;4;0;33;284;134;57731;3167;764;;532;4971;2448;9365;53;0;0;0;;;70049;515;5;0;7584;151;112;1;1.1;0;;1;57.42;0;;0;;0;0
PSY2;2020;900002429;CHS ST REMY ET NFC CENTRE PIERRE ENGEL;700004096;4569;1;1;1;;14;2;1;1;1;;17;2;29755;;;14;;54;;2913;;;;;;;30289;14;2;;;7;1;1;0.29;1;76.5;0;;0;;0;;0;0
PSY2;2020;910000330;CHS BARTHELEMY DURAND;910140029;14170;129;9;;;427;308;58;4;;;348;262;57988;6505;1021;;;13208;10174;8436;48;;;;9;11;145466;1492;40;;;6214;2090;1;10.41;1;8.25;1;54.23;1;26.91;0;;0;0
PSY2;2020;910020254;CH SUD FRANCILIEN SITE JEAN JAURES;910002773;4567;627;38;3;13;106;93;71;2;6;0;238;67;34515;20433;141;35;62;671;2647;1907;735;;;;1;2;47495;1213;62;12;10;343;145;1;1;1;0.05;1;1;0;;1;;0;0
PSY2;2020;910110071;CH D ORSAY DOMAINE DU GRAND MESNIL;910110055;4636;43;4;;;188;37;12;2;;;30;2;17022;1805;213;;;8980;959;7825;4;;;;400;;50805;473;2;;;864;45;1;;0;;1;;0;;0;;0;
PSY2;2020;910140037;HOPITAL PSYCHIATRIQUE L'EAU VIVE;750720914;143;99;4;0;0;122;68;101;4;;;157;98;16732;8475;370;;;7876;4079;;;;;;;;7;;;;;;;0;;0;;0;;0;;0;;0;0
PSY2;2020;910150010;CH FREDERIC HENRI MANHES;910014919;197;;;;;;;;;;;;;7092;;;;;;;;;;;;;;;;;;;;;0;;0;;0;;0;;0;;0;0
PSY2;2020;910310028;CLINIQUE DU CHATEAU DE VILLEBOUZIN;920030269;2737;;;;;;;;;;;;;136753;;;;;;;1832;;;;;;;;;;;;;;0;;0;;1;36.47;0;;0;;0;
PSY2;2020;920000577;CH DE NANTERRE;920110020;3252;24;9;;11;199;92;24;9;;11;199;92;;;;;;;;;;;;;;;;;;;;;;1;1.1;0;;0;;0;;0;;0;
PSY2;2020;920000650;HOPITAL FOCH;920150059;172;;;;;;;;;;;;;3154;;;;;;;;;;;;;;;;;;;;;1;1;0;;0;;0;;0;;0;0
PSY2;2020;920001096;SAS MAISON DE SANTE BELLEVUE;920001096;1156;;;;;;;;;;;;;26238;;;;;;;6669;;;;;;;;;;;;;;0;;0;;1;;0;;0;;0;0
PSY2;2020;920002177;CHS PUBLIC DE SANTE ERASME;920804465;7749;73;6;5;0;224;152;55;0;5;0;145;114;26306;3522;1417;62;0;7142;7314;7326;175;5;;;324;166;121667;1245;74;24;;2376;1045;1;0.87;0;;1;26.09;0;;0;;0;0
PSY2;2020;920007408;CHS ROGER PREVOT DE NANTERRE;950140012;240;19;7;;9;149;54;;;;;;;2124;82;518;;210;810;6235;13427;39;17;;;234;7;63336;1222;83;;1644;764;;0;;0;;0;;0;;0;;0;0
PSY2;2020;920007549;MAISON DE SANTE DE ROCHEBRUNE;920007499;460;0;0;0;0;0;0;0;0;0;0;0;0;20083;0;0;0;0;0;0;2757;0;0;0;0;0;0;0;0;0;0;0;0;0;0;;1;44.8;0;;0;;0;;0;0
PSY2;2020;920027711;CHS PAUL GUIRAUD SITE CLAMART;940140049;8066;141;8;0;1;380;349;50;5;;1;198;169;28246;4669;495;0;0;8186;10684;7879;246;0;0;0;344;216;96831;1600;36;0;1;1609;917;1;;0;;0;;0;;0;;0;0
PSY2;2020;920030962;SAS HOLTEL DE L ESPERANCE;920030962;620;;;;;;;;;;;;;46062;;;;;;;2331;;;;;;;;;;;;;;0;;1;17;1;15;0;;0;;0;
PSY2;2020;920100047;HU PARIS NORD SITE LOUIS MOURIER APHP;750712184;3296;68;1;;;175;15;1266;68;;;2300;90;11473;2706;;;;5370;558;2581;436;;;;513;;22637;1191;68;;;2170;70;1;1;1;0.2;1;4;;;;;;
PSY2;2020;920100062;HU PARIS OUEST SITE CELTON APHP;750712184;3362;13;1;;;101;37;218;23;;;1082;483;13938;438;;;;3671;1534;4597;235;106;;;502;202;22137;208;22;;;979;440;0;;0;;1;28;0;;0;;0;0
PSY2;2020;920120011;HIA PERCY;750821092;619;;;;;;;;;;;;;4444;;;;;;;;;;;;;;1461;;;;;;;0;;0;;0;;0;;0;;0;0
PSY2;2020;920140019;CTRE DE SANTE MENTALE DE RUEIL MGEN;750005068;1221;19;2;;;124;65;21;2;;;137;70;9055;1921;366;;;3974;2492;1725;2;;;;203;83;20532;271;91;;;1515;755;0;;0;;0;;0;;0;;0;0
PSY2;2020;920140027;CLINIQUE DUPRE;750720575;1142;;;;;;;;;;;;;20379;;;;;;;4989;;;;;;;12266;;;;;;;0;;0;;0;;0;;0;;0;0
PSY2;2020;920170024;CENTRE DENISE CROISSANT;940809452;7312;;;;;;;;;;;;;;;;;;;;7312;;;;;;;;;;;;;;0;;0;;0;;;;;;0;0
PSY2;2020;920170081;HDJ ATELIER THERAP ELAN RETROUVE;750721391;181;;;;;;;;;;;;;9;;;;;;;15009;;;;;;;4048;;;;;;;0;;0;;0;;;;;;;
PSY2;2020;920170115;CENTRE DU PARC DE SAINT CLOUD AVRAY;920718053;87;;;;;;;;;;;;;40;;;;;;;5775;;;;;;;;;;;;;;0;;0;;0;;0;;0;;0;0
PSY2;2020;920310026;CLINIQUE NEUROPSY LES PERVENCHES;920001070;341;;;;;;;;;;;;;21593;;;;;;;;;;;;;;;;;;;;;0;;0;;0;;0;;0;;0;0
PSY2;2020;920310034;CLINIQUE DU CHATEAU DE GARCHES;920001088;370;;;;;;;;;;;;;11011;;;;;;;;;;;;;;;;;;;;;0;;0;;0;;0;;0;;0;0
PSY2;2020;920310059;CLINIQUE MEDICALE DE VILLE D AVRAY;920001104;380;;;;;;;;;;;;;14076;;;;;;;5128;;;;;;;;;;;;;;0;;0;;0;;0;;0;;0;0
PSY2;2020;920690278;HDJ LES LIERRES;920718186;38;;;;;;;;;;;;;0;;;;;;;2920;;;;;;;;;;;;;;0;;0;;0;;0;;0;;0;0
PSY2;2020;920811635;CAS POUR ADOLESCENTS DE SURESNES;780140059;2776;;;3;;;;;;6;;;;4373;;;147;;;;5097;;;;;;;38907;;;;;;;0;;0;;1;43.55;0;;0;;0;0
PSY2;2020;930000336;CHI ROBERT BALLANGER;930110069;6324;49;5;0;1;230;50;49;5;0;1;230;50;19841;2115;216;0;43;9928;2158;8843;1051;;;;;;37219;335;;;;1341;;1;2.76;1;2;1;23.75;0;;0;;0;1
PSY2;2020;930000344;CHS DE VILLE EVRARD;930140025;26913;380;39;1;1;1121;871;430;41;1;1;1208;1057;94582;15326;3870;2;23;29783;24783;23906;247;68;0;0;163;141;321169;3145;470;0;0;2852;1359;1;4.74;1;2.87;1;98.54;0;;0;;0;0
PSY2;2020;930001433;CMP DE SAINT DENIS;930110051;4249;;;;;;;;;;;;;0;;;;;;;;;;;;;;46503;;;;;;;0;;0;;1;14.36;0;;0;;0;
PSY2;2020;930004288;HDJ SALNEUVE;750720922;31;;;;;;;;;;;;;20;;;;;;;3628;;;;;;;;;;;;;;0;;0;;0;;0;;0;;0;0
PSY2;2020;930020920;CLINIQUE PSY DE L ALLIANCE;920030269;694;3;;;;4;4;;;;;;;38486;107;;;;123;103;3151;;;;;;;;;;;;;;0;;0;;0;;0;;0;;0;
PSY2;2020;930100037;HU PARIS SITE AVICENNE APHP;750712184;2179;;;;;;;;;;;;;;;;;;;;872;;;;;;;17845;;;;;;;0;;0;;0;;;;;;;
PSY2;2020;930310016;MAISON DE SANTE D EPINAY LE NOBLE AGE;440052041;845;13;2;;;189;60;14;2;;;233;69;45893;1182;166;;;12150;4217;4198;;;;;;;;;;;;;;0;;0;;0;;0;;0;;0;0
PSY2;2020;930817465;HDJ CENTRE JEAN MACE;930712716;41;;;;;;;;;;;;;;;;;;;;4878;;;;;;;22;;;;;;;0;;0;;1;;0;;0;;0;0
PSY2;2020;940000573;CHI DE CRETEIL;940110018;1095;;;2;;;;;;2;;;;;;;;;;;3719;;;9;;;;52289;;;;;;;1;2.6;0;;1;5.8;0;;0;;0;0
PSY2;2020;940000599;CHI LUCIE ET RAYMOND AUBRAC;940110042;2603;19;1;0;0;55;8;28;1;0;0;63;8;4127;1089;0;0;0;1333;105;1772;0;0;0;0;0;0;12607;442;60;0;0;8;0;1;2;0;;0;;0;;0;;0;0
PSY2;2020;940000607;CHS FONDATION VALLEE;940140015;1796;;;106;;;;;;101;;;;9898;;;77;;;;6180;;;29;;;;14774;;;0;;;;0;;0;;0;;0;;0;;0;0
PSY2;2020;940000615;CHS LES MURETS;940140023;5691;150;8;0;0;485;245;151;8;0;0;505;260;45901;7776;168;0;0;14228;8646;2798;157;12;0;0;114;51;68481;2064;18;0;0;3241;1515;1;0.69;0;;0;;0;;0;;0;0
PSY2;2020;940000631;CH PAUL GUIRAUD;940140049;12673;257;32;1;92;567;715;257;37;1;84;657;475;68929;21998;5989;1;5115;17887;27698;29447;1031;6;0;0;508;273;137377;800;18;0;18;678;652;1;2;1;3;0;;1;151.76;1;39.43;1;0
PSY2;2020;940016868;LES HOPITAUX DE SAINT MAURICE;940016819;5141;27;0;1;0;98;54;28;0;2;0;111;57;5902;438;0;41;0;1169;404;6093;0;0;0;0;0;0;104985;0;0;0;0;0;0;0;;0;;0;;0;;0;;0;0
PSY2;2020;940021157;ETB SANTE MENTALE ATRT IVRY - MGEN;750005068;108;;;;;;;;;;;;;;;;;;;;2760;;;;;;;;;;;;;;0;;0;;0;;0;;0;;0;0
PSY2;2020;940100027;HU HENRI MONDOR SITE HENRI MONDOR APHP;750712184;6517;50;1;1;;326;130;57;1;1;;381;153;13175;2680;;16;;14703;5108;3462;8;;;;211;8;51815;771;1;;;1892;501;1;3.5;0;;1;0.5;0;;0;;0;0
PSY2;2020;940100035;HU PITIE SALPETRIERE- CHARLE FOIX APHP;750712184;698;;;;;;;;;;;;;12971;;;;;;;1381;;;;;;;;;;;;;;0;;1;29.2;0;;0;;0;;0;0
PSY2;2020;940100043;HU PARIS SUD SITE KREMLIN BICETRE APHP;750712184;3385;;;;;;;;;;;;;10037;;;;;;;1504;;;;;;;10634;;;;;;;1;0.5;0;;0;;0;;0;;0;0
PSY2;2020;940100068;HU PARIS SUD SITE PAUL BROUSSE APHP;750712184;1064;17;;;;82;72;463;;;;816;1299;6151;802;;;;3318;3947;697;0;;;;0;134;12336;441;;;;728;1185;1;0.25;1;0.25;0;;0;;0;;0;0
PSY2;2020;940120017;HIA BEGIN;750821092;193;;;;;;;;;;;;;6902;;;;;;;292;;;;;;;9839;;;;;;;1;2;0;;0;;0;;0;;0;0
PSY2;2020;940170012;HDJ LIONEL VIDART;940000672;75;;;;;;;;;;;;;;;;;;;;9169;;;;;;;1163;;;;;;;0;;0;;0;;0;;0;;0;0
PSY2;2020;940170137;HDJ DE CHEVILLY LARUE;750721391;65;;;;;;;;;;;;;25;;;;;;;5066;;;;;;;1933;;;;;;;0;;0;;0;;;;;;;
PSY2;2020;940310014;MAISON DE SANTE NOGENT SUR MARNE;940000979;1283;;;;;;;;;;;;;47682;;;;;;;2877;;;;;;;;;;;;;;0;;0;;0;;0;;0;;0;0
PSY2;2020;940310022;CLINIQUE JEANNE D ARC ST MANDE;940022163;1365;;;;;;;;;;;;;37463;;;;;;;4778;;;;;;;;;;;;;;0;;0;;0;;0;;0;;0;0
PSY2;2020;940721400;UDSM FONTENAY SOUS BOIS;940721400;3092;;;;;;;;;;;;;5783;;;;;;;;;;;;;;42912;;;;;;;;;0;;0;;0;;0;;0;0
PSY2;2020;940807654;ASS CERPP BONNEUIL SUR MARNE;940807654;32;;;;;;;;;;;;;2253;;;;;;;2773;;;;;;;;;;;;;;0;;0;;0;;0;;0;;0;0
PSY2;2020;950000307;CH VICTOR DUPOUY;950110015;157;19;;0;0;122;26;20;;;;131;33;8652;1097;;;;5526;1104;8265;27;;;;;;27954;41;;;;;;1;2;0;;1;37.6;0;;0;;0;0
PSY2;2020;950000323;GHEM SIMONE VEIL SITE EAUBONNE;950013870;5289;20;2;;1;167;68;18;2;;1;164;83;26446;912;141;;20;7675;2706;7112;263;;;;126;233;49507;218;;;;189;72;1;2.8;1;23.85;1;30.5;0;;0;;0;0
PSY2;2020;950000331;CH GENERAL DE GONESSE;950110049;4928;175;10;0;0;628;284;11;2;0;0;210;90;10281;966;181;0;0;6083;2831;17931;207;0;0;0;209;0;49412;253;18;0;0;1245;469;1;1.5;0;;1;47.7;0;;0;;0;0
PSY2;2020;950000364;CH RENE DUBOS;950110080;4470;21;2;;2;148;33;21;2;;2;148;33;19695;2260;75;;22;5929;1399;7011;;;;;;;4179;;;;;;;1;2;0;0;1;1;0;;0;;0;0
PSY2;2020;950000398;CHS ROGER PREVOT DE MOISSELLES;950140012;768;48;7;;;99;75;77;24;;;188;106;33280;7013;1510;;;7649;5402;;;;;;;;;;;;;;;0;;0;;0;;0;;0;;0;0
PSY2;2020;950002568;CLINIQUE D ORGEMONT;920030269;1971;;;;;22;;;;;;22;;98054;;;;;818;;8562;;;;;;;;;;;;;;0;;0;;0;;0;;0;;0;
PSY2;2020;950006908;MAISON HOSPI SPASM CERGY LE HAUT;750719270;192;;;;;;;;;;;;;24947;;;;;;;156;;;;;;;;;;;;;;0;;0;;0;;0;;0;;0;0
PSY2;2020;950150052;CENTRE JACQUES ARNAUD;750720575;194;;;;;;;;;;;;;16294;;;;;;;1249;;;;;;;589;;;;;;;0;;0;;1;;0;;0;;0;0
PSY2;2020;950300301;CLINIQUE MEDICALE DU PARC ST OUEN;950000562;475;;;;;;;;;;;;;11476;;;;;;;1483;;;;;;;;;;;;;;0;;0;;0;;0;;0;;0;0
PSY2;2020;950310029;CENTRE DE PSYCHOTHERAPIE D OSNY;950008938;308;;;;;;;;;;;;;23757;;;;;;;;;;;;;;;;;;;;;0;;0;;0;;0;;0;;0;0
PSY2;2020;950787119;HDJ CENTRE PSY LES VIGNOLLES;950802405;20;;;;;;;;;;;;;3206;;;;;;;;;;;;;;;;;;;;;0;;0;;1;;0;;0;;0;0
PSY2;2020;950787135;CENTRE PSYCHOTHERAPIQUE LES OLIVIERS;950001370;2395;12;3;;;127;30;12;3;;;127;30;11139;957;365;;;4875;2026;2617;910;478;;;42;6;14405;36;20;;;288;;1;2;0;;1;3.25;0;;0;;0;0
PSY2;2020;950805671;APPARTEMENT THERAPEUTIQUE GONESSE;950803387;10;;;;;;;;;;;;;3650;;;;;;;;;;;;;;;;;;;;;0;;0;;0;;0;;0;;0;0
PSY2;2020;970100111;LES NOUVELLES EAUX VIVES;970100343;27;;;;;;;;;;;;;1657;;;;;;;;;;;;;;;;;;;;;0;;0;;0;;0;;0;;0;0
PSY2;2020;970100251;CLINIQUE DE L'ESPÉRANCE;970100467;554;;;;;;;;;;;;;10575;;;;;;;;;;;;;;;;;;;;;0;;0;;0;;0;;0;;0;0
PSY2;2020;970100400;C.H. LOUIS CONSTANT FLEMING;970100186;113;1;0;0;0;38;26;2;0;0;0;38;26;1745;49;0;0;0;587;402;0;0;0;0;0;0;0;8415;38;0;0;0;912;451;;;;;;;0;;0;;0;0
PSY2;2020;970100475;EPSM DE LA GUADELOUPE;970100277;10349;82;13;0;35;574;138;57;6;0;32;670;125;33082;5088;2830;0;752;22593;4644;10774;64;60;0;0;3;0;85703;249;24;0;0;406;22;1;2.47;0;;0;;0;;1;12.17;0;0
PSY2;2020;970200069;CENTRE HOSPITALIER MAURICE DESPINOY;970202180;493;59;12;1;24;457;149;68;13;1;28;568;165;68730;5804;2588;31;767;20677;6806;5779;;;;;;;84005;288;;;;180;19;0;;0;;1;;0;;0;;0;0
PSY2;2020;970209714;CLINIQUE DE L'ANSE COLAS;970210225;427;;;;;;;;;;;;;16492;;;;;;;3051;;;;;;;;;;;;;;0;;0;;0;;;;;;;
PSY2;2020;970211215;CHU DE MARTINIQUE SITE P.ZOBDA QUITMAN;970211207;;;;;;;;;;;;;;;;;;;;;;;;;;;;;;;;;;;1;;0;;0;;0;;1;17.76;0;0
PSY2;2020;970300026;CENTRE HOSPITALIER DE CAYENNE;970302022;356;41;2;;11;235;94;50;2;;17;299;94;14501;1891;767;;155;6829;3398;;;;;;;;;;;;;;;1;4;0;;1;27.5;0;;0;;0;0
PSY2;2020;970300083;CENTRE HOSPITALIER -FRANCK-JOLY-;970302121;111;;;;;;;;;;;;;2627;;;;;;;;;;;;;;;;;;;;;1;1;0;;0;;0;;0;;0;0
PSY2;2020;970400016;EPSMR-GRAND POURPIER (ST PAUL);970411005;17470;55;3;1;12;571;389;51;2;1;11;621;444;40835;4316;522;;124;14583;8283;7734;193;;;;29;25;120257;32;;1;4;570;340;1;6.78;1;7.07;1;9.59;0;;1;27.49;0;0
PSY2;2020;970400057;CHU SITE SUD (SAINT PIERRE);970408589;9657;69;32;13;10;358;48;;;;;;;16099;1183;34;8;355;8061;1168;5578;76;;;;162;20;62091;644;105;46;8;1846;216;1;;1;;1;;0;;0;;0;0
PSY2;2020;970408753;CLINIQUE LES FLAMBOYANTS SUD;970408746;542;;;;;;;;;;;;;23472;;;;;;;8666;;;;;;;;;;;;;;0;;0;;1;15.79;0;;0;;0;0
PSY2;2020;970467155;CLINIQUE LES FLAMBOYANTS OUEST;970467148;613;;;;;;;;;;;;;35946;;;;;;;11131;;;;;;;;;;;;;;0;;0;;1;27.26;0;;0;;0;0
PSY2;2020;980500011;CHM;980500003;151;10;;;;56;3;17;;;;74;4;1745;730;;;;289;29;;;;;;;;;;;;;;;1;1.5;0;;0;;0;;0;;0;0
