BOR;AN;FI;RS;FI_EJ;SMUR;GEN;SAIS;PED;ANT;FIAUTOR;ANTSAIS;SAMU;HMED;HIDE;HAMB;AMBLCE;VEHLEG;MOYAER;MOYMAR;SORTER1;SORTER2;dtTIH;SORAER1;SORAER2;SORMAR;SORTIES;SORTNM;PATDC;PATLSP;PATTSP;PATTRANM;TRAN;TRAN18;TRAN80;TRANSIEG;TRANAUT;APP;APR15;APD;APMIN;DR;DRM;DRMLIB;HMR;HMRAMU;HMRAM;ARM;NRML;NBLIB;NBSAL;CAR;SAMUSDIS
SMURSAMU;2020;010000024;CH DE FLEYRIAT;010780054;1;1;0;0;0;;0;1;336;336;252;2;2;;;1515;363;287;;;;2165;509;200;63;2;244;1311;149;319;827;484;312018;3917;304382;272432;186837;183609;76839;223;168;471;622;0;3;0;10694;1
SMURSAMU;2020;010000032;CH DE BELLEY;010780062;1;1;0;0;0;;0;0;163;151;151;0;2;0;0;458;55;0;8;2;0;523;254;56;4;26;148;320;39;123;148;172;;;;;;;;;;;;;;;;
SMURSAMU;2020;010005239;CH DU HAUT BUGEY - GEOVREISSET;010008407;1;1;0;0;0;;0;0;168;168;168;;1;;;544;22;0;0;0;0;566;219;73;2;32;192;448;52;103;308;140;;;;;;;;;;;;;;;;
SMURSAMU;2020;010780203;HOPITAL PRIVE D'AMBERIEU;010010718;1;1;0;0;0;;0;0;168;168;168;1;1;;;728;21;;;;;749;400;80;0;33;287;615;;;364;251;;;;;;;;;;;;;;;;
SMURSAMU;2020;020000162;CH SAINT-QUENTIN;020000063;1;1;0;0;0;;0;0;0;0;336;2;2;0;0;1052;80;280;15;99;0;1526;363;159;3;36;165;855;61;138;804;51;;;;;;;;;;;;;;;;
SMURSAMU;2020;020000394;CH LAON;020000253;1;1;0;0;0;;0;1;336;336;336;3;2;1;0;979;449;3;85;271;0;1787;471;109;13;40;251;674;45;114;448;226;229561;;213727;172954;115991;101720;36276;248;168;80;360;0;0;;2205;0
SMURSAMU;2020;020000519;CH SOISSONS;020000261;1;1;0;0;0;;0;0;168;168;168;;1;;;742;2;;;;;744;302;129;2;48;122;562;50;192;544;18;;;;;;;;;;;;;;;;
SMURSAMU;2020;020000535;CH CHAUNY;020000287;1;1;0;0;0;;0;0;168;168;168;1;1;;;577;1;;;;;578;310;84;10;26;187;267;10;63;154;113;;;;;;;;;;;;;;;;
SMURSAMU;2020;020001061;CH CHÂTEAU-THIERRY;020004404;1;1;0;0;0;;0;0;168;168;129;1;1;;;590;134;;6;;;730;122;87;4;8;23;527;35;102;466;61;;;;;;;;;;;;;;;;
SMURSAMU;2020;020001087;CH HIRSON;020004495;1;1;0;0;0;;0;0;336;205;168;;1;;;561;7;0;0;0;0;568;293;19;10;10;253;276;43;131;237;39;;;;;;;;;;;;;;;;
SMURSAMU;2020;020016366;SMUR CH SAINT-QUENTIN GUISE;020000063;1;0;0;0;1;020000063;0;0;24;24;0;0;0;0;0;54;0;0;0;0;0;54;39;8;0;3;28;15;2;2;2;13;;;;;;;;;;;;;;;;
SMURSAMU;2020;030000061;CH DE MOULINS;030780092;1;1;0;0;0;;0;1;168;252;230;2;2;0;0;828;231;16;16;25;0;1116;371;112;6;110;143;454;41;77;380;74;256308;40123;210781;200229;138759;113605;40770;326;181;145;532;1;3;0;1389;0
SMURSAMU;2020;030000079;CH DE MONTLUCON;030780100;1;1;0;0;0;;0;0;336;336;223;1;2;0;0;912;219;;46;;;1177;;;;;;;;;;;;;;;;;;;;;;;;;;
SMURSAMU;2020;030000087;CH JACQUES LACARIN VICHY;030780118;1;1;0;0;0;;0;0;336;336;336;2;2;0;0;1084;107;0;94;11;0;1296;482;169;;119;163;613;53;108;559;54;;;;;;;;;;;;;;;;
SMURSAMU;2020;040000093;CHI DE MANOSQUE LOUIS RAFFALLI;040780215;1;1;0;0;0;;0;0;238;168;0;1;2;;;513;127;;;;;640;216;83;5;29;95;382;19;58;248;134;;;;;;;;;;;;;;;;
SMURSAMU;2020;040000135;CHI DES ALPES DU SUD SITE DE SISTERON;050002948;1;1;0;0;0;;0;0;336;434;0;;;;;354;33;0;0;0;0;387;67;61;5;1;0;277;20;103;125;152;;;;;;;;;;;;;;;;
SMURSAMU;2020;040000911;CENTRE HOSPITALIER DE DIGNE LES BAINS;040788879;1;1;0;0;0;;0;1;168;168;168;0;2;0;0;270;32;0;151;12;0;465;37;25;0;0;12;428;0;0;274;154;153681;8938;144743;138432;64674;36112;11140;293;168;125;252;0;8;0;381;0
SMURSAMU;2020;050000231;CH DES ESCARTONS DE BRIANCON;050000116;1;1;0;0;0;;0;0;125;168;0;;;;;191;19;;339;8;;557;;;;;;;;;;;;;;;;;;;;;;;;;;
SMURSAMU;2020;050000348;CHI DES ALPES DU SUD SITE DE GAP;050002948;1;1;0;0;0;;0;1;336;175;0;0;3;1;0;597;138;140;341;289;0;1505;158;113;4;52;158;705;97;88;582;123;78125;2462;73972;71267;45750;42449;14818;276;168;108;504;1;33;0;450;0
SMURSAMU;2020;060000478;CENTRE HOSPITALIER DE GRASSE;060780897;1;1;0;0;0;;0;0;;;;;1;;;826;106;;34;;;966;132;98;2;32;;739;;;416;323;;;;;;;;;;;;;;;;
SMURSAMU;2020;060000510;CH D'ANTIBES JUAN LES PINS;060780954;1;1;0;0;0;;0;0;168;168;168;1;0;;;1361;131;;;;;1492;625;128;14;314;169;736;53;276;418;318;;;;;;;;;;;;;;;;
SMURSAMU;2020;060000544;CH DE CANNES SIMONE VEIL;060780988;1;1;0;0;0;;0;0;168;177;0;0;1;0;0;1236;97;;0;;;1333;299;167;8;74;50;937;;;781;156;;;;;;;;;;;;;;;;
SMURSAMU;2020;060002102;CH LA PALMOSA DE MENTON;060791761;1;1;0;0;0;;0;0;168;168;168;1;1;;;352;62;;;;;414;;;;;;;;;;;;;;;;;;;;;;;;;;
SMURSAMU;2020;060785003;CHU DE NICE HOPITAL PASTEUR;060785011;1;1;0;0;0;;0;1;574;574;574;4;4;1;0;3051;2483;0;244;109;;5887;1293;319;8;256;700;2674;164;503;205;2469;383773;;332281;322215;275237;228017;79981;627;336;216;1008;0;11;;6582;0
SMURSAMU;2020;060789195;CHU DE NICE HOPITAL DE L'ARCHET;060785011;1;0;0;1;0;;0;0;192;168;;;;;;0;444;210;0;62;0;716;;;;;;;;;;;;;;;;;;;;;;;;;;
SMURSAMU;2020;070000013;CH DES VALS D'ARDECHE;070002878;1;1;0;0;0;;0;1;168;168;168;;1;;;458;36;0;0;0;0;494;;63;5;27;139;621;43;0;234;387;134843;5800;118616;98781;108326;99649;40451;360;168;192;420;0;73;0;1184;1
SMURSAMU;2020;070000179;CH ARDECHE NORD;070780358;1;1;0;0;0;;0;0;168;168;168;;2;;;608;7;;;;;615;;;;;;;;;;;;;;;;;;;;;;;;;;
SMURSAMU;2020;070000609;CH D'AUBENAS;070005566;1;1;0;0;0;;0;0;168;168;168;1;2;;;811;96;;;;;907;;;;;;;;;;;;;;;;;;;;;;;;;;
SMURSAMU;2020;080000110;CENTRE HOSPITALIER DE SEDAN;080011174;1;1;0;0;0;;0;0;168;169;169;1;1;0;0;700;7;4;0;0;0;711;129;90;34;5;0;566;61;127;423;143;;;;;;;;;;;;;;;;
SMURSAMU;2020;080000219;CENTRE HOSPITALIER DE RETHEL;080001969;1;1;0;0;0;;0;0;336;336;336;1;1;;;433;73;;;;;506;79;38;1;34;;347;31;64;261;86;;;;;;;;;;;;;;;;
SMURSAMU;2020;080000276;CENTRE HOSPITALIER DE VOUZIERS;080001969;1;1;0;0;0;;0;0;168;168;168;1;1;;;231;71;36;;;;338;45;19;4;25;6;338;16;85;267;71;;;;;;;;;;;;;;;;
SMURSAMU;2020;080000425;CH CHARLEVILLE - HOPITAL MANCHESTER;080011174;1;1;0;0;0;;0;1;336;255;351;2;2;;;1478;632;;;41;;2151;591;189;12;180;207;1050;192;807;944;106;167226;0;167226;0;107978;63575;0;168;168;;267;1;0;0;849;0
SMURSAMU;2020;080009814;ANTENNE DE SMUR - CH CHARLEVILLE;080011174;1;0;0;0;1;080011174;0;0;168;11;14;;;;;625;1;;;;;626;375;49;9;99;218;218;;;;218;;;;;;;;;;;;;;;;
SMURSAMU;2020;090000175;CHIVAL SITE FOIX;090781774;1;1;0;0;0;;0;1;182;168;222;1;4;;;991;399;;170;;;1560;208;138;5;42;;924;62;112;690;234;140742;;138581;108948;39690;28948;10742;199;168;31;216;1;12;;978;1
SMURSAMU;2020;090000183;CH ARIEGE COUSERANS SITE ST LIZIER;090781816;1;1;0;0;0;;0;0;168;168;168;1;1;;;328;93;41;;;;462;176;61;0;25;88;152;10;28;121;31;;;;;;;;;;;;;;;;
SMURSAMU;2020;100000090;CENTRE HOSPITALIER DE TROYES;100000017;1;1;0;0;0;;0;1;336;336;372;2;3;;;1584;445;37;0;0;0;2066;845;230;18;61;536;739;98;127;630;109;206875;0;169094;;111998;44595;12864;216;168;48;504;0;13;;231;0
SMURSAMU;2020;100000199;CENTRE HOSPITALIER DE ROMILLY/SEINE;100006279;1;1;0;0;0;;0;0;168;168;36;0;1;0;0;457;35;0;0;0;0;492;210;79;2;101;28;345;22;103;227;118;;;;;;;;;;;;;;;;
SMURSAMU;2020;100010206;ANTENNE SMUR DE BAR SUR AUBE;100000017;1;0;0;0;1;100000017;0;0;168;168;168;0;1;0;0;334;6;;;;;340;213;39;6;18;156;116;13;24;100;16;;;;;;;;;;;;;;;;
SMURSAMU;2020;110000023;CH CARCASSONNE;110780061;1;1;0;0;0;;0;1;335;335;335;3;3;1;0;1565;194;38;130;57;0;1984;779;179;13;105;494;901;49;172;848;53;163084;4147;157146;153971;101926;85016;21272;245;182;63;585;0;0;0;1750;1
SMURSAMU;2020;110000056;CH NARBONNE HOTEL DIEU;110780137;1;1;0;0;0;;0;0;339;339;0;2;5;1;;1438;348;;139;32;0;1957;1421;;;;;;92;364;;;;;;;;;;;;;;;;;;
SMURSAMU;2020;110007580;CH CARCASSONNE SMUR ANTENNE CASTELNAUD;110780061;1;0;0;0;1;110780061;0;0;32;32;32;;2;;;61;3;;;;;64;38;7;0;6;24;23;1;8;9;14;;;;;;;;;;;;;;;;
SMURSAMU;2020;110007598;CH CARCASSONNE SMUR ANTENNE QUILLAN;110780061;1;0;0;0;1;110780061;0;0;159;159;159;;1;;;399;;;;;;399;344;30;6;61;233;73;5;10;65;8;;;;;;;;;;;;;;;;
SMURSAMU;2020;120000039;CH DE RODEZ HOPITAL JACQUES PUEL;120780044;1;1;0;0;0;;0;1;168;252;168;1;3;1;0;1048;207;99;363;295;;2012;541;136;;84;321;1158;73;274;1045;113;108747;3826;97956;60326;55592;53331;21449;236;168;68;338;1;25;;2700;
SMURSAMU;2020;120000054;CH VILLEFRANCHE SITE CHARTREUSE;120780069;1;1;0;0;0;;0;0;186;186;0;;;;;298;29;;;;;327;56;37;;19;;242;11;63;216;26;;;;;;;;;;;;;;;;
SMURSAMU;2020;120000070;CH PIERRE DELPECH DECAZEVILLE;120780085;1;1;0;0;0;;0;0;208;336;0;;;;;345;;;;;;345;57;33;;17;;253;15;51;153;100;;;;;;;;;;;;;;;;
SMURSAMU;2020;120004569;CH MILLAU;120004528;1;1;0;0;0;;0;0;168;168;0;;1;;;287;49;0;;;;336;64;35;0;7;22;262;17;60;175;87;;;;;;;;;;;;;;;;
SMURSAMU;2020;120004668;CH EMILE BOREL ST AFFRIQUE;120004619;1;1;0;0;0;;0;0;168;168;0;2;1;0;0;176;30;5;0;0;0;211;40;21;1;8;10;143;19;62;120;23;;;;;;;;;;;;;;;;
SMURSAMU;2020;130000409;CHI SITE D'AIX EN PROVENCE;130041916;1;1;0;0;0;;0;0;252;235;0;1;1;;;2017;264;;;;;2281;1182;227;28;95;809;827;51;170;512;315;;;;;;;;;;;;;;;;
SMURSAMU;2020;130000565;CENTRE HOSPITALIER GENERAL D'AUBAGNE;130781446;1;1;0;0;0;;0;0;168;168;168;0;2;0;0;1587;111;0;0;0;0;1698;996;83;20;52;589;1258;;;291;967;;;;;;;;;;;;;;;;
SMURSAMU;2020;130001225;HOPITAL DU PAYS SALONNAIS;130782634;1;1;0;0;0;;0;0;168;168;;;1;;;1227;63;;;;;1290;489;127;11;49;417;911;;;513;398;;;;;;;;;;;;;;;;
SMURSAMU;2020;130002215;CENTRE HOSPITALIER GENERAL LA CIOTAT;130785512;1;1;0;0;0;;0;0;168;168;168;0;1;0;0;636;59;0;0;0;0;695;403;49;2;28;324;450;;;243;207;;;;;;;;;;;;;;;;
SMURSAMU;2020;130002827;CH JOSEPH IMBERT D'ARLES;130789274;1;1;0;0;0;;0;0;168;168;0;;;;;1145;78;;;;;1223;358;178;3;174;528;865;;;642;145;;;;;;;;;;;;;;;;
SMURSAMU;2020;130002835;CH DE MARTIGUES HOPITAL DES RAYETTES;130789316;1;1;0;0;0;;0;0;252;252;0;;;;;1442;155;;;;;1597;435;151;11;94;1;1036;;;567;469;;;;;;;;;;;;;;;;
SMURSAMU;2020;130044977;APHM ANTENNE SMUR DE MARIGNANE;130786049;1;0;0;0;1;130783293;0;0;168;168;168;1;1;0;0;1365;103;;;;;1468;1045;99;96;73;777;1052;98;358;332;720;;;;;;;;;;;;;;;;
SMURSAMU;2020;130044985;APHM ANTENNE SMUR DE LOUVAIN;130786049;1;0;0;0;1;130783293;0;0;168;168;168;1;;;1;1873;347;;;;;2220;1395;242;138;28;987;811;98;514;797;14;;;;;;;;;;;;;;;;
SMURSAMU;2020;130044993;APHM ANTENNE SMUR DE PLOMBIERES;130786049;1;0;0;0;1;130783293;0;0;168;168;168;1;;;;2789;178;;;;;2967;1200;292;324;124;1590;1601;342;527;1391;210;;;;;;;;;;;;;;;;
SMURSAMU;2020;130045008;APHM ANTENNE SMUR D'ENDOUME;130786049;1;0;0;0;1;130783293;0;0;168;168;168;1;;;;1417;161;;;;;1578;1009;149;73;;787;764;126;269;756;8;;;;;;;;;;;;;;;;
SMURSAMU;2020;130045016;APHM ANTENNE SMUR DE MARIGNANE;130786049;1;0;0;0;1;130783293;0;0;84;84;84;;;1;;;;;224;4;;228;186;19;11;41;87;158;97;42;104;54;;;;;;;;;;;;;;;;
SMURSAMU;2020;130045040;APHM ANTENNE SMUR DE LAVERAN;130786049;1;0;0;0;1;130783293;0;0;140;140;140;2;;;;1255;198;;;;;1453;880;134;57;47;642;827;87;374;559;268;;;;;;;;;;;;;;;;
SMURSAMU;2020;130780521;APHM HOPITAL NORD;130786049;1;0;0;0;1;130783293;0;0;168;168;168;2;;;;1567;543;;;;;2110;1149;144;90;101;814;1040;160;446;827;213;;;;;;;;;;;;;;;;
SMURSAMU;2020;130783293;APHM HOPITAL LA TIMONE;130786049;1;1;0;0;0;;0;1;336;336;336;8;4;1;;1406;559;;92;376;;2433;1922;312;153;126;1331;1599;278;778;1475;124;789649;;711895;606747;627036;395255;129419;682;682;336;1680;0;0;;12396;0
SMURSAMU;2020;130804297;APHM HOPITAL LA TIMONE ENFANTS;130786049;1;0;0;1;0;;0;0;168;168;168;2;;1;;1392;468;175;;;;2035;90;4;19;8;59;161;161;;155;6;;;;;;;;;;;;;;;;
SMURSAMU;2020;140000027;CENTRE HOSPITALIER DE LISIEUX;140000035;1;1;0;0;0;;0;0;170;170;170;;2;;;418;10;;;;;428;90;85;2;3;;338;26;82;286;52;;;;;;;;;;;;;;;;
SMURSAMU;2020;140000209;CHU COTE DE NACRE - CAEN;140000100;1;1;0;1;0;;0;1;386;336;504;3;3;;;2276;1248;1005;9;15;;4553;487;325;10;53;1139;1700;114;268;1188;512;305862;0;260674;217161;156545;150433;61732;380;168;212;528;0;;;14153;0
SMURSAMU;2020;140000233;CENTRE HOSPITALIER DE FALAISE;140000118;1;1;0;0;0;;0;0;168;175;175;2;3;;;320;17;;;;;337;106;64;0;12;30;310;22;61;225;85;;;;;;;;;;;;;;;;
SMURSAMU;2020;140000373;CENTRE HOSPITALIER DE VIRE;140000159;1;1;0;0;0;;0;0;168;168;168;0;1;0;0;315;219;0;0;0;0;534;89;65;14;0;0;265;15;84;244;21;;;;;;;;;;;;;;;;
SMURSAMU;2020;140024886;CENTRE HOSPITALIER - AUNAY-BAYEUX;140000092;1;1;0;0;0;;0;0;168;168;168;;1;;;386;13;;;;;399;79;74;;5;;307;20;62;228;79;;;;;;;;;;;;;;;;
SMURSAMU;2020;140026410;CH COTE FLEURIE - SITE DE CRICQUEBOEUF;140026279;1;1;0;0;0;;0;0;168;168;168;;1;;;399;28;;;;;427;85;67;;23;;349;39;99;186;163;;;;;;;;;;;;;;;;
SMURSAMU;2020;150000032;CH DE SAINT-FLOUR;150780088;1;1;0;0;0;;0;0;168;168;0;0;2;0;0;404;72;0;0;0;0;476;211;57;4;35;106;320;32;109;255;65;;;;;;;;;;;;;;;;
SMURSAMU;2020;150000040;CH HENRI MONDOR;150780096;1;1;0;0;0;;0;1;253;253;253;2;2;1;0;1051;503;0;228;264;0;2046;492;114;9;168;211;909;29;178;816;93;81452;7706;73009;65330;51241;37352;8296;194;169;25;194;1;23;0;570;0
SMURSAMU;2020;150000164;CH DE MAURIAC;150780468;1;1;0;0;0;;0;0;48;35;35;;1;;;336;104;8;0;;;448;73;39;6;9;19;263;;;170;93;;;;;;;;;;;;;;;;
SMURSAMU;2020;160000253;CENTRE HOSPITALIER D'ANGOULEME;160000451;1;1;0;0;0;;0;1;336;336;336;3;3;0;0;1571;496;356;52;31;;2506;510;216;15;88;191;1080;70;256;1025;55;161340;15359;145981;127610;82673;70408;39992;284;168;116;356;0;1;0;159;0
SMURSAMU;2020;160000303;CH HOPITAUX SUD-CHARENTE - BARBEZIEUX;160006037;1;1;0;0;0;;0;0;168;168;168;1;1;;;324;2;;;;;326;82;37;22;;;247;;;132;115;;;;;;;;;;;;;;;;
SMURSAMU;2020;160000311;CENTRE HOSPITALIER CONFOLENS;160000485;1;1;0;0;0;;0;0;168;160;8;1;1;;;310;68;;;;;378;120;43;1;23;46;190;15;80;94;96;;;;;;;;;;;;;;;;
SMURSAMU;2020;160000337;CENTRE HOSPITALIER DE RUFFEC;160000493;1;1;0;0;0;;0;0;168;184;168;1;0;0;0;495;2;1;0;0;0;498;106;65;0;4;0;383;28;91;154;229;;;;;;;;;;;;;;;;
SMURSAMU;2020;160015368;CHI DU PAYS DE COGNAC;160014411;1;1;0;0;0;;0;0;168;168;168;1;1;;;422;3;;10;3;;438;146;63;1;63;19;306;24;108;195;111;;;;;;;;;;;;;;;;
SMURSAMU;2020;170000038;CENTRE HOSPITALIER JONZAC;170780050;1;1;0;0;0;;0;0;168;168;168;;2;;;491;22;;;;;513;184;67;3;23;91;271;15;49;131;140;;;;;;;;;;;;;;;;
SMURSAMU;2020;170000087;HOPITAL SAINT-LOUIS - LA ROCHELLE;170024194;1;1;1;0;0;;0;1;359;359;359;3;3;;;1458;499;;142;132;8;2239;748;244;4;118;409;913;80;113;849;64;289853;19379;259849;224285;175562;146987;77336;449;227;222;766;0;2;;2138;0
SMURSAMU;2020;170000095;CENTRE HOSPITALIER ST-JEAN D'ANGELY;170780167;1;1;0;0;0;170000095;0;0;168;168;168;;1;;;353;9;0;;0;0;362;113;58;3;27;25;246;17;38;147;99;;;;;;;;;;;;;;;;
SMURSAMU;2020;170000103;CTRE HOSP. DE SAINTONGE - SAINTES;170780175;1;1;0;0;0;;0;0;336;336;336;2;1;;;805;775;0;18;6;0;1604;291;85;76;;130;514;100;48;479;35;;;;;;;;;;;;;;;;
SMURSAMU;2020;170000129;CENTRE HOSPITALIER ROYAN;170780191;1;1;0;0;0;;0;0;168;168;168;;2;;;703;15;;;;;718;340;111;2;44;185;350;;;260;90;;;;;;;;;;;;;;;;
SMURSAMU;2020;170000152;CENTRE HOSPITALIER ROCHEFORT;170780225;1;1;0;0;0;;0;0;168;168;168;;2;;;829;;;;;;829;561;108;1;30;422;671;57;147;475;196;;;;;;;;;;;;;;;;
SMURSAMU;2020;170024590;CH ROCHEFORT - SITE ST PIERRE OLERON;170780225;1;0;0;0;1;170780225;1;0;168;168;168;;1;;;181;;;;;;181;184;8;0;33;143;113;35;18;98;15;;;;;;;;;;;;;;;;
SMURSAMU;2020;180000010;CH BOURGES - JACQUES COEUR;180000028;1;1;0;0;0;;0;1;222;301;273;3;1;;;1593;397;203;;;;2193;491;183;15;96;191;921;75;137;911;10;;;;;103532;90280;11704;200;168;32;420;0;1;;1102;1
SMURSAMU;2020;180000200;CH DE VIERZON;180000051;1;1;0;0;0;;0;0;168;168;0;;2;;;560;46;;;;;606;223;91;5;41;86;423;20;118;365;58;;;;;;;;;;;;;;;;
SMURSAMU;2020;180000283;CH SAINT AMAND-MONTROND;180000069;1;1;0;0;0;;0;0;168;172;;;;;;589;23;;;;;612;249;100;5;39;107;346;10;63;263;83;;;;;;;;;;;;;;;;
SMURSAMU;2020;190000018;CENTRE HOSPITALIER DUBOIS BRIVE;190000042;1;1;0;0;0;;0;0;336;168;336;2;3;0;0;1054;330;;10;65;;1459;220;;;36;184;865;52;259;865;;;;;;;;;;;;;;;;;
SMURSAMU;2020;190000026;CENTRE HOSPITALIER COEUR DE CORREZE;190000059;1;1;0;0;0;;0;1;168;168;168;1;2;0;0;957;217;;;0;;1174;511;82;30;399;0;446;37;69;349;97;117465;0;108637;;74477;56007;24450;272;180;92;420;0;11;0;1920;1
SMURSAMU;2020;190010892;CH TULLE - ANTENNE SMUR USSEL;190000059;1;0;0;0;1;190000059;0;0;168;168;168;0;2;0;0;391;135;;;;;526;66;46;0;20;0;321;0;0;250;71;;;;;;;;;;;;;;;;
SMURSAMU;2020;210987558;HOPITAL LE BOCAGE CHRU DIJON;210780581;1;1;0;1;0;;0;1;587;630;504;5;5;1;0;3391;868;388;111;483;0;5241;1425;370;38;389;628;2340;185;420;1932;408;402704;33081;353214;309691;226290;174075;55046;733;418;315;905;0;0;0;6649;0
SMURSAMU;2020;210987657;HOSPICES CIVILS DE BEAUNE;210012175;1;1;0;0;0;;0;0;168;168;168;1;2;;;821;13;;;;;834;181;110;;71;;623;40;148;497;126;;;;;;;;;;;;;;;;
SMURSAMU;2020;210987665;CH HCO SITE DE CHATILLON SUR SEINE;210012142;1;1;0;0;0;;0;0;168;168;168;;1;;;271;0;;;;;271;70;56;;14;;201;;;136;65;;;;;;;;;;;;;;;;
SMURSAMU;2020;210987699;CENTRE HOSPITALIER ROBERT MORLEVAT;210780706;1;1;0;0;0;;0;0;168;175;168;2;1;;;437;20;;;;;457;127;68;61;59;45;296;23;74;267;29;;;;;;;;;;;;;;;;
SMURSAMU;2020;220000012;CENTRE HOSPITALIER YVES LE FOLL;220000020;1;1;0;0;0;220000020;0;1;336;220;381;3;3;1;0;1649;694;238;291;219;0;3091;877;206;8;45;588;1000;15;23;104;896;229282;2441;219513;200117;110865;99456;61395;369;168;201;635;1;29;26;1483;0
SMURSAMU;2020;220000095;CTRE HOSPITALIER DINAN;220000046;1;1;0;0;0;;0;0;168;168;168;1;1;0;0;677;28;3;0;0;;708;;87;0;3;;;36;89;;;;;;;;;;;;;;;;;;
SMURSAMU;2020;220000343;CENTRE HOSPITALIER GUINGAMP;220000079;1;1;0;0;0;;0;0;9;9;9;0;1;0;0;413;1;0;0;0;0;414;94;84;1;8;1;331;9;;225;106;;;;;;;;;;;;;;;;
SMURSAMU;2020;220000368;CENTRE HOSPITALIER LANNION;220000103;1;1;0;0;0;;0;0;168;168;86;;1;;;604;4;;;;;608;250;74;12;;164;354;8;55;296;58;;;;;;;;;;;;;;;;
SMURSAMU;2020;220000541;CENTRE HOSPITALIER PAIMPOL;220000152;1;1;0;0;0;;0;0;168;168;168;;1;;;295;18;;;;;313;79;60;2;17;;230;15;62;155;75;;;;;;;;;;;;;;;;
SMURSAMU;2020;230000820;CENTRE HOSPITALIER GUERET;230780041;1;1;0;0;0;;0;1;168;168;0;1;3;0;0;843;298;54;0;0;0;1195;230;120;4;13;93;471;;;348;123;41856;;;;41856;33646;1823;212;168;44;252;1;2;0;896;0
SMURSAMU;2020;240000372;C.H DE BERGERAC;240000059;1;1;0;0;0;;0;0;165;178;177;;2;;;567;118;;;;;685;127;95;4;28;243;185;8;28;117;68;;;;;;;;;;;;;;;;
SMURSAMU;2020;240000489;CENTRE HOSPITALIER DE PERIGUEUX;240000117;1;1;0;0;0;;0;1;504;336;336;2;2;1;;1509;674;10;220;199;0;2612;779;278;10;38;450;1671;97;221;1435;236;178173;14520;157012;135712;119517;92785;40229;254;168;86;528;0;13;0;1041;0
SMURSAMU;2020;240000687;CENTRE HOSPITALIER SARLAT;240000448;1;1;0;0;0;;0;0;168;168;168;0;2;1;0;403;13;;;;;416;97;70;1;26;0;293;12;63;225;68;;;;;;;;;;;;;;;;
SMURSAMU;2020;250000700;CHI HC SITE RIVES DU DOUBS PONTARLIER;250000452;1;1;0;0;0;;0;0;168;168;168;;2;;;904;143;;;;;1047;373;84;2;9;278;531;86;171;434;97;;;;;;;;;;;;;;;;
SMURSAMU;2020;250006954;CHRU JEAN MINJOZ;250000015;1;1;0;0;0;;0;1;504;504;504;2;4;1;0;3472;573;;657;724;;5426;1630;325;50;287;968;3592;374;608;3127;465;607727;0;552757;471220;379375;253483;92791;728;420;308;1446;1;12;0;10696;0
SMURSAMU;2020;260000013;CH DE VALENCE;260000021;1;1;0;0;0;;0;1;336;336;336;2;2;1;0;1357;661;126;258;396;;2798;315;261;5;33;27;1310;94;150;796;144;324185;;295412;268073;149885;119908;59962;372;168;204;522;0;21;;1175;0
SMURSAMU;2020;260000120;HOPITAUX DROME NORD - ROMANS-SUR-ISERE;260016910;1;1;0;0;0;;0;0;168;168;168;;2;;;901;33;;12;0;;946;;;;;;;;;;;;;;;;;;;;;;;;;;
SMURSAMU;2020;260000138;CH PORTES PROVENCE MONTELIMAR;260000047;1;1;0;0;0;;0;0;168;168;168;1;1;0;0;923;60;0;0;0;0;983;377;147;5;34;169;508;47;93;418;90;;;;;;;;;;;;;;;;
SMURSAMU;2020;270000045;CH BERNAY;270000060;1;1;0;0;0;;0;0;168;168;105;;1;;;592;40;;;;;632;;;;;;;;;;;;;;;;;;;;;;;;;;
SMURSAMU;2020;270000359;CH EVREUX CH EURE-SEINE;270023724;1;1;0;0;0;;0;1;336;168;336;1;3;1;;1563;945;;4;12;;2524;261;169;11;56;644;1324;147;166;1034;290;252834;;239327;182239;108452;102457;1;252;252;192;528;1;0;;1042;0
SMURSAMU;2020;270000367;CH GISORS;270000086;1;1;0;0;0;;0;0;168;168;168;0;1;0;0;747;49;;;;;796;312;92;6;57;173;420;33;96;188;232;;;;;;;;;;;;;;;;
SMURSAMU;2020;270000425;CH PONT-AUDEMER;270000102;1;1;0;0;0;;0;0;168;168;168;;1;;;710;;;;;;710;117;78;4;35;;598;;;202;396;;;;;;;;;;;;;;;;
SMURSAMU;2020;270000441;CH VERNEUIL-SUR-AVRE;270000110;1;1;0;0;0;;0;0;168;168;168;;2;;;424;24;;;7;;455;228;68;1;16;139;210;12;31;69;141;;;;;;;;;;;;;;;;
SMURSAMU;2020;270000458;CH VERNON CH EURE-SEINE;270023724;1;1;0;0;0;;0;0;168;168;168;;1;;;839;;;;;;839;279;85;7;50;282;703;74;121;;703;;;;;;;;;;;;;;;;
SMURSAMU;2020;280000084;CH DREUX;280000183;1;1;0;0;0;;0;1;252;336;168;1;3;1;;1196;237;38;91;376;;1938;640;224;6;93;400;647;37;107;414;233;229801;1727;163613;141757;112648;94924;23738;433;358;75;430;0;0;0;2586;0
SMURSAMU;2020;280000662;CH CHATEAUDUN;280500075;1;1;0;0;0;;0;0;40;40;40;;1;;;674;6;0;0;0;0;680;187;111;2;80;203;302;6;60;138;164;;;;;;;;;;;;;;;;
SMURSAMU;2020;280502998;CH NOGENT LE ROTROU - NOUVEL HÔPITAL;280000589;1;1;0;0;0;;0;0;168;168;0;0;1;0;0;550;7;0;0;0;0;557;315;106;10;19;91;235;13;47;112;123;;;;;;;;;;;;;;;;
SMURSAMU;2020;280504267;CH CHARTRES LOUIS PASTEUR-LE COUDRAY;280000134;1;1;0;0;0;;0;0;336;336;168;3;1;0;0;1502;303;0;0;1;0;1806;842;304;11;29;527;1188;92;178;1111;77;;;;;;;;;;;;;;;;
SMURSAMU;2020;290000025;CHIC QUIMPER;290020700;1;1;0;0;0;;0;0;168;168;168;1;1;;;1275;168;12;22;1;0;1478;416;87;63;40;223;1093;95;148;893;200;;;;;;;;;;;;;;;;
SMURSAMU;2020;290000033;C.H. DES PAYS DE MORLAIX;290021542;1;1;0;0;0;;0;0;168;168;168;1;1;;;1128;184;;4;2;;1318;534;106;5;71;342;598;44;90;404;194;;;;;;;;;;;;;;;;
SMURSAMU;2020;290000066;CHIC SITE DE CONCARNEAU;290020700;1;0;0;0;1;290020700;0;0;168;168;168;;1;;;821;107;2;11;3;;944;411;71;40;21;279;698;60;108;32;666;;;;;;;;;;;;;;;;
SMURSAMU;2020;290000256;CHRU BREST SITE HOPITAL DE CARHAIX;290000017;1;1;0;0;0;290000017;0;0;168;168;168;1;1;;;547;106;;;;;653;;63;8;26;;565;30;127;268;297;;;;;;;;;;;;;;;;
SMURSAMU;2020;290000785;ETABLISSEMENT DE SOINS HOTEL DIEU;220020739;1;1;0;0;0;;0;0;168;168;168;1;1;1;;573;103;0;10;0;;686;64;44;3;17;;517;;;280;237;;;;;;;;;;;;;;;;
SMURSAMU;2020;290000934;GHBS - HOPITAL LA VILLENEUVE;560005746;1;1;0;0;0;;0;0;170;168;168;;1;;;748;156;0;12;1;0;917;350;91;3;31;197;451;43;101;233;218;;;;;;;;;;;;;;;;
SMURSAMU;2020;290004324;CHRU BREST SITE HOPITAL CAVALE BLANCHE;290000017;1;1;0;0;0;290000017;0;1;465;578;410;2;3;1;0;3225;1179;548;534;199;39;5724;1556;244;23;147;1142;2242;435;436;1970;272;340553;3949;333293;306696;209309;178881;76491;313;168;145;801;0;4;0;2138;0
SMURSAMU;2020;290029982;SMUR SITE CH DOUARNENEZ - CHIC;290020700;1;0;0;0;1;290020700;0;0;84;168;168;;1;;;294;108;13;11;8;;434;136;19;9;8;100;268;20;42;89;179;;;;;;;;;;;;;;;;
SMURSAMU;2020;2A0000022;CH ND LA MISERICORDE;2A0000014;1;1;0;0;0;;0;1;336;336;588;3;4;1;0;2091;979;36;348;871;;4325;219;108;2;76;33;2253;302;1204;2240;13;74427;2355;67341;64001;72313;67774;19818;217;168;49;336;1;4;1;697;0
SMURSAMU;2020;2A0003125;ANTENNE DU SMUR SARTENE;2A0000014;1;0;0;0;1;2A0000014;0;0;168;168;168;0;1;0;0;258;2;0;0;0;0;260;38;21;0;13;4;224;23;61;205;19;;;;;;;;;;;;;;;;
SMURSAMU;2020;2A0003133;ANTENNE DU SMUR PORTO VECCHIO;2A0000014;1;0;0;0;1;2A0000014;0;0;168;168;168;1;1;0;0;540;232;0;0;0;0;772;86;23;4;40;18;469;33;51;32;437;;;;;;;;;;;;;;;;
SMURSAMU;2020;2A0003141;ANTENNE DU SMUR BONIFACIO;2A0000014;1;0;0;0;1;2A0000014;0;0;168;168;168;0;1;0;0;190;39;0;0;0;0;229;27;9;1;12;3;169;23;39;49;120;;;;;;;;;;;;;;;;
SMURSAMU;2020;2B0000012;CENTRE HOSPITALIER DE BASTIA;2B0000020;1;1;0;0;0;;0;1;504;336;588;2;2;2;0;1918;1124;0;458;506;0;4006;683;188;173;258;;2903;;;2903;;0;0;0;0;44552;44000;12797;260;168;92;420;1;3;0;3166;0
SMURSAMU;2020;2B0003420;ANTENNE SMUR DE CALVI;2B0000020;1;0;0;0;1;2B0000020;0;0;168;168;168;0;1;0;0;392;38;0;0;0;0;430;0;0;0;0;0;0;0;0;0;0;;;;;;;;;;;;;;;;
SMURSAMU;2020;2B0004907;ANTENNE SMUR DE CORTE;2B0000020;1;0;0;0;1;2B0000020;0;0;168;168;168;0;1;0;0;239;76;0;0;0;0;315;0;0;0;0;0;0;0;0;0;0;;;;;;;;;;;;;;;;
SMURSAMU;2020;2B0005409;ANTENNE SMUR GHISONACCIA;2B0000020;1;0;0;0;1;2B0000020;0;0;168;168;168;0;1;0;0;889;2;;;;;891;;;;;;;;;;;;;;;;;;;;;;;;;;
SMURSAMU;2020;300000023;CH ALES CEVENNES;300780046;1;1;0;0;0;;0;0;168;168;0;;2;;;1528;19;0;0;0;0;1547;813;192;11;146;348;1179;71;248;893;286;;;;;;;;;;;;;;;;
SMURSAMU;2020;300000031;CH LOUIS PASTEUR;300780053;1;1;0;0;0;;0;0;188;168;0;0;1;0;0;820;0;0;0;0;0;820;55;101;13;42;;935;29;122;761;174;;;;;;;;;;;;;;;;
SMURSAMU;2020;300782117;CHU NIMES CAREMEAU;300780038;1;1;0;0;0;;0;1;504;435;583;4;3;1;;3717;876;404;171;293;;5461;595;257;17;321;;3199;218;571;3072;127;426705;50655;264807;195150;227548;197101;61179;354;218;136;1082;0;19;;1976;0
SMURSAMU;2020;310000310;CH COMMINGES PYRENEES SITE PLANCARD;310780671;1;1;0;0;0;;0;0;168;168;168;1;1;;;788;151;132;;;;1071;334;105;3;53;291;335;9;83;177;158;;;;;;;;;;;;;;;;
SMURSAMU;2020;310016977;HOPITAUX MERE & ENFANTS SITE VIGUIER;310781406;1;0;0;1;0;;0;0;168;168;;1;1;;;424;619;153;40;154;0;1390;191;4;0;102;124;279;192;;;87;;;;;;;;;;;;;;;;
SMURSAMU;2020;310783048;HOPITAL PURPAN CHU TLSE;310781406;1;1;0;0;0;;0;1;136;840;840;3;5;2;0;9541;1355;1016;898;288;0;13098;6360;846;39;2646;3237;4081;190;740;1231;2850;633488;61086;518126;439384;295402;287774;84138;876;526;350;1337;1;89;;6142;0
SMURSAMU;2020;320000086;CH AUCH EN GASCOGNE;320780117;1;1;0;0;0;;0;1;168;168;168;1;3;0;0;1044;84;0;0;0;0;1128;0;0;0;0;0;0;0;0;0;0;103432;0;103432;103432;42669;40451;13916;168;0;0;168;1;10;0;2551;1
SMURSAMU;2020;320004922;CENTRE HOSPIT D'AUCH - ANTENNE CONDOM;320780117;1;0;0;0;1;320780117;0;0;;;;1;;;;451;66;;;;;517;237;49;4;40;144;169;10;36;41;128;;;;;;;;;;;;;;;;
SMURSAMU;2020;330000555;CENTRE HOSPITALIER D'ARCACHON;330781204;1;1;0;0;0;;0;0;168;168;168;;1;;;799;;;8;;;807;161;104;57;;;646;33;142;468;178;;;;;;;;;;;;;;;;
SMURSAMU;2020;330000571;CH DE LA HAUTE GIRONDE;330781220;1;1;0;0;0;;0;0;168;168;168;;1;;;556;7;;;;;563;96;63;32;96;64;458;27;67;263;195;;;;;;;;;;;;;;;;
SMURSAMU;2020;330000589;CH SUD GIRONDE - SITE LANGON;330027509;1;1;0;0;0;;0;0;168;168;168;;1;;;804;;;;;;804;121;87;0;31;3;683;38;137;449;234;;;;;;;;;;;;;;;;
SMURSAMU;2020;330000605;CTRE HOSPIT.R.BOULIN-LIBOURNE;330781253;1;1;0;0;0;330000605;0;0;168;168;168;1;1;0;0;1132;51;;;;;1183;462;118;1;28;277;670;39;105;617;53;;;;;;;;;;;;;;;;
SMURSAMU;2020;330058355;CH LIBOURNE- ANTENNE STE-FOY-LA-GRANDE;330781253;1;0;0;0;1;330781253;0;0;168;168;168;0;1;0;0;362;41;;;;;403;170;50;1;11;108;191;10;39;127;64;;;;;;;;;;;;;;;;
SMURSAMU;2020;330780495;CLINIQUE MUTUALISTE DU MEDOC;330796392;1;1;0;0;0;;0;0;168;168;168;;5;;;575;;;;;;575;;;1;19;120;422;;;422;;;;;;;;;;;;;;;;;
SMURSAMU;2020;330780537;HOPITAL PRIVE WALLERSTEIN;330000324;1;1;0;0;0;;0;0;168;168;168;1;1;0;0;520;0;0;0;0;0;520;223;71;24;13;115;297;10;254;206;91;;;;;;;;;;;;;;;;
SMURSAMU;2020;330781360;GROUPE HOSPITALIER PELLEGRIN - CHU;330781196;1;1;0;1;0;;0;1;773;588;588;7;5;1;;6425;2741;0;328;328;;9822;3042;586;90;284;2082;3558;1312;1299;1579;1979;591660;;553640;393084;389526;353517;173051;678;336;342;1497;0;0;0;15660;0
SMURSAMU;2020;340000033;CH BEZIERS;340780055;1;1;0;0;0;;0;0;336;336;336;1;2;;;2281;148;323;0;0;0;2752;460;279;6;118;1097;1735;87;346;1446;289;;;;;;;;;;;;;;;;
SMURSAMU;2020;340000223;HOPITAL ST CLAIR HBT SETE;340011295;1;1;0;0;0;;0;0;168;168;0;;;;;949;;;;;;949;618;103;11;64;440;771;58;174;593;178;;;;;;;;;;;;;;;;
SMURSAMU;2020;340022763;CHU MTP SMUR ANTENNE LUNEL;340780477;1;0;0;0;1;340780477;0;0;168;168;168;;1;;;1429;19;1;0;0;0;1449;984;77;6;105;515;458;26;76;0;0;;;;;;;;;;;;;;;;
SMURSAMU;2020;340022771;CHU MTP SMUR ANTENNE GANGES;340780477;1;0;0;0;1;340780477;0;0;168;168;168;;1;;;644;14;0;0;0;0;658;456;22;0;36;174;192;8;39;;;;;;;;;;;;;;;;;;
SMURSAMU;2020;340025279;CHU MTP PF TELEPHONE SAMU VAILHAUQUES;340780477;0;;;;;;;1;;;;;;;;;;;;;;;;;;;;;;;;;511647;;459028;301834;294125;247532;84196;336;336;92;958;0;10;;820;1
SMURSAMU;2020;340027739;CHU MTP SMUR ANTENNE CLERMONT HERAULT;340780477;1;0;0;0;1;340780477;0;0;72;72;72;;1;;;530;0;1;0;0;0;531;344;26;2;37;224;122;11;14;;;;;;;;;;;;;;;;;;
SMURSAMU;2020;340780436;HOPITAL ST LOUP HBT AGDE;340011295;1;0;0;0;1;340011295;0;0;168;168;0;;;;;1062;;;;;;1062;684;106;13;43;522;900;57;166;501;399;;;;;;;;;;;;;;;;
SMURSAMU;2020;340785161;HOPITAL LAPEYRONIE CHU MONTPELLIER;340780477;1;1;0;1;0;;0;0;504;504;1008;6;3;1;0;3972;2562;1117;302;502;0;8455;1924;241;28;296;864;2426;167;390;1417;1009;;;;;;;;;;;;;;;;
SMURSAMU;2020;350000147;CENTRE HOSPITALIER SAINT-MALO;350000022;1;1;0;0;0;;0;0;168;168;168;2;0;0;0;1168;8;0;0;0;0;1176;498;105;138;;255;998;31;110;976;22;;;;;;;;;;;;;;;;
SMURSAMU;2020;350000154;C.H FOUGERES;350000030;1;1;0;0;0;;0;0;168;168;168;1;;;;585;6;0;15;7;0;613;175;59;14;11;91;429;29;93;318;111;;;;;;;;;;;;;;;;
SMURSAMU;2020;350000162;CHIRC SITE REDON;350000048;1;1;0;0;0;;0;0;168;168;168;;2;;;634;12;;;;;646;107;55;2;17;33;558;36;76;447;111;;;;;;;;;;;;;;;;
SMURSAMU;2020;350000188;CENTRE HOSPITALIER VITRE;350000055;1;1;0;0;0;;0;0;168;168;168;;1;;;518;7;;;;;525;216;46;4;19;147;321;37;77;218;103;;;;;;;;;;;;;;;;
SMURSAMU;2020;350000741;CHRU RENNES SITE PONTCHAILLOU;350005179;1;1;0;0;0;;0;1;448;420;588;4;4;1;;4352;1408;349;175;298;0;6582;1712;555;23;419;7;6242;616;807;3528;2714;364998;29893;335105;301007;195378;187435;83571;752;406;346;967;0;0;0;1450;0
SMURSAMU;2020;360000137;CH CHATEAUROUX;360000053;1;1;0;0;0;360000137;0;1;336;336;336;3;3;1;0;1306;650;282;148;363;0;2749;355;165;7;81;36;951;75;164;865;86;205587;24097;178234;171258;136379;98319;18929;220;168;52;420;0;27;0;573;0
SMURSAMU;2020;360008056;CH CHATEAUROUX - ANTENNE DU BLANC;360000053;1;0;0;0;1;360000053;0;0;168;168;0;;1;;;156;;;;;;156;33;21;0;10;2;125;3;25;100;25;;;;;;;;;;;;;;;;
SMURSAMU;2020;360008072;CH CHATEAUROUX - ANTENNE CH ISSOUDUN;360000053;1;0;0;0;1;360000053;0;0;70;70;;;1;;;130;;;;;;130;33;18;11;9;4;97;3;21;65;32;;;;;;;;;;;;;;;;
SMURSAMU;2020;370000531;CH DU CHINONAIS;370000606;1;1;0;0;0;;0;0;168;168;0;0;1;0;0;434;17;5;0;0;0;456;128;48;0;14;13;287;28;79;169;118;;;;;;;;;;;;;;;;
SMURSAMU;2020;370000861;CHRU BRETONNEAU - TOURS;370000481;1;0;0;1;0;;0;0;168;168;0;1;;;;0;436;0;0;144;;580;;;;;;;;;;;;;;;;;;;;;;;;;;
SMURSAMU;2020;370000879;CHIC - AMBOISE- HÔPITAL ROBERT DEBRÉ;370000564;1;1;0;0;0;;0;0;168;168;;2;;;;422;13;;;;;435;150;71;;8;71;279;;;88;191;;;;;;;;;;;;;;;;
SMURSAMU;2020;370004467;CHRU TROUSSEAU - CHAMBRAY;370000481;1;1;0;0;0;;0;1;336;336;336;5;3;1;;1395;556;348;104;155;;2558;611;211;10;52;338;972;40;124;841;131;271909;;271909;;121102;114791;6311;280;228;52;696;0;0;;2096;1
SMURSAMU;2020;370013393;CHRU DE TOURS - ANTENNE DE LOCHES;370000481;1;0;0;0;1;370000481;0;0;168;168;0;;1;;;293;22;;;;;315;120;48;4;10;58;184;2;34;98;86;;;;;;;;;;;;;;;;
SMURSAMU;2020;370013401;CHRU DE TOURS - ANTENNE CL L'ALLIANCE;370000481;1;0;0;0;1;370000481;0;0;168;168;126;;1;;;1084;234;0;36;50;;1404;446;129;5;40;272;714;34;110;199;515;;;;;;;;;;;;;;;;
SMURSAMU;2020;380000034;CH PIERRE OUDOT BOURGOIN JALLIEU;380780049;1;1;0;0;0;;0;0;218;268;281;3;;;;1584;165;;;;;1749;;;;;;;;;;;;;;;;;;;;;;;;;;
SMURSAMU;2020;380000067;HOPITAL NORD - CHU38;380780080;1;1;0;0;0;;0;1;397;374;504;7;4;1;;4929;1805;296;214;313;;7557;1593;327;174;148;888;2281;143;432;1473;808;594109;;;;324620;277739;107938;633;285;248;1650;1;40;;4327;0
SMURSAMU;2020;380000174;CH LUCIEN HUSSEL DE VIENNE;380781435;1;1;0;0;0;;0;0;168;168;168;1;1;0;0;1157;61;0;0;0;0;1218;203;146;4;41;2;1015;80;190;661;354;;;;;;;;;;;;;;;;
SMURSAMU;2020;380000406;HOPITAL DE VOIRON;380780080;1;1;0;0;0;;0;0;168;168;168;1;1;;;1273;111;;;;;1384;419;151;1;77;190;926;36;249;539;387;;;;;;;;;;;;;;;;
SMURSAMU;2020;380019752;ANTENNE SMUR AERODROME VERSOUD - CHU38;380780080;1;0;0;0;1;380780080;0;0;74;63;0;;;1;;143;0;;637;41;;821;;;;;;;;;;;;;;;;;;;;;;;;;;
SMURSAMU;2020;380019760;ANTENNE SMUR ALPES D'HUEZ - CHU38;380780080;1;0;0;0;1;380780080;1;0;13;0;0;;;1;;24;2;;336;;;362;;;;;;;;;;;;;;;;;;;;;;;;;;
SMURSAMU;2020;390000040;CH LONS;390780146;1;1;0;0;0;;0;0;168;336;336;1;3;0;0;1118;54;85;0;0;0;1257;;;;;;;;;;;;;;;;;;;;;;;;;;
SMURSAMU;2020;390000065;CH LOUIS JAILLON SAINT CLAUDE;390780161;1;1;0;0;0;;0;0;168;168;168;1;1;0;0;343;87;;;;;430;124;14;1;9;1;328;;;159;169;;;;;;;;;;;;;;;;
SMURSAMU;2020;390000214;CH JURA SUD SITE CHAMPAGNOLE;390780146;1;1;0;0;0;;0;0;168;168;168;1;1;0;0;547;18;0;0;0;0;565;;;;;;;;;;;;;;;;;;;;;;;;;;
SMURSAMU;2020;390000222;CH LOUIS PASTEUR DOLE;390780609;1;1;0;0;0;;0;0;238;252;252;1;2;;;1072;127;0;;;;1199;666;104;11;80;428;526;67;253;246;280;;;;;;;;;;;;;;;;
SMURSAMU;2020;390005742;ANTENNE SMUR MOREZ - SIEGE CH JURA SUD;390780146;1;0;0;0;1;390780146;0;0;168;168;168;0;1;0;0;360;0;0;0;0;0;360;;;;;;;;;;;;;;;;;;;;;;;;;;
SMURSAMU;2020;400000105;CENTRE HOSPITALIER DAX;400780193;1;1;0;0;0;400780193;0;0;252;252;252;3;1;;;1229;184;;;1;;1414;439;126;19;80;214;790;92;61;537;253;;;;;;;;;;;;;;;;
SMURSAMU;2020;400000139;CHI MONT DE MARSAN ET PAYS DES SOURCES;400011177;1;1;0;0;0;;0;1;168;168;168;3;1;0;0;999;15;1;3;3;0;1021;579;154;8;275;142;423;31;53;397;26;284349;69820;204359;191938;108974;107598;33228;248;168;80;670;1;3;0;1269;0
SMURSAMU;2020;400011383;CH DAX - ANT. SAISON. SMUR - HOSSEGOR;400780193;1;0;0;0;1;400780193;1;0;168;168;0;;1;;;189;;;;;;189;102;6;3;94;57;97;6;14;44;53;;;;;;;;;;;;;;;;
SMURSAMU;2020;400011391;CH DAX - ANT. SAISON. SMUR - MIMIZAN;400780193;1;0;0;0;1;400780193;1;0;84;0;0;0;0;1;0;0;;;69;;;69;40;1;1;35;14;33;3;;17;16;;;;;;;;;;;;;;;;
SMURSAMU;2020;400012506;CH MDM - ANT. SAISON. SMUR-BISCARROSSE;400011177;1;0;0;0;1;400011177;1;0;28;0;0;0;1;0;0;239;0;0;0;0;0;239;219;5;2;40;172;20;3;0;0;20;;;;;;;;;;;;;;;;
SMURSAMU;2020;400012514;CH MDM - ANTENNE SMUR - LABOUHEYRE;400011177;1;0;0;0;1;400011177;0;0;84;84;84;1;0;0;0;266;93;0;1;0;0;360;209;28;3;39;139;57;3;8;42;15;;;;;;;;;;;;;;;;
SMURSAMU;2020;400012522;CH MDM - ANTENNE SMUR - AIRE-SUR-ADOUR;400011177;1;0;0;0;1;400011177;0;0;168;168;168;1;0;0;0;462;165;0;0;1;0;628;354;33;5;69;247;99;3;6;77;22;;;;;;;;;;;;;;;;
SMURSAMU;2020;410000020;CH BLOIS SIMONE VEIL;410000087;1;1;0;0;0;;0;1;336;336;168;2;3;1;0;999;569;55;178;318;;2119;859;225;22;68;544;1260;65;146;757;503;;;;;152394;96635;16963;648;596;52;425;0;0;0;1345;0
SMURSAMU;2020;410000038;CH VENDOME - MONTOIRE;410000095;1;1;0;0;0;;0;0;168;168;168;;2;;;658;68;;;;;726;217;111;4;35;63;336;17;60;224;112;;;;;;;;;;;;;;;;
SMURSAMU;2020;410000046;CH ROMORANTIN-LANTHENAY;410000103;1;1;0;0;0;;0;0;168;168;168;0;2;0;0;601;104;0;0;4;0;709;289;98;6;16;169;312;23;58;136;176;;;;;;;;;;;;;;;;
SMURSAMU;2020;420000010;CH DE ROANNE;420780033;1;1;0;0;0;;0;1;164;336;336;1;2;0;0;1031;909;12;47;129;;2128;333;162;1;56;114;698;111;151;483;215;77059;1779;73762;72395;57817;57817;14743;176;119;57;241;0;0;0;185;0
SMURSAMU;2020;420000226;CH DU FOREZ SITE DE MONTBRISON;420013831;1;1;0;0;0;;0;0;20;30;0;0;1;0;0;341;5;0;0;0;0;346;64;47;0;14;3;275;0;0;244;31;;;;;;;;;;;;;;;;
SMURSAMU;2020;420000267;CH DU FOREZ SITE DE FEURS;420013831;1;1;0;0;0;;0;0;168;168;0;0;2;0;0;306;32;0;0;0;0;338;116;55;2;10;49;186;10;31;130;56;;;;;;;;;;;;;;;;
SMURSAMU;2020;420785354;HOPITAL NORD - CHU42;420784878;1;1;0;0;0;;0;1;504;504;420;4;5;1;0;2415;1285;19;443;451;0;4613;602;231;5;5;255;2244;200;288;1783;461;316093;5338;286379;274911;173571;164614;93109;384;168;216;672;0;35;;335;0
SMURSAMU;2020;430000117;CH EMILE ROUX LE PUY;430000018;1;1;0;0;0;;0;1;268;252;0;0;3;;;991;423;;2;4;;1420;243;200;5;5;33;749;59;126;636;113;158004;0;158004;158004;106200;57478;48722;216;168;48;360;1;5;;329;0
SMURSAMU;2020;430000190;CH DE BRIOUDE;430000034;1;1;0;0;0;;0;0;168;168;0;0;1;0;0;290;187;0;0;0;0;477;68;58;1;9;0;222;19;52;133;89;;;;;;;;;;;;;;;;
SMURSAMU;2020;440000016;CH DE SAINT NAZAIRE;440000057;1;1;0;0;0;;0;0;336;336;336;0;3;0;0;1128;59;;;;;1187;;;;;;;;;;;;;;;;;;;;;;;;;;
SMURSAMU;2020;440000271;CHU DE NANTES SITE HOTEL DIEU HME;440000289;1;1;0;1;0;;0;1;406;504;504;3;5;;;2484;1403;388;170;449;;4894;;226;5;160;;3262;367;338;2136;1126;566064;51181;503794;458432;332255;251900;123509;805;332;333;986;1;0;;2312;0
SMURSAMU;2020;440000503;CH CNP SITE CHATEAUBRIANT;440000313;1;1;0;0;0;;0;0;168;168;168;;2;;;408;13;;;;;421;60;44;;16;126;233;22;35;141;92;;;;;;;;;;;;;;;;
SMURSAMU;2020;440053007;SMUR CHU NANTES SITE CH ANCENIS;440000289;1;0;0;0;1;440000289;0;0;31;31;31;;1;;;56;9;;;;;65;;7;4;;;66;4;12;24;42;;;;;;;;;;;;;;;;
SMURSAMU;2020;450000047;CH DEZARNAULDS - GIEN;450000096;1;1;0;0;0;;0;0;168;168;0;0;1;0;0;582;0;0;0;0;0;582;;;;;;;;;;;;;;;;;;;;;;;;;;
SMURSAMU;2020;450000062;CH AGGLOMERATION MONTARGOISE;450000104;1;1;0;0;0;;0;0;168;168;168;;2;;;1076;2;;;;;1078;376;98;6;64;208;883;41;278;830;53;;;;;;;;;;;;;;;;
SMURSAMU;2020;450000070;CH PITHIVIERS;450000112;1;1;0;0;0;;0;0;168;168;168;;2;;;535;7;;;;;542;227;51;11;41;124;210;27;135;70;140;;;;;;;;;;;;;;;;
SMURSAMU;2020;450002613;CHR ORLÉANS - HÔPITAL DE LA SOURCE;450000088;1;1;0;1;0;450000088;0;1;504;504;504;3;6;1;0;2572;656;111;153;504;0;3996;1376;223;13;169;921;1417;122;227;1179;238;320049;0;251994;193723;169581;140516;22443;388;336;52;552;1;0;0;3709;0
SMURSAMU;2020;460000045;CH FIGEAC SITE MAQUISARDS;460780083;1;1;0;0;0;;0;0;39;35;35;0;1;0;0;249;16;1;;1;;267;108;45;0;18;45;131;12;30;105;26;;;;;;;;;;;;;;;;
SMURSAMU;2020;460000052;CH ST JACQUES ST CERE;460780091;1;1;0;0;0;;0;0;70;141;70;;;;;452;37;;;4;7;500;164;52;1;37;164;263;37;94;34;229;;;;;;;;;;;;;;;;
SMURSAMU;2020;460000102;CH JEAN COULON GOURDON;460780208;1;1;0;0;0;;0;0;28;29;0;;1;;;258;6;;;1;;265;173;44;;10;119;89;3;15;64;25;;;;;;;;;;;;;;;;
SMURSAMU;2020;460000110;CH JEAN ROUGIER CAHORS;460780216;1;1;0;0;0;;0;1;168;203;168;2;3;;;717;179;372;;;;1268;225;107;;54;69;480;34;60;433;47;84767;10770;73997;73997;47869;34517;13172;168;168;52;168;1;0;;780;0
SMURSAMU;2020;470000423;CH AGEN NERAC - HOPITAL SAINT-ESPRIT;470016171;1;1;0;0;0;470016171;0;1;336;168;228;2;2;;;990;614;21;;;;1625;303;147;2;40;143;658;63;240;330;328;190536;;155113;146024;144451;109480;47415;322;168;154;444;0;5;0;481;1
SMURSAMU;2020;470000431;CH VILLENEUVE -POLE SANTE VILLENEUVOIS;470000324;1;1;0;0;0;;0;0;168;168;168;0;1;0;0;682;4;0;0;0;0;686;135;96;1;30;8;504;29;92;400;104;;;;;;;;;;;;;;;;
SMURSAMU;2020;470000480;CENTRE HOSPITALIER DE MARMANDE - CHIC;470001660;1;1;0;0;0;;0;0;168;168;168;1;1;;;656;;;;;;656;;;;;;;30;100;;;;;;;;;;;;;;;;;;
SMURSAMU;2020;470016205;CH AGEN NERAC - ANTENNE SMUR DE NERAC;470016171;1;0;0;0;1;470016171;0;0;168;168;0;;1;;;405;;;;;;405;172;36;;33;144;192;20;152;73;119;;;;;;;;;;;;;;;;
SMURSAMU;2020;480000017;HOPITAL LOZERE SITE VALLEE DU LOT;480780097;1;1;0;0;0;;0;1;168;168;168;3;2;1;0;829;67;0;186;180;0;1262;481;81;55;63;0;243;56;109;154;89;59635;3759;55876;43506;53376;22345;0;168;168;0;252;1;35;0;212;0
SMURSAMU;2020;490000049;CHR ANGERS SITE LARREY;490000031;1;1;0;0;0;;0;1;336;420;420;3;3;1;0;2253;1901;556;197;239;0;5146;763;256;6;57;444;2171;204;339;1781;390;301287;5341;281689;242651;168745;155156;77781;490;265;225;604;1;0;0;2838;0
SMURSAMU;2020;490000635;CH DE CHOLET;490000676;1;1;0;0;0;;0;0;168;168;0;;2;;;1045;63;;;;;1108;552;131;0;60;361;493;32;82;345;148;;;;;;;;;;;;;;;;
SMURSAMU;2020;490001765;CH DE SAUMUR;490528452;1;1;0;0;0;;0;0;168;168;168;;1;;;720;23;;;;;743;232;75;1;33;123;596;32;115;356;240;;;;;;;;;;;;;;;;
SMURSAMU;2020;500000021;CHAG - SITE AVRANCHES;500000054;1;1;0;0;0;;0;0;168;168;168;1;1;1;;439;164;;1;3;;607;207;91;;14;76;261;20;94;218;43;;;;;;;;;;;;;;;;
SMURSAMU;2020;500000187;CHPC - SITE CHERBOURG;500000013;1;1;0;0;0;;0;0;168;168;168;;2;;;631;34;10;8;3;0;686;181;113;2;13;53;506;50;135;453;53;;;;;;;;;;;;;;;;
SMURSAMU;2020;500000260;CHAG - SITE GRANVILLE;500000054;1;1;0;0;0;;0;0;168;168;168;;1;1;1;316;137;;11;3;1;468;124;75;1;9;39;198;10;47;146;52;;;;;;;;;;;;;;;;
SMURSAMU;2020;500000427;CH DE SAINT HILAIRE DU HARCOUET;500000096;1;1;0;0;0;;0;0;39;35;0;;1;;;266;41;;;;;307;145;50;0;8;87;119;9;33;25;94;;;;;;;;;;;;;;;;
SMURSAMU;2020;500000450;CH MEMORIAL - SAINT-LO;500000112;1;1;0;0;0;;0;1;168;462;0;;2;;;529;217;143;38;7;;934;159;113;20;;95;417;18;73;338;79;206309;;179026;158956;111590;106834;27391;168;168;104;439;0;0;;2469;0
SMURSAMU;2020;500000468;CHPC - SITE VALOGNES;500000013;1;1;0;0;0;;0;0;168;168;168;;2;;;479;135;0;18;6;0;638;222;102;1;17;102;373;36;124;286;87;;;;;;;;;;;;;;;;
SMURSAMU;2020;500000591;CENTRE HOSPITALIER DE COUTANCES;500000393;1;1;0;0;0;;0;0;168;168;;;;;;439;204;1;37;12;;693;179;91;9;;79;200;8;34;143;57;;;;;;;;;;;;;;;;
SMURSAMU;2020;510000169;CENTRE HOSPITALIER DE CHALONS;510000037;1;1;0;0;0;;0;0;35;42;49;1;1;;;638;55;1;;;;694;190;79;5;37;66;427;24;82;338;89;;;;;;;;;;;;;;;;
SMURSAMU;2020;510000235;CENTRE HOSPITALIER D'EPERNAY;510000060;1;1;0;0;0;;0;0;168;168;168;1;1;;;460;85;;;;;545;218;75;;42;78;327;28;139;176;151;;;;;;;;;;;;;;;;
SMURSAMU;2020;510000250;CENTRE HOSPITALIER VITRY LE FRANCOIS;510000078;1;1;0;0;0;;0;0;168;168;168;;1;;;410;73;;;;;483;106;59;3;44;0;280;36;108;194;86;;;;;;;;;;;;;;;;
SMURSAMU;2020;510004302;HOPITAL MAISON BLANCHE CHU REIMS;510000029;1;1;0;1;0;;0;1;504;504;420;;2;;0;1710;994;0;64;282;0;3050;748;289;8;132;310;1103;69;198;859;244;228779;18207;204542;190171;106181;100930;30051;296;168;128;444;0;0;0;1650;0
SMURSAMU;2020;510023914;ANTENNE DE SMUR - CH CHALONS;510000037;1;0;0;0;1;510000037;0;0;168;168;168;1;;;;141;26;0;;;;167;49;14;0;12;23;107;3;24;69;38;;;;;;;;;;;;;;;;
SMURSAMU;2020;510023922;ANTENNE DE SMUR - GHAM;100006279;1;0;0;0;1;100000199;0;0;168;168;84;;1;;;313;13;;;;;326;;;;;;;;;;;;;;;;;;;;;;;;;;
SMURSAMU;2020;520000027;CENTRE HOSPITALIER DE CHAUMONT;520780032;1;1;0;0;0;;0;1;262;262;326;1;2;0;0;770;618;119;1;0;0;1508;366;119;7;66;224;472;36;93;389;83;109321;8441;93662;87094;47510;42470;2666;168;168;;252;0;0;0;626;1
SMURSAMU;2020;520000043;CENTRE HOSPITALIER DE LANGRES;520780057;1;1;0;0;0;;0;0;96;252;195;;;;;481;12;;;;;493;339;28;;25;286;154;9;27;101;53;;;;;;;;;;;;;;;;
SMURSAMU;2020;520000068;CH GENEVIEVE DE GAULLE ANTHONIOZ;520780073;1;1;0;0;0;;0;0;168;168;168;;2;;;776;21;0;;;;797;489;114;116;191;322;560;64;98;521;39;;;;;;;;;;;;;;;;
SMURSAMU;2020;530000017;CH HAUT ANJOU SITE CHATEAU GONTIER;530000025;1;1;0;0;0;;0;0;168;168;0;0;1;0;0;578;27;25;;;;630;202;62;4;19;117;375;43;140;190;185;;;;;;;;;;;;;;;;
SMURSAMU;2020;530000173;CENTRE HOSPITALIER NORD MAYENNE;530000074;1;1;0;0;0;;0;0;168;168;0;0;0;0;0;498;18;0;0;0;0;516;189;66;12;14;270;409;39;114;270;139;;;;;;;;;;;;;;;;
SMURSAMU;2020;530000264;CENTRE HOSPITALIER DE LAVAL;530000371;1;1;0;0;0;;0;1;336;221;220;2;2;0;0;1035;244;232;7;17;0;1535;391;123;2;24;242;624;77;118;554;70;152963;0;0;;143397;98293;52449;276;160;108;444;1;0;0;468;0
SMURSAMU;2020;540000015;CHRU NANCY - MATERNITE;540023264;1;0;0;1;0;;0;0;168;63;0;;;;;;389;218;2;32;;641;;;;;;;;;;;;;;;;;;;;;;;;;;
SMURSAMU;2020;540000023;CENTRE HOSPITALIER SAINT CHARLES TOUL;540000049;1;1;0;0;0;;0;0;168;168;168;;1;;;443;29;;;;;472;126;49;3;15;59;264;;;;;;;;;;;;;;;;;;;;
SMURSAMU;2020;540000155;CENTRE HOSPITALIER DE LUNEVILLE;540000080;1;1;0;0;0;;0;0;168;168;168;;1;;;476;33;;;;;509;212;35;;16;161;239;15;41;107;132;;;;;;;;;;;;;;;;
SMURSAMU;2020;540000296;CENTRE HOSPITALIER DE PONT A MOUSSON;540000106;1;1;0;0;0;;0;0;168;168;168;1;;;;387;26;;;;;413;;;;;;;;;;;;;;;;;;;;;;;;;;
SMURSAMU;2020;540001070;CH DE BRIEY - HOPITAL MAILLOT;540000767;1;1;0;0;0;;0;0;220;180;180;1;1;0;0;545;95;0;4;1;0;645;119;76;7;36;0;426;22;86;261;165;;;;;;;;;;;;;;;;
SMURSAMU;2020;540001096;CH DE MT ST MARTIN (GROUPE SOS SANTE);570010181;1;1;0;0;0;;0;0;168;168;168;0;1;0;0;717;154;44;6;23;0;944;144;95;3;33;213;309;60;172;205;104;;;;;;;;;;;;;;;;
SMURSAMU;2020;540001138;CHRU NANCY - HOPITAL CENTRAL;540023264;1;1;0;0;0;;0;1;336;504;504;2;4;1;0;2311;886;1061;102;432;0;4792;356;229;19;61;32;2224;125;491;1703;521;297282;2870;283679;268117;163087;134995;23891;412;336;76;764;1;0;0;4083;0
SMURSAMU;2020;540002698;CHRU NANCY - HOPITAUX DE BRABOIS;540023264;1;0;0;1;0;;0;0;170;168;0;;;;;0;23;372;18;43;0;456;0;0;0;0;0;0;0;0;0;0;;;;;;;;;;;;;;;;
SMURSAMU;2020;550000012;CH VERDUN/ST MIHIEL-HOP ST NICOLAS;550006795;1;1;0;0;0;;0;1;168;168;168;0;2;0;0;715;72;100;0;0;;887;321;77;3;7;234;539;44;103;471;68;91681;3958;86678;83866;50965;38986;5690;188;168;10;336;1;14;0;2634;0
SMURSAMU;2020;550000434;CENTRE HOSPITALIER DE BAR-LE-DUC;550003354;1;1;0;0;0;;0;0;168;168;168;0;2;0;;456;172;0;;;;628;190;78;9;8;95;451;9;63;213;238;;;;;;;;;;;;;;;;
SMURSAMU;2020;560000127;CHBA SITE DE VANNES;560023210;1;1;0;0;0;;0;1;406;168;504;2;2;1;0;1231;344;379;138;35;0;2127;365;177;0;41;358;832;49;114;754;78;269402;;252473;210335;215532;144294;68504;168;168;73;681;1;13;0;2741;0
SMURSAMU;2020;560000135;GHBS- HÔPITAL DU SCORFF;560005746;1;1;0;0;0;;0;0;170;168;168;;1;;;1048;54;0;107;19;2;1230;152;122;3;11;4;943;56;137;892;51;;;;;;;;;;;;;;;;
SMURSAMU;2020;560000143;CHCB- SITE KÉRIO;560014748;1;1;0;0;0;;0;0;252;252;252;1;2;;;708;70;;11;1;;790;295;111;4;17;158;537;40;142;392;145;;;;;;;;;;;;;;;;
SMURSAMU;2020;560000192;CENTRE HOSPITALIER DE PLOERMEL;560000044;1;1;0;0;0;;0;0;168;168;168;;1;;;512;20;0;3;0;0;535;236;64;2;18;152;430;30;80;274;156;;;;;;;;;;;;;;;;
SMURSAMU;2020;560000200;CHBA SITE D'AURAY;560023210;1;1;0;0;0;;0;0;168;168;168;0;1;0;0;963;1;0;6;1;0;971;386;111;0;53;371;442;19;73;6;436;;;;;;;;;;;;;;;;
SMURSAMU;2020;570000059;CH MARIE-MADELEINE DE FORBACH;570025254;1;1;0;0;0;;0;0;252;252;336;1;1;0;0;1220;614;;;;;1834;721;159;20;57;485;465;37;210;239;226;;;;;;;;;;;;;;;;
SMURSAMU;2020;570000117;CH SAINT-NICOLAS DE SARREBOURG;570015099;1;1;0;0;0;;0;0;168;168;168;1;1;0;0;437;189;0;;;;626;102;79;0;21;2;334;19;127;224;110;;;;;;;;;;;;;;;;
SMURSAMU;2020;570000349;HOPITAL BEL AIR DE THIONVILLE - CHR;570005165;1;1;0;0;0;;0;0;336;336;672;1;2;0;0;1578;147;930;0;0;0;2655;532;221;7;60;244;990;64;326;632;358;;;;;;;;;;;;;;;;
SMURSAMU;2020;570000661;HOPITAL SAINT JOSEPH DE BITCHE;570000158;1;0;0;0;1;570000158;0;0;168;168;168;1;1;;;221;48;0;;;;269;109;31;3;6;69;112;6;20;64;48;;;;;;;;;;;;;;;;
SMURSAMU;2020;570000901;HOPITAL ROBERT PAX DE SARREGUEMINES;570000158;1;1;0;0;0;;0;0;168;168;168;1;2;;;448;171;0;;;;619;170;75;2;14;79;278;12;42;188;90;;;;;;;;;;;;;;;;
SMURSAMU;2020;570026682;HOPITAL DE MERCY - CHR METZ THIONVILLE;570005165;1;1;0;0;0;;0;1;336;336;504;1;2;0;0;2114;234;165;0;0;0;2513;1078;299;7;51;721;1036;94;371;852;184;551074;58486;442432;363963;274987;197723;35922;600;504;96;924;1;0;0;12711;0
SMURSAMU;2020;580006336;CH AUTUN ANTENNE SMUR CHATEAU CHINON;710781451;1;0;0;0;1;;0;0;;;;;;;;;;;;;;;;;;;;;;;;;;;;;;;;;;;;;;;;
SMURSAMU;2020;580972669;CH CLAMECY;580780070;1;1;0;0;0;;0;0;168;168;168;;1;;;425;2;;;;;427;199;74;5;17;86;223;16;60;152;71;;;;;;;;;;;;;;;;
SMURSAMU;2020;580972677;CH COSNE COURS SUR LOIRE;580780088;1;1;0;0;0;;0;0;168;168;168;0;1;0;0;526;55;0;0;0;0;581;135;75;0;56;167;486;;;201;268;;;;;;;;;;;;;;;;
SMURSAMU;2020;580972685;CH DECIZE;580780096;1;1;0;0;0;;0;0;168;168;168;;1;;;387;57;;;;;444;229;57;3;13;152;293;17;116;213;80;;;;;;;;;;;;;;;;
SMURSAMU;2020;580972693;HOPITAL PIERRE BEREGOVOY;580780039;1;1;0;0;0;;0;0;336;168;252;3;2;1;0;1423;492;79;;;;1994;;;;;;;;;;;;;;;;;;;;;;;;;;
SMURSAMU;2020;590000337;CH DUNKERQUE;590781415;1;1;0;0;0;;0;0;336;336;336;1;3;;;2667;326;0;0;0;0;2993;1579;256;23;154;982;1225;;;1113;112;;;;;;;;;;;;;;;;
SMURSAMU;2020;590000428;CH CAMBRAI;590781605;1;1;0;0;0;;0;0;168;168;168;;;;;1722;56;;;;;1778;923;171;11;250;491;1287;;;862;425;;;;;;;;;;;;;;;;
SMURSAMU;2020;590000469;CH FOURMIES;590781662;1;1;0;0;0;;0;0;168;168;168;0;2;0;0;603;15;0;0;0;0;618;190;49;3;21;117;464;35;117;206;106;;;;;;;;;;;;;;;;
SMURSAMU;2020;590000535;CH SAMBRE AVESNOIS MAUBEUGE;590781803;1;1;0;0;0;;0;0;336;385;391;1;2;;;2130;427;12;;;;2569;675;163;27;163;322;1193;82;366;992;201;;;;;;;;;;;;;;;;
SMURSAMU;2020;590000618;CH VALENCIENNES;590782215;1;1;0;0;0;;0;0;336;336;336;1;3;;;4063;967;;;;;5030;891;406;269;;;3192;274;906;2227;965;;;;;;;;;;;;;;;;
SMURSAMU;2020;590000758;CH ARMENTIERES;590782637;1;1;0;0;0;;0;0;168;168;168;;2;;;1537;144;;;;;1681;670;146;9;46;469;905;;;453;452;;;;;;;;;;;;;;;;
SMURSAMU;2020;590001004;CH DOUAI DECHY;590783239;1;1;0;0;0;;0;0;48;52;52;;3;;;2345;151;;;;;2496;;209;12;;;;;;1093;401;;;;;;;;;;;;;;;;
SMURSAMU;2020;590796975;HOP SALENGRO - HOPITAL B CHR LILLE;590780193;1;1;0;1;0;;0;1;804;826;791;9;10;1;0;6555;4539;;73;442;0;11609;3559;722;166;507;2164;5504;419;1034;3112;2392;1072960;34414;1006959;904223;545404;545404;190964;995;630;365;1999;1;0;0;10179;0
SMURSAMU;2020;590801106;HOPITAL VICTOR PROVO;590782421;1;1;0;0;0;;0;0;168;192;192;;;;;2135;98;;;;;2233;1007;158;11;121;628;1312;173;372;922;390;;;;;;;;;;;;;;;;
SMURSAMU;2020;590804696;HOPITAL GUY CHATILIEZ CH TOURCOING;590781902;1;1;0;0;0;;0;0;168;168;168;;2;;;2027;55;;;;;2082;934;139;7;133;587;1101;61;266;468;633;;;;;;;;;;;;;;;;
SMURSAMU;2020;600000053;CH GHPSO SENLIS;600101984;1;1;0;0;0;;0;0;168;168;168;1;1;;;1351;195;7;11;2;0;1566;802;137;18;98;483;616;33;116;472;144;;;;;;;;;;;;;;;;
SMURSAMU;2020;600000186;CH CLERMONT;600100648;1;1;0;0;0;;0;0;168;168;168;1;;;;1282;129;;;;;1411;;;;;;;;;;;;;;;;;;;;;;;;;;
SMURSAMU;2020;600000194;CH BEAUVAIS;600100713;1;1;0;0;0;;0;1;336;432;420;5;4;0;0;2472;233;532;;3;;3240;1085;269;25;113;666;2095;197;469;1844;251;412349;;;;173254;160958;44879;420;278;142;700;0;0;0;16186;0
SMURSAMU;2020;600000285;CH CHICN NOYON;600100721;1;1;0;0;0;;0;0;;;;1;;;;777;100;18;;;;895;;;;;;;;;;;;;;;;;;;;;;;;;;
SMURSAMU;2020;600000467;CH GHPSO CREIL;600101984;1;1;0;0;0;;0;0;202;146;264;2;;;;1052;115;15;2;1;;1185;609;99;9;85;396;468;34;83;399;69;;;;;;;;;;;;;;;;
SMURSAMU;2020;600113476;CH CHICN COMPIÈGNE;600100721;1;1;0;0;0;;0;0;;840;504;3;1;;;1599;410;;;;;2009;809;59;15;98;637;641;;;547;94;;;;;;;;;;;;;;;;
SMURSAMU;2020;610000044;CENTRE HOSPITALIER DE L'AIGLE;610780074;1;1;0;0;0;;0;0;168;96;168;;1;;;509;;;;;;509;292;89;2;41;159;387;39;76;295;92;;;;;;;;;;;;;;;;
SMURSAMU;2020;610000051;CHICAM - SITE ALENCON;610780082;1;1;0;0;0;;0;1;504;336;336;2;2;1;0;970;540;161;48;338;0;2057;478;116;9;97;245;777;80;147;647;130;191164;0;179855;172059;91283;91283;28188;276;168;108;432;0;0;;2149;
SMURSAMU;2020;610000069;CENTRE HOSPITALIER D'ARGENTAN;610780090;1;1;0;0;0;;0;0;168;168;168;3;2;;;502;15;5;6;0;0;528;119;84;12;11;12;425;;;373;52;;;;;;;;;;;;;;;;
SMURSAMU;2020;610000077;CH MARGUERITE DE LORRAINE-MORTAGNE;610780124;1;1;0;0;0;;0;0;168;168;168;0;1;0;0;384;7;;;;;391;224;68;2;28;126;167;14;36;57;110;;;;;;;;;;;;;;;;
SMURSAMU;2020;610000119;CH -JACQUES MONOD- - FLERS;610780165;1;1;0;0;0;;0;0;168;168;168;2;2;;;572;17;;;;;589;;;;;;;;;;;;;;;;;;;;;;;;;;
SMURSAMU;2020;610780108;CHIC DES ANDAINES - DOMFRONT;610790594;1;0;0;0;1;610790594;0;0;168;168;168;;1;;;248;6;;;;;254;95;43;3;6;97;196;18;37;1;195;;;;;;;;;;;;;;;;
SMURSAMU;2020;610780116;CHIC DES ANDAINES - LA FERTE MACE;610790594;1;1;0;0;0;;0;0;168;168;168;;1;;;308;29;;;;;337;87;53;1;17;32;240;18;47;120;120;;;;;;;;;;;;;;;;
SMURSAMU;2020;620000034;CH ARRAS;620100057;1;1;0;0;0;;0;1;504;525;525;4;4;1;0;3929;2817;268;126;411;0;7551;2227;359;44;423;1278;2233;;;1176;1057;894967;73163;771119;699745;332321;231634;87106;1347;1347;893;1720;1;1;;11624;0
SMURSAMU;2020;620000224;CH BETHUNE;620100651;1;1;0;0;0;;0;0;172;218;218;1;2;;;2446;72;343;;;;2861;1235;227;12;212;785;1910;148;372;858;1052;;;;;;;;;;;;;;;;
SMURSAMU;2020;620000257;CH LENS;620100685;1;1;0;0;0;;0;0;172;252;252;2;2;;;3431;78;650;;;;4159;2013;318;4;317;1855;1449;99;238;846;603;;;;;;;;;;;;;;;;
SMURSAMU;2020;620000323;CH CALAIS;620101337;1;1;0;0;0;;0;0;287;225;0;0;2;0;0;1701;81;0;;;;1782;716;175;12;73;456;985;156;326;692;293;;;;;;;;;;;;;;;;
SMURSAMU;2020;620000349;CH REGION DE ST OMER;620101360;1;1;0;0;0;;0;0;168;168;168;;2;;;741;46;14;;;;801;232;92;7;53;235;601;;;455;146;;;;;;;;;;;;;;;;
SMURSAMU;2020;620000653;CH BOULOGNE-SUR-MER;620103440;1;1;0;0;0;;0;0;168;168;168;;3;0;0;2091;68;193;0;0;0;2352;317;154;50;186;317;715;133;250;715;0;;;;;;;;;;;;;;;;
SMURSAMU;2020;620003202;CH ARRONDISSEMENT DE MONTREUIL;620103432;1;1;0;0;0;;0;0;168;168;168;;;;;1504;69;;;;;1573;;;;;;;;;;;;;;;;;;;;;;;;;;
SMURSAMU;2020;630000404;HOPITAL GABRIEL MONTPIED - CHU63;630780989;1;1;0;0;0;;0;1;504;504;564;3;2;2;0;3820;1856;27;714;490;0;6907;566;273;25;563;673;3316;220;443;2515;801;300373;28266;258339;219454;140015;136593;77122;505;218;287;612;0;8;0;2532;1
SMURSAMU;2020;630000412;CH D'AMBERT;630780997;1;1;0;0;0;;0;0;168;40;168;0;1;0;0;381;16;7;;;;404;218;48;1;46;123;60;10;50;28;32;;;;;;;;;;;;;;;;
SMURSAMU;2020;630000420;CH PAUL ARDIER ISSOIRE;630781003;1;1;0;0;0;;0;0;168;168;168;0;1;0;0;889;23;0;0;;;912;218;79;0;89;47;697;101;171;456;241;;;;;;;;;;;;;;;;
SMURSAMU;2020;630000438;CH DE RIOM;630781011;1;1;0;0;0;;0;0;168;168;168;0;2;0;0;1380;0;0;3;;;1383;580;104;19;296;129;801;;;363;438;;;;;;;;;;;;;;;;
SMURSAMU;2020;630000446;CH DE THIERS;630781029;1;1;0;0;0;;0;0;168;168;168;0;1;0;0;750;20;0;0;6;0;776;281;72;3;132;71;564;;;350;214;;;;;;;;;;;;;;;;
SMURSAMU;2020;640000162;CH DE LA COTE BASQUE - BAYONNE;640780417;1;1;0;1;0;;0;1;252;336;420;4;3;1;0;2852;339;318;309;129;3;3950;1028;362;25;217;388;2032;253;498;1726;306;247066;57289;189777;183240;96696;95332;33988;236;168;68;392;0;8;0;1939;0
SMURSAMU;2020;640000402;CENTRE HOSPITALIER D'ORTHEZ;640780813;1;1;0;0;0;;0;0;168;168;168;;1;;;584;5;;9;6;;604;591;61;15;45;260;209;9;38;91;118;;;;;;;;;;;;;;;;
SMURSAMU;2020;640000410;CENTRE HOSPITALIER OLORON;640780821;1;1;0;0;0;;0;0;168;168;168;;2;;;520;2;;;;;522;291;60;1;45;197;426;36;92;268;158;;;;;;;;;;;;;;;;
SMURSAMU;2020;640000600;CENTRE HOSPITALIER DE PAU;640781290;1;1;0;1;0;;0;1;336;336;336;2;4;0;0;2399;656;32;221;151;0;3459;928;220;10;145;541;2197;202;565;1724;473;525464;;504691;;114063;88815;28596;295;188;107;459;1;3;0;1384;0
SMURSAMU;2020;650000045;CH LOURDES;650780158;1;1;0;0;0;;0;0;168;168;168;;1;;;350;8;0;0;0;0;358;53;36;2;14;161;195;4;43;136;59;;;;;;;;;;;;;;;;
SMURSAMU;2020;650000417;CH BIGORRE SITE GESPE TARBES;650783160;1;1;0;0;0;;0;1;406;168;672;3;3;0;0;1684;707;0;531;6;0;2928;900;149;7;124;538;1250;88;203;980;270;113565;;113340;96059;72635;66472;16194;216;168;48;360;1;0;0;2204;0
SMURSAMU;2020;650005606;CENTRE HOSP BIGORRE - ANTENNE BAGNERES;650783160;1;0;0;0;1;650783160;0;0;168;168;168;;1;;;269;2;0;0;0;0;271;163;24;1;56;82;113;5;31;21;92;;;;;;;;;;;;;;;;
SMURSAMU;2020;650784218;CMC HOPITAUX DE LANNEMEZAN;650780174;1;1;0;0;0;;0;0;168;168;168;;1;;;387;1;0;;;;388;253;66;0;26;161;134;8;31;71;63;;;;;;;;;;;;;;;;
SMURSAMU;2020;660000084;CH PERPIGNAN;660780180;1;1;0;0;0;;0;0;504;336;336;1;7;1;0;3597;1101;53;481;215;17;5464;1411;425;25;20;941;2667;318;742;1845;822;;;;;;;;;;;;;;;;
SMURSAMU;2020;660008947;PLATE FORME SAMU SDIS 66;660780180;0;;;;;;;1;;;;;;;;;;;;;;;;;;;;;;;;;224485;22009;178698;155250;173575;134095;38681;284;168;116;840;0;15;;;
SMURSAMU;2020;660010117;CH PERPIGNAN ANTENNE SMUR CH PUIGCERDA;660780180;1;0;0;0;1;660780180;0;0;168;168;168;;1;;;286;39;0;0;0;0;325;91;22;;1;68;195;42;34;124;71;;;;;;;;;;;;;;;;
SMURSAMU;2020;670000025;HOPITAL CIVIL / NOUVEL HOPITAL CIVIL;670780055;1;1;0;0;0;;0;1;847;777;623;4;5;1;;8434;1158;406;542;249;;10789;4873;561;63;214;4035;3352;196;608;2927;425;641969;132674;483365;420628;239671;208437;53111;384;336;178;966;1;0;5;6625;0
SMURSAMU;2020;670000157;CENTRE HOSPITALIER DE HAGUENAU;670780337;1;1;0;0;0;;0;0;168;168;168;1;1;;;1682;210;;;;;1892;1056;125;11;120;800;626;37;138;527;99;;;;;;;;;;;;;;;;
SMURSAMU;2020;670000165;CH SAINTE-CATHERINE DE SAVERNE;670780345;1;1;0;0;0;;0;0;168;168;168;1;1;0;0;1296;189;;0;0;0;1485;725;58;55;3;489;571;;;314;257;;;;;;;;;;;;;;;;
SMURSAMU;2020;670000272;CH INTERCOMMUNAL DE LA LAUTER;670780543;1;1;0;0;0;;0;0;168;168;168;;1;;;726;106;0;0;0;0;832;416;64;49;41;265;311;16;80;162;149;;;;;;;;;;;;;;;;
SMURSAMU;2020;670000397;CENTRE HOSPITALIER DE SELESTAT;670017755;1;1;0;0;0;;0;0;172;172;172;1;1;0;0;1457;393;0;0;0;0;1850;822;91;1;22;628;561;41;116;285;276;;;;;;;;;;;;;;;;
SMURSAMU;2020;670783273;HOPITAL DE HAUTEPIERRE;670780055;1;0;0;1;0;;0;0;113;96;;;;;;;64;310;;;;374;;;;;;;;;;;;;;;;;;;;;;;;;;
SMURSAMU;2020;680000684;HOPITAL LOUIS PASTEUR;680000973;1;1;0;0;0;;0;0;336;336;336;1;2;;;2089;1138;;;38;;3265;1067;191;;127;749;1005;;;715;290;;;;;;;;;;;;;;;;
SMURSAMU;2020;680004546;HOPITAL EMILE MULLER;680020336;1;1;0;0;0;;0;1;174;504;504;1;3;1;;3773;797;325;346;414;;5655;1939;429;34;226;1250;2736;292;740;2516;220;405251;;330772;;218763;185882;49104;323;213;110;792;0;0;33;5588;0
SMURSAMU;2020;690000575;CH NORD OUEST - VILLEFRANCHE;690782222;1;1;0;0;0;;0;0;168;168;0;;3;;;1346;45;;;;;1391;215;142;;73;;1119;144;180;947;172;;;;;;;;;;;;;;;;
SMURSAMU;2020;690000625;CH DE TARARE;690782271;1;1;0;0;0;;0;0;80;168;0;;;;;463;76;;;;;539;;36;7;;;318;32;54;;306;;;;;;;;;;;;;;;;
SMURSAMU;2020;690041108;ANTENNE SMUR BRON - HCL;690781810;1;0;0;0;1;690781810;0;0;126;126;84;1;1;2;0;183;4;0;1026;484;0;1697;201;74;2;13;112;1008;101;153;756;252;;;;;;;;;;;;;;;;
SMURSAMU;2020;690783154;HOPITAL EDOUARD HERRIOT - HCL;690781810;1;1;0;0;0;;0;1;691;443;708;5;5;0;0;5213;2484;0;212;198;;8107;1836;598;8;180;1050;3589;540;431;2739;850;686861;;581458;505659;489646;431775;260007;1000;530;470;1680;1;0;0;2085;0
SMURSAMU;2020;690784137;HOPITAL LYON SUD - HCL;690781810;1;1;0;0;0;;0;0;336;168;336;2;1;0;0;2799;1145;0;27;43;0;4014;1018;231;6;166;615;1808;265;300;600;1208;;;;;;;;;;;;;;;;
SMURSAMU;2020;690784152;HOPITAL CROIX-ROUSSE - HCL;690781810;1;1;0;0;0;;0;0;84;84;84;0;1;0;0;1168;9;0;0;0;0;1177;464;122;5;65;272;704;181;192;519;185;;;;;;;;;;;;;;;;
SMURSAMU;2020;700000011;CH VAL DE SAONE PIERRE VITTER GRAY;700004591;1;1;0;0;0;;0;0;168;168;168;;1;;;494;67;0;7;13;0;581;236;62;11;26;137;396;38;115;223;173;;;;;;;;;;;;;;;;
SMURSAMU;2020;700000029;GH HAUTE SAONE SITE VESOUL;700004591;1;1;0;0;0;;0;0;168;168;168;;2;;;1032;46;;;;;1078;;;;;;;;;;;;;;;;;;;;;;;;;;
SMURSAMU;2020;700780208;GH HAUTE SAONE SITE LURE;700004591;1;1;0;0;0;;0;0;168;168;168;;1;;;392;0;0;0;0;0;392;;;;;;;36;70;;;;;;;;;;;;;;;;;;
SMURSAMU;2020;710010067;CH DU PAYS CHAROLAIS BRIONNAIS;710780644;1;1;0;0;0;;0;0;168;168;205;;2;;;554;16;35;;;;605;554;111;34;;;147;;;;147;;;;;;;;;;;;;;;;
SMURSAMU;2020;710010786;CH AUTUN SITE PARPAS;710781451;1;1;0;0;0;;0;0;168;168;168;;1;;;356;57;18;;;;431;177;61;3;15;92;276;20;86;228;48;;;;;;;;;;;;;;;;
SMURSAMU;2020;710978263;CH WILLIAM MOREY CHALON SUR SAONE;710780958;1;1;0;0;0;;0;1;376;376;376;3;4;1;;1298;572;;154;461;;2485;466;205;9;106;116;1176;107;180;811;365;281674;2879;266178;252821;157201;147954;43851;342;168;119;612;0;5;;3695;0
SMURSAMU;2020;710978289;CH LES CHANAUX MACON;710780263;1;1;0;0;0;;0;0;168;168;168;;2;;;1169;108;;;;;1277;222;131;3;78;;945;81;150;880;65;;;;;;;;;;;;;;;;
SMURSAMU;2020;710978313;CENTRE HOSPITALIER JEAN BOUVERI;710976705;1;1;0;0;0;;0;0;168;168;;0;1;0;0;511;2;0;0;0;0;513;115;72;0;19;24;406;36;108;;;;;;;;;;;;;;;;;;
SMURSAMU;2020;710978347;HOTEL DIEU DU CREUSOT;570010181;1;1;0;0;0;;0;0;168;182;0;0;1;0;0;413;7;0;0;0;0;420;185;62;0;31;92;325;27;75;266;59;;;;;;;;;;;;;;;;
SMURSAMU;2020;720000033;CENTRE HOSPITALIER DU MANS;720000025;1;1;0;0;0;;0;1;336;393;393;4;2;0;0;2259;492;221;0;0;0;2972;1191;376;4;47;764;1068;111;106;812;256;333406;23997;286524;214009;250326;173242;70010;359;258;141;650;1;0;0;1395;0
SMURSAMU;2020;720000470;CENTRE HOSPITALIER MAMERS;610780082;1;0;0;0;1;610780082;0;0;56;168;168;0;1;0;0;263;1;;;;;264;117;56;1;29;19;169;3;26;40;129;;;;;;;;;;;;;;;;
SMURSAMU;2020;720016179;POLE SANTE SARTHE ET LOIR;720016724;1;1;0;0;0;;0;0;11;168;84;;1;;;251;7;0;0;0;0;258;106;40;1;1;64;202;13;53;103;99;;;;;;;;;;;;;;;;
SMURSAMU;2020;730000031;CHMS CHAMBERY NH;730000015;1;1;0;0;0;;0;1;192;360;516;4;3;0;0;1753;469;744;81;79;0;3126;547;167;16;77;240;1287;134;241;1144;143;214424;3859;203704;185907;126978;119237;58740;438;242;196;708;0;85;0;1505;0
SMURSAMU;2020;730000080;CH DE SAINT JEAN DE MAURIENNE;730780103;1;1;0;0;0;;0;0;189;189;0;;;;;249;7;;;;;256;58;46;;12;;193;16;56;145;48;;;;;;;;;;;;;;;;
SMURSAMU;2020;730000098;CHMS AIX GRAND PORT;730000015;1;1;0;0;0;;0;0;168;168;168;1;1;;;795;305;0;5;3;1;1109;346;89;11;54;149;455;45;86;65;390;;;;;;;;;;;;;;;;
SMURSAMU;2020;730000247;CH DE BOURG ST MAURICE;730780525;1;1;0;0;0;;0;0;168;168;0;1;1;;;162;3;;;;;165;26;14;2;5;5;140;5;7;110;30;;;;;;;;;;;;;;;;
SMURSAMU;2020;730000262;CH D'ALBERTVILLE;730002839;1;1;0;0;0;;0;0;213;168;0;;1;;;339;6;;;;;345;122;63;8;7;46;216;26;65;141;75;;;;;;;;;;;;;;;;
SMURSAMU;2020;730010477;ANTENNE SMUR MODANE;730780103;1;0;0;0;1;730780103;0;0;168;0;0;;;;;86;1;0;422;20;0;529;47;26;0;18;3;472;52;27;224;248;;;;;;;;;;;;;;;;
SMURSAMU;2020;730012176;ANTENNE SMUR COURCHEVEL;730002839;1;0;0;0;1;730002839;1;0;46;;;;;2;;0;0;;464;14;;478;29;15;1;8;6;433;73;8;142;291;;;;;;;;;;;;;;;;
SMURSAMU;2020;730012440;ANTENNE SMUR MOUTIERS;730002839;1;0;0;0;1;730002839;0;0;168;168;0;;1;;;342;65;;;;;407;103;51;5;5;47;226;26;72;0;226;;;;;;;;;;;;;;;;
SMURSAMU;2020;740000237;CH ANNECY-GENEVOIS SITE ANNECY;740781133;1;1;0;0;0;;0;1;336;336;336;2;2;0;0;3188;723;7;16;6;0;3940;1520;347;0;615;558;1684;159;268;1640;44;370355;19282;351073;302136;206660;189988;91429;563;279;284;831;0;39;0;1719;1
SMURSAMU;2020;740000302;CH ANNECY-GENEVOIS SITE ST JULIEN EN G;740781133;1;1;0;0;0;;0;0;168;168;168;1;1;0;0;1081;66;;;;;1147;404;145;0;73;186;679;87;72;538;141;;;;;;;;;;;;;;;;
SMURSAMU;2020;740000328;HOPITAUX DU LEMAN;740790381;1;1;0;0;0;;0;0;168;168;0;;2;;;1237;28;;;;;1265;;;;;;;;;;;;;;;;;;;;;;;;;;
SMURSAMU;2020;740015581;ANTENNE SMUR MEYTHET;740781133;1;0;0;0;1;740781133;1;0;74;74;0;0;1;1;0;11;1;0;566;46;0;624;57;36;0;16;5;520;71;14;339;181;;;;;;;;;;;;;;;;
SMURSAMU;2020;740781141;CH ALPES LEMAN;740790258;1;1;0;0;0;;0;0;252;235;252;1;2;;;2058;292;;16;;;2366;887;269;289;;329;;;;;;;;;;;;;;;;;;;;;
SMURSAMU;2020;740781166;HOPITAUX DU MONT BLANC SITE CHAMONIX;740001839;1;0;0;0;1;740001839;0;0;182;82;0;0;1;0;0;132;3;;433;49;;617;43;23;20;;;522;;;346;176;;;;;;;;;;;;;;;;
SMURSAMU;2020;740781224;HOPITAUX DU MONT BLANC SITE SALLANCHES;740001839;1;1;0;0;0;;0;0;231;168;0;0;2;0;0;874;32;;;;;906;217;141;76;;;657;;;497;160;;;;;;;;;;;;;;;;
SMURSAMU;2020;750100018;HU PARIS CENTRE SITE HOTEL DIEU APHP;750712184;1;1;0;0;0;;0;0;168;170;168;1;0;0;0;1938;203;0;0;0;0;2141;1083;123;11;86;823;855;27;161;798;57;;;;;;;;;;;;;;;;
SMURSAMU;2020;750100042;HU SAINT LOUIS SITE LARIBOISIERE APHP;750712184;1;1;0;0;0;;0;0;160;160;160;1;0;0;0;2339;144;0;0;0;0;2483;1555;179;15;157;971;790;26;125;386;404;;;;;;;;;;;;;;;;
SMURSAMU;2020;750100125;HU PITIE SALPETRIERE APHP;750712184;1;1;0;0;0;;0;0;168;252;168;;;;;3823;406;;;;;4229;;;;;;;;;;;;;;;;;;;;;;;;;;
SMURSAMU;2020;750100208;HU NECKER ENFANTS MALADES APHP;750712184;1;1;0;1;0;;0;1;1058;1008;812;6;4;0;0;5267;2633;600;3;2;0;8505;3650;408;29;373;1995;1972;255;390;214;1758;849440;182110;591850;367714;448831;282082;70424;840;560;280;1067;0;0;0;0;1
SMURSAMU;2020;750803454;HU ROBERT DEBRE APHP;750712184;1;0;0;1;0;;0;0;229;169;169;2;0;0;0;503;631;0;6;0;0;1140;223;7;0;75;141;280;280;0;155;125;;;;;;;;;;;;;;;;
SMURSAMU;2020;760000018;CH DIEPPE;760780023;1;1;0;0;0;;0;0;168;177;175;;;;;965;8;28;;;;1001;717;179;235;56;247;524;32;88;455;69;;;;;;;;;;;;;;;;
SMURSAMU;2020;760000158;HOPITAL CHARLES NICOLLE CHU ROUEN;760780239;1;1;0;0;0;;0;1;491;520;720;4;4;1;;4482;1734;542;132;257;0;7147;2213;561;19;185;1448;3864;366;635;3146;718;404567;1069;401227;369509;217008;212947;57136;336;330;101;700;1;0;;3783;0
SMURSAMU;2020;760000364;CHI DU PAYS DES HAUTES FALAISES FECAMP;760780734;1;1;0;0;0;;0;0;168;175;172;;1;;;1057;;;;;;1057;156;100;;56;;901;;;627;274;;;;;;;;;;;;;;;;
SMURSAMU;2020;760000372;CH LILLEBONNE CHI CAUX VALLEE DE SEINE;760780742;1;1;0;0;0;;0;0;168;168;168;;3;;;956;;;;;;956;404;98;0;78;228;749;76;186;384;365;;;;;;;;;;;;;;;;
SMURSAMU;2020;760000463;CH LES FEUGRAIS CHI ELBEUF;760024042;1;1;0;0;0;;0;0;216;196;196;;2;;;1240;96;;;;;1336;250;148;5;97;990;990;125;146;715;275;;;;;;;;;;;;;;;;
SMURSAMU;2020;760026252;ANTENNE DE SMUR EU CH DIEPPE;760780023;1;0;0;0;1;760780023;0;0;168;177;0;;;;;619;24;2;;;;645;495;125;163;38;169;312;23;57;203;109;;;;;;;;;;;;;;;;
SMURSAMU;2020;760805770;HOPITAL JACQUES MONOD CH LE HAVRE;760780726;1;1;0;0;0;;0;1;487;504;504;5;4;1;1;4263;1105;42;103;223;2;5738;1110;313;42;558;399;3294;252;667;2495;799;285472;33034;241737;184944;151285;147849;73397;336;168;168;448;1;0;0;1500;0
SMURSAMU;2020;770000131;CH DE COULOMMIERS;770021145;1;1;0;0;0;;0;0;168;168;168;1;1;;;887;0;0;20;0;0;907;402;118;3;57;224;485;0;0;225;260;;;;;;;;;;;;;;;;
SMURSAMU;2020;770000149;CH DE FONTAINEBLEAU;770021152;1;1;0;0;0;;0;0;168;168;168;;1;;;959;;;;;;959;9;92;12;103;279;473;61;204;247;226;;;;;;;;;;;;;;;;
SMURSAMU;2020;770000156;CH DE MELUN SITE SANTEPOLE;770110054;1;1;0;0;0;;0;1;406;406;406;3;3;;;3566;1152;;136;98;;4952;;325;21;218;840;3230;492;825;1588;1642;529196;22894;455991;206089;266882;241202;102676;636;336;300;1092;1;28;;6450;0
SMURSAMU;2020;770000164;CH SUD SEINE ET MARNE SITE MONTEREAU;770021152;1;1;0;0;0;;0;0;168;168;168;;1;;;735;;;;;;735;;87;6;67;149;407;20;101;219;188;;;;;;;;;;;;;;;;
SMURSAMU;2020;770000172;CH DE PROVINS LEON BINET;770110070;1;1;0;0;0;;0;0;336;336;336;3;1;;;908;299;0;0;6;;1213;370;112;8;36;214;538;45;112;306;232;;;;;;;;;;;;;;;;
SMURSAMU;2020;770000214;CH DE NEMOURS;770021152;1;1;0;0;0;;0;0;168;168;168;2;;;;605;;60;;11;;676;;76;1;66;192;467;38;200;317;150;;;;;;;;;;;;;;;;
SMURSAMU;2020;770000446;CH DE MEAUX SITE SAINT FARON;770021145;1;1;0;0;0;;0;0;337;337;337;2;2;;;2250;559;0;0;59;0;2868;1166;198;10;177;781;1864;57;153;1334;530;;;;;;;;;;;;;;;;
SMURSAMU;2020;770019032;GHEF MARNE LA VALLEE SITE JOSSIGNY;770021145;1;1;0;0;0;;0;0;336;336;336;3;3;;;3141;658;0;16;13;0;3828;1366;181;22;163;1007;1604;239;620;1428;176;;;;;;;;;;;;;;;;
SMURSAMU;2020;780000287;CH FRANCOIS QUESNAY MANTES;780110011;1;1;0;0;0;;0;0;;;;1;1;;;745;17;;;;;762;;;;;;;;;;;;;;;;;;;;;;;;;;
SMURSAMU;2020;780000311;CHI POISSY ST GERMAIN SITE DE POISSY;780001236;1;1;0;0;0;;0;0;504;504;504;2;6;;;3884;1030;0;6;3;0;4923;2167;549;13;388;1169;3890;139;342;1501;2389;;;;;;;;;;;;;;;;
SMURSAMU;2020;780000329;CH DE RAMBOUILLET;780110052;1;1;0;0;0;;0;0;168;168;168;;1;;;698;35;0;6;0;0;739;271;106;4;56;153;427;21;87;219;208;;;;;;;;;;;;;;;;
SMURSAMU;2020;780800256;CH DE VERSAILLES SITE ANDRE MIGNOT;780110078;1;1;0;0;0;;0;1;811;524;743;4;5;2;0;3988;1503;0;2;7;0;5500;1685;416;19;404;846;2305;244;424;1185;1120;850573;51321;685390;529426;657704;267274;61625;931;479;227;1506;0;0;0;1416;0
SMURSAMU;2020;790000087;CENTRE HOSPITALIER DE NIORT;790000012;1;1;0;0;0;;0;1;336;252;336;2;2;0;0;2259;1781;17;41;122;0;4220;500;325;9;150;2;1690;115;266;1536;154;173135;;158250;141198;114051;106147;31238;276;168;108;444;0;6;0;1095;0
SMURSAMU;2020;790000103;SITE HOSPITALIER DE PARTHENAY;790006654;1;0;0;0;1;790006654;0;0;168;168;168;;1;;;125;11;;;;;136;67;15;3;17;32;65;3;19;26;39;;;;;;;;;;;;;;;;
SMURSAMU;2020;790003537;SITE HOSPITALIER DE THOUARS;790006654;1;0;0;0;1;790006654;0;0;168;168;168;;1;;;130;6;;;;;136;60;21;9;2;28;72;5;15;48;24;;;;;;;;;;;;;;;;
SMURSAMU;2020;790019848;SITE HOSPITALIER FAYE L'ABBESSE;790006654;1;1;0;0;0;;0;0;168;168;168;1;1;;;1230;215;;;;;1445;673;175;13;172;313;611;38;152;441;170;;;;;;;;;;;;;;;;
SMURSAMU;2020;800000143;CH ABBEVILLE;800000028;1;1;0;0;0;;0;0;336;336;336;1;3;;;1727;162;44;;;;1933;728;149;10;79;437;1036;67;198;814;222;;;;;;;;;;;;;;;;
SMURSAMU;2020;800000226;CH DOULLENS;800000069;1;1;0;0;0;;0;0;168;168;168;1;1;;;672;0;;;;;672;380;57;32;6;285;264;15;49;42;222;;;;;;;;;;;;;;;;
SMURSAMU;2020;800000390;CH CHIMR MONTDIDIER;800000085;1;1;0;0;0;;0;0;168;168;168;1;1;0;0;817;0;0;0;0;0;817;566;77;0;67;422;276;22;46;59;217;;;;;;;;;;;;;;;;
SMURSAMU;2020;800000432;CH PÉRONNE;800000093;1;1;0;0;0;;0;0;168;117;158;1;1;;;856;0;0;;;;856;113;70;10;70;223;;;;;;;;;;;;;;;;;;;;;
SMURSAMU;2020;800006124;CHU AMIENS SUD;800000044;1;1;0;1;0;;0;1;779;756;756;4;3;1;0;3261;1127;967;335;628;0;6318;1355;247;42;163;808;2402;323;330;2129;273;382624;60522;315221;303949;145363;130489;51589;325;225;110;574;0;0;0;4045;
SMURSAMU;2020;810000505;CH ALBI;810000331;1;1;0;0;0;;0;1;238;252;336;3;2;;;1197;318;245;;;;1760;652;149;2;87;414;544;27;104;260;284;153466;1661;150910;129162;152264;77199;35444;326;168;158;383;1;0;0;4604;0
SMURSAMU;2020;810000521;CHIC CASTRES MAZAMET SITE AUTAN;810000380;1;1;0;0;0;;0;0;504;336;336;1;3;;;1087;346;;;;;1433;;;;;;;;;;;;;;;;;;;;;;;;;;
SMURSAMU;2020;810000562;CH LAVAUR;810000455;1;1;0;0;0;;0;0;168;168;168;0;1;0;0;405;32;0;0;0;0;437;211;45;2;34;131;193;21;98;67;126;;;;;;;;;;;;;;;;
SMURSAMU;2020;820000032;CH DE MONTAUBAN;820000016;1;1;0;0;0;;0;1;266;252;252;1;2;0;0;1151;452;166;0;0;0;1769;497;163;5;25;271;667;32;98;277;390;169665;10192;155544;146568;88684;73799;20392;239;168;71;421;1;0;0;3872;1
SMURSAMU;2020;820000883;CHI CASTELSARRASIN MOISSAC SITE MOISSA;820004950;1;1;0;0;0;;0;0;168;175;175;;2;;;431;27;;;;;458;210;76;0;8;118;227;9;33;38;189;;;;;;;;;;;;;;;;
SMURSAMU;2020;830000279;CH JEAN MARCEL DE BRIGNOLES;830100517;1;1;0;0;0;;0;0;168;168;168;1;1;;;1067;13;236;;;;1316;;;;;;;;;;;;;;;;;;;;;;;;;;
SMURSAMU;2020;830000287;CH LA DRACENIE DE DRAGUIGNAN;830100525;1;1;0;0;0;;0;0;218;35;168;2;2;0;0;781;80;528;1;;;1390;317;82;4;55;161;623;28;96;449;174;;;;;;;;;;;;;;;;
SMURSAMU;2020;830000295;CH DE HYERES MARIE JOSEE TREFFOT;830100533;1;1;0;0;0;;0;0;168;168;168;;2;;;1190;13;;;;;1203;527;121;81;0;325;;;;;;;;;;;;;;;;;;;;;
SMURSAMU;2020;830000311;CHI DE FREJUS SAINT RAPHAEL;830100566;1;1;0;0;0;;0;0;168;168;168;;2;;;1107;;;;;;1107;177;96;6;33;18;494;28;164;468;26;;;;;;;;;;;;;;;;
SMURSAMU;2020;830000337;CENTRE HOSPITALIER DE SAINT TROPEZ;830100590;1;1;0;0;0;;0;0;168;168;0;2;;;;586;21;0;1;0;0;608;319;56;4;58;169;490;38;79;296;194;;;;;;;;;;;;;;;;
SMURSAMU;2020;830000345;CHITS CH SAINTE MUSSE;830100616;1;1;0;0;0;;0;1;336;420;504;4;4;1;0;2566;936;935;327;162;5;4931;1557;357;27;237;936;1596;105;236;783;813;441662;12036;414816;356397;265877;231792;73637;588;344;244;1036;0;6;;3830;0
SMURSAMU;2020;830020889;CH DE HYERES ANTENNE SMUR DU LAVANDOU;830100533;1;0;0;0;1;830100533;1;0;168;168;168;;;;;61;;;;;;61;;;;;;;;;;;;;;;;;;;;;;;;;;
SMURSAMU;2020;830100608;CHITS CH GEORGE SAND;830100616;1;0;0;0;1;830100616;0;0;70;70;70;0;2;0;0;831;3;;;3;;837;468;89;4;61;314;423;15;69;57;366;;;;;;;;;;;;;;;;
SMURSAMU;2020;840000392;CENTRE HOSPITALIER DE CARPENTRAS;840000046;1;1;0;0;0;;0;0;171;171;171;;2;;;1074;1;;;;;1075;730;157;2;159;412;756;44;142;544;212;;;;;;;;;;;;;;;;
SMURSAMU;2020;840000418;CHI DE CAVAILLON LAURIS;840004659;1;1;0;0;0;;0;0;168;168;168;;2;;;1323;;;;;;1323;693;109;7;177;398;630;98;266;452;178;;;;;;;;;;;;;;;;
SMURSAMU;2020;840000483;CH LOUIS GIORGI D'ORANGE;840000087;1;1;0;0;0;;0;0;168;168;168;1;1;;;1056;47;;;;;1103;728;140;5;144;439;352;15;57;185;167;;;;;;;;;;;;;;;;
SMURSAMU;2020;840000491;CHI SITE DE PERTUIS;130041916;1;0;0;0;1;130041916;0;0;168;146;0;1;1;;;756;29;;;;;785;476;70;11;71;272;289;15;74;249;40;;;;;;;;;;;;;;;;
SMURSAMU;2020;840001861;CH D'AVIGNON HENRI DUFFAUT;840006597;1;1;0;0;0;;0;1;336;336;421;4;3;1;0;2453;1197;114;83;288;;4135;1155;224;8;727;3;1381;109;261;1158;223;228922;0;228922;228922;228922;0;0;252;;;589;0;0;;1395;1
SMURSAMU;2020;840006480;SMUR CH ORANGE SITE VAISON;840000087;1;0;0;0;1;840000087;0;0;168;168;0;0;1;;;583;17;;;;;600;354;86;4;37;227;237;12;50;54;183;;;;;;;;;;;;;;;;
SMURSAMU;2020;840019228;CH AVIGNON ANTENNE SMUR D'APT;840006597;1;0;0;0;1;840006597;0;0;336;336;421;0;2;;;362;0;;;;;362;153;44;0;60;49;271;9;57;219;52;;;;;;;;;;;;;;;;
SMURSAMU;2020;850000142;CENTRE HOSPITALIER-SITE LA ROCHE/YON;850000019;1;1;0;0;0;;0;1;336;336;336;2;4;1;;1489;740;121;156;54;;2560;649;149;5;40;455;1409;153;152;1159;250;287629;4754;270778;255990;179039;155841;83096;532;238;294;669;1;6;14;3516;0
SMURSAMU;2020;850000175;CH LVO :SITE DE CHALLANS;850009010;1;1;0;0;0;;0;0;168;168;168;0;2;0;0;796;54;0;0;0;0;850;271;96;;31;271;482;16;159;239;243;;;;;;;;;;;;;;;;
SMURSAMU;2020;850000209;CENTRE HOSPITALIER -SITE DE LUCON;850000019;1;0;0;0;1;850000019;0;0;168;168;0;;1;;;406;22;;;;;428;197;35;5;19;138;356;24;47;156;200;;;;;;;;;;;;;;;;
SMURSAMU;2020;850000225;CENTRE HOSPITALIER -SITE DE MONTAIGU;850000019;1;0;0;0;1;850000019;0;0;84;84;0;;1;;;251;10;;;;;261;133;22;1;7;103;221;21;35;71;150;;;;;;;;;;;;;;;;
SMURSAMU;2020;850000241;CENTRE HOSPITALIER COTE DE LUMIÈRE;850000084;1;1;0;0;0;;0;0;168;168;168;1;1;;;631;57;;;;;688;252;63;2;17;170;379;24;68;235;144;;;;;;;;;;;;;;;;
SMURSAMU;2020;850009630;CH FONTENAY SITE POLE SANTE SUD VENDEE;850000035;1;1;0;0;0;;0;0;;;;;;;;501;;;;;;501;;;;;;;;;;;;;;;;;;;;;;;;;;
SMURSAMU;2020;860000025;GH NORD-VIENNE - SITE DE CHATELLERAULT;860013382;1;1;0;0;0;;0;0;168;175;175;;1;;;527;0;;;;;527;527;79;4;87;437;437;62;96;229;208;;;;;;;;;;;;;;;;
SMURSAMU;2020;860000033;GH NORD-VIENNE - SITE DE LOUDUN;860013382;1;1;0;0;0;;0;0;168;168;168;0;1;0;0;209;23;;;;;232;209;42;;25;161;161;32;45;12;149;;;;;;;;;;;;;;;;
SMURSAMU;2020;860000058;CHU - SITE DE MONTMORILLON;860014208;1;1;0;0;0;;0;0;168;168;168;;1;;;201;;;;;;201;59;52;4;3;;143;10;21;121;22;;;;;;;;;;;;;;;;
SMURSAMU;2020;860000223;CHU LA MILETRIE;860014208;1;1;0;1;0;;0;1;616;500;500;4;2;1;0;2119;1235;224;197;401;0;4176;447;212;4;68;163;1731;200;253;1695;36;159042;3050;153483;134570;158620;96413;40076;295;168;129;504;0;11;0;585;0
SMURSAMU;2020;870000064;C H U DUPUYTREN LIMOGES;870000015;1;1;0;0;0;;0;1;376;672;672;3;3;1;0;1929;735;76;294;325;0;3359;523;187;8;63;265;1707;238;282;1605;102;196079;0;196079;196079;99259;74424;39794;313;168;161;888;0;3;0;1101;0
SMURSAMU;2020;870010998;CHU LIMOGES - ANTENNE SMUR ST YRIEIX;870000015;1;0;0;0;1;870000015;0;0;70;70;0;0;1;0;0;216;0;0;0;0;0;216;51;32;0;17;2;165;9;44;69;96;;;;;;;;;;;;;;;;
SMURSAMU;2020;870017647;CHU LIMOGES - ANTENNE SMUR ST JUNIEN;870000015;1;0;0;0;1;870000015;0;0;168;168;149;;1;;;409;57;;;;;466;114;35;2;14;63;344;23;59;213;131;;;;;;;;;;;;;;;;
SMURSAMU;2020;880000021;CHI E.DURKHEIM - PLATEAU DE LA JUSTICE;880007059;1;1;0;0;0;;0;1;232;232;336;;2;;;1057;274;218;;;;1549;;;;;;;;;;;211142;3699;203491;192320;99139;78795;19946;239;168;71;540;1;;;2005;1
SMURSAMU;2020;880000047;CENTRE HOSPITALIER DE SAINT-DIE;880780077;1;1;0;0;0;;0;0;168;168;168;;1;;;502;145;;;1;;648;133;97;5;21;10;;;;;;;;;;;;;;;;;;;;;
SMURSAMU;2020;880000054;CHI L'OUEST VOSGIEN SITE NEUFCHATEAU;880007299;1;1;0;0;0;;0;0;336;416;168;;1;;;289;53;141;;;;483;153;48;6;13;86;136;10;22;104;32;;;;;;;;;;;;;;;;
SMURSAMU;2020;880000062;CENTRE HOSPITALIER DE REMIREMONT;880780093;1;1;0;0;0;;0;0;406;574;168;;1;;;523;367;132;;;;1022;;;;;;;;;;;;;;;;;;;;;;;;;;
SMURSAMU;2020;880000070;CHI DE L'OUEST VOSGIEN SITE DE VITTEL;880007299;1;0;0;0;1;880007299;0;0;168;252;168;;1;;;344;33;34;;;;411;187;45;5;22;115;154;11;26;47;107;;;;;;;;;;;;;;;;
SMURSAMU;2020;880007752;CH ST DIE - ANTENNE SMUR GERARDMER;880780077;1;0;0;0;1;880780077;0;0;70;70;70;;1;;;152;5;;;;;157;30;29;0;6;105;127;14;29;16;111;;;;;;;;;;;;;;;;
SMURSAMU;2020;890975527;CH AUXERRE;890000037;1;1;0;0;0;;0;1;336;420;336;1;2;1;;1516;238;0;111;287;0;2152;727;181;3;43;436;869;105;406;851;18;198812;1295;196129;159757;77370;60691;16679;272;168;104;336;1;0;;1113;0
SMURSAMU;2020;890975535;CH AVALLON;890000409;1;1;0;0;0;;0;0;168;168;0;;;;;327;11;;;38;;376;77;51;7;13;63;318;49;90;233;85;;;;;;;;;;;;;;;;
SMURSAMU;2020;890975543;CH JOIGNY;890000417;1;1;0;0;0;;0;0;280;280;280;;;;;702;206;0;0;0;0;908;320;84;5;98;133;551;37;156;340;211;;;;;;;;;;;;;;;;
SMURSAMU;2020;890975550;CH SENS;890970569;1;1;0;0;0;;0;0;336;336;336;1;2;;;961;191;;8;;;1160;811;13;5;;397;158;13;30;157;1;;;;;;;;;;;;;;;;
SMURSAMU;2020;890975568;CENTRE HOSPITALIER DU TONNERROIS;890000433;1;1;0;0;0;;0;0;168;168;168;0;1;0;0;286;7;;;;;293;67;39;3;25;;226;13;146;163;63;;;;;;;;;;;;;;;;
SMURSAMU;2020;900003039;HNFC SITE TREVENANS;900000365;1;1;0;0;0;;0;0;336;336;336;2;2;;;3803;87;;35;152;;4077;;;;;;;;;;;;;;;;;;0;0;0;;;;;;
SMURSAMU;2020;910000272;CH D ARPAJON;910110014;1;1;0;0;0;;0;0;168;168;0;;2;;;1361;36;0;7;1;0;1405;716;152;7;110;447;645;38;117;135;510;;;;;;;;;;;;;;;;
SMURSAMU;2020;910000298;CH DES DEUX VALLEES SITE LONGJUMEAU;910110055;1;1;0;0;0;;0;0;168;168;168;0;1;0;0;1730;23;;1;;;1754;804;177;15;156;410;952;62;202;322;630;;;;;;;;;;;;;;;;
SMURSAMU;2020;910000306;CH D ORSAY;910110055;1;1;0;0;0;;0;0;168;168;168;;2;;;1271;11;;;;;1282;;;;;;;;;;;;;;;;;;;;;;;;;;
SMURSAMU;2020;910000314;CH SUD FRANCILIEN;910002773;1;1;0;0;0;;0;1;442;416;442;4;4;;;3026;1989;27;14;62;;5118;1554;265;69;117;873;1486;63;209;944;542;484232;32502;403865;280023;280368;270851;158376;768;351;417;1030;0;0;0;4608;1
SMURSAMU;2020;910001973;CH DOURDAN ETAMPES SITE ETAMPES;910019447;1;1;0;0;0;;0;0;168;168;168;;1;;;843;22;;;;;865;485;105;38;;334;;;;;;;;;;;;;;;;;;;;;
SMURSAMU;2020;910018423;CH DES DEUX VALLEES SITE JUVISY;910110055;1;1;0;0;0;;0;0;168;168;168;1;1;;;1817;67;0;2;0;0;1886;957;205;42;50;589;862;51;147;63;799;;;;;;;;;;;;;;;;
SMURSAMU;2020;920100021;HU PARIS SUD SITE ANTOINE BECLERE APHP;750712184;1;0;0;1;0;;0;0;258;213;213;3;;;;239;1117;;;8;;1364;52;8;;10;34;187;187;;37;;;;;;;;;;;;;;;;;
SMURSAMU;2020;920100039;HU PARIS NORD SITE BEAUJON APHP;750712184;1;1;0;0;0;;0;0;435;386;441;3;1;0;0;2423;1400;;;4;;3827;1184;200;9;128;641;1263;103;263;297;966;;;;;;;;;;;;;;;;
SMURSAMU;2020;920100054;HU PARIS SITE RAYMOND POINCARE APHP;750712184;1;1;0;0;0;;0;1;604;564;782;5;2;0;0;2905;1908;228;0;7;0;5048;1526;288;6;176;925;1532;146;319;44;1488;467381;125387;459283;376672;345833;235998;92321;648;336;312;980;0;0;;48;0
SMURSAMU;2020;930000286;GHI LE RAINCY MONTFERMEIL;930021480;1;1;0;0;0;;0;0;168;168;168;2;0;;;1734;46;;;;;1780;975;172;22;148;592;728;53;145;369;359;;;;;;;;;;;;;;;;
SMURSAMU;2020;930000328;CH GENERAL DELAFONTAINE;930110051;1;1;0;0;0;;0;0;204;204;204;3;0;0;0;1882;533;;;;;2415;1075;151;9;144;619;807;61;98;326;481;;;;;;;;;;;;;;;;
SMURSAMU;2020;930000336;CHI ROBERT BALLANGER;930110069;1;1;0;0;0;;0;0;313;313;313;3;0;0;0;1597;578;6;14;8;0;2203;696;167;16;100;413;901;102;370;720;181;;;;;;;;;;;;;;;;
SMURSAMU;2020;930100037;HU PARIS SITE AVICENNE APHP;750712184;1;1;0;1;0;930100037;0;1;732;732;732;7;1;0;0;4540;2545;0;7;0;0;7092;2328;363;24;339;1405;2185;350;337;398;1787;598582;0;571954;431253;427082;298574;120135;672;336;336;1071;1;2;0;8;0
SMURSAMU;2020;940000599;CHI LUCIE ET RAYMOND AUBRAC;940110042;1;1;0;0;0;;0;0;168;168;168;2;;;;1346;282;;;;;1628;539;128;7;28;372;834;51;152;460;374;;;;;;;;;;;;;;;;
SMURSAMU;2020;940100027;HU HENRI MONDOR SITE HENRI MONDOR APHP;750712184;1;1;0;0;0;;0;1;549;576;732;5;1;1;0;5095;1788;81;3;74;0;7041;2371;483;19;224;1433;3018;238;521;1202;1816;518326;86498;393332;329879;322463;226492;97576;847;411;316;966;0;0;0;60;0
SMURSAMU;2020;950000307;CH VICTOR DUPOUY;950110015;1;1;0;0;0;;0;0;362;362;0;2;;;;3172;336;0;0;5;0;3513;1860;192;36;278;1260;1334;108;241;854;480;;;;;;;;;;;;;;;;
SMURSAMU;2020;950000315;GH CARNELLE PORTES OISE SITE BEAUMONT;950001370;1;1;0;0;0;;0;0;168;168;168;2;0;0;0;1474;88;0;11;0;0;1573;871;78;6;122;604;1231;88;280;504;727;;;;;;;;;;;;;;;;
SMURSAMU;2020;950000323;GHEM SIMONE VEIL SITE EAUBONNE;950013870;1;1;0;0;0;;0;0;342;336;336;3;1;;;3250;659;19;4;14;0;3946;1793;116;11;314;1352;2378;89;370;1701;677;;;;;;;;;;;;;;;;
SMURSAMU;2020;950000331;CH GENERAL DE GONESSE;950110049;1;1;0;0;0;;0;0;238;238;238;2;;;;2861;321;0;4;2;0;3188;1634;192;38;261;1143;1227;175;351;861;366;;;;;;;;;;;;;;;;
SMURSAMU;2020;950000364;CH RENE DUBOS;950110080;1;1;0;1;0;;0;1;576;504;588;4;2;0;0;4080;1174;0;8;14;0;5276;1634;212;3;191;1349;;;;;;600637;46066;475284;250595;332699;254418;55519;856;408;448;1092;0;0;0;1012;0
SMURSAMU;2020;970100392;CENTRE HOSPITALIER DE LA BASSE -TERRE;970100178;1;1;0;0;0;;0;0;168;168;168;;2;;;530;260;;;;;790;105;52;1;30;;539;45;230;499;40;;;;;;;;;;;;;;;;
SMURSAMU;2020;970100400;C.H. LOUIS CONSTANT FLEMING;970100186;1;1;0;0;0;;0;0;48;39;0;0;1;0;0;151;30;0;0;186;0;367;22;17;4;1;0;129;20;23;129;0;;;;;;;;;;;;;;;;
SMURSAMU;2020;970100442;C.H.U. DE POINTE-A-PITRE/ABYMES;970100228;1;1;0;0;0;;0;1;386;400;258;2;4;1;;3248;799;52;222;584;5;4910;786;353;27;343;63;2537;247;270;2380;157;430149;150551;279598;214142;124400;57215;19570;398;278;120;582;1;3;;1578;0
SMURSAMU;2020;970112470;CH L CONSTANT FLEMING-ANTENNE ST BARTH;970100186;1;0;0;0;1;970100186;0;0;168;168;;;1;;;40;;;;;;40;;;;;;;;;;;;;;;;;;;;;;;;;;
SMURSAMU;2020;970112587;CHU - ANTENNE DE MARIE-GALANTE SMUR;970100228;1;0;0;0;1;970100228;0;0;168;122;122;0;1;0;0;40;0;0;0;0;0;40;21;13;0;0;0;19;2;4;14;5;;;;;;;;;;;;;;;;
SMURSAMU;2020;970211215;CHU DE MARTINIQUE SITE P.ZOBDA QUITMAN;970211207;1;1;0;0;0;;0;1;336;336;336;1;4;;;4770;620;28;412;198;10;6038;2339;364;59;453;1463;3010;334;361;2661;349;510022;143023;318686;257488;166087;149735;45920;403;312;91;687;0;0;0;1641;0
SMURSAMU;2020;970211223;CHU DE MARTINIQUE SITE DE TRINITE;970211207;1;0;0;0;1;970211215;0;0;70;84;84;;1;;;398;21;5;19;1;;444;218;29;5;43;141;230;29;47;88;142;;;;;;;;;;;;;;;;
SMURSAMU;2020;970300026;CENTRE HOSPITALIER DE CAYENNE;970302022;1;1;0;0;0;;0;1;336;504;252;2;2;1;0;1072;119;0;49;929;0;2169;289;100;2;43;144;829;;;829;0;387842;0;387842;;75897;31961;0;168;168;0;336;0;0;0;442;
SMURSAMU;2020;970300083;CENTRE HOSPITALIER -FRANCK-JOLY-;970302121;1;1;0;0;0;;0;0;168;168;168;1;2;;;377;38;;;;;415;;;;;;;;;;;;;;;;;;;;;;;;;;
SMURSAMU;2020;970305637;CENTRE HOSPITALIER INTERCOM DE KOUROU;970305629;1;1;0;0;0;;0;0;190;190;190;;1;;;140;115;;;;;255;30;25;3;2;;140;18;8;140;;;;;;;;;;;;;;;;;
SMURSAMU;2020;970400024;CHU SITE FELIX GUYON (SAINT DENIS);970408589;1;1;0;0;0;;0;1;343;674;280;3;3;1;0;1592;380;349;213;366;6;2906;643;176;23;58;453;1061;96;93;909;152;568348;79816;410050;349155;280112;191234;47771;581;336;245;732;0;0;;2471;1
SMURSAMU;2020;970400057;CHU SITE SUD (SAINT PIERRE);970408589;1;1;0;0;0;;0;0;;;;1;4;;;2527;272;0;11;0;0;2810;874;250;1;161;462;1544;107;0;1332;212;;;;;;;;;;;;;;;;
SMURSAMU;2020;970400065;CH OUEST REUNION;970421038;1;1;0;0;0;;0;0;168;336;0;0;1;0;0;1059;330;524;;;;1913;230;106;6;62;56;829;77;82;780;49;;;;;;;;;;;;;;;;
SMURSAMU;2020;970400073;GHER (SAINT-BENOIT);970403606;1;1;0;0;0;;0;0;168;33;0;;;;;930;400;1;1;3;;1335;147;84;8;50;4;780;78;82;590;190;;;;;;;;;;;;;;;;
SMURSAMU;2020;980500011;CHM;980500003;1;1;0;0;0;;0;1;240;257;343;2;1;1;0;1383;1286;31;131;194;2;3027;766;261;6;76;403;799;231;14;781;18;174870;21011;109966;74611;74611;55123;0;168;168;0;420;0;0;4;1958;0
