BOR;AN;FI;FI_EJ;INTMED;INTPHA;INTODO;INTGEN;INTURG;FFI;INTTOT
Q22;2019;010000024;010780054;24;3;;19;5;15;66
Q22;2019;010000032;010780062;;;;5;;;5
Q22;2019;010000065;010780096;;;;0;;2;2
Q22;2019;010000198;010007987;;;;1;;;1
Q22;2019;010000495;010783009;4;;;;;3;7
Q22;2019;020000089;020000022;0;0;0;1;0;0;1
Q22;2019;020000162;020000063;36;5;0;22;1;22;86
Q22;2019;020000394;020000253;1;0;0;3;0;25;29
Q22;2019;020000519;020000261;4;;;4;;23;31
Q22;2019;020000535;020000287;;;;6;;6;12
Q22;2019;020000543;020000295;2;;;;;;2
Q22;2019;020001061;020004404;;;;;;10;10
Q22;2019;020003877;020000253;0;0;0;0;0;1;1
Q22;2019;020006664;020000063;3;;;;;;3
Q22;2019;030000061;030780092;13;1;0;12;4;19;49
Q22;2019;030000079;030780100;21;;;2;6;15;44
Q22;2019;030000087;030780118;22;2;;18;2;9;53
Q22;2019;030781116;030000426;1;;;;;;1
Q22;2019;030781637;030780100;2;;;;;0;2
Q22;2019;040000093;040780215;0;0;0;10;0;0;10
Q22;2019;040000135;050002948;0;0;0;1;0;0;1
Q22;2019;040000911;040788879;;;;2;;3;5
Q22;2019;050000231;050000116;0;0;0;5;0;1;6
Q22;2019;050000256;050000124;;;;;2;;2
Q22;2019;050000348;050002948;0;1;0;24;0;0;25
Q22;2019;060000304;060780657;;;;1;;;1
Q22;2019;060000478;060780897;0;0;0;25;0;0;25
Q22;2019;060000510;060780954;8;0;0;14;0;1;23
Q22;2019;060000528;060780962;28;2;;;;;30
Q22;2019;060000544;060780988;18;1;;18;2;8;47
Q22;2019;060002102;060791761;;;;11;;2;13
Q22;2019;060010899;060785011;4;0;0;0;0;0;4
Q22;2019;060780145;060000049;;;;1;;;1
Q22;2019;060780186;060006939;1;;;;;;1
Q22;2019;060780558;750720575;;;;2;;;2
Q22;2019;060780947;060800174;41;;;6;;;47
Q22;2019;060780996;630786754;14;;;;;;14
Q22;2019;060785003;060785011;115;2;0;12;16;13;158
Q22;2019;060785227;060780608;1;1;;;;;2
Q22;2019;060788957;060785011;16;0;0;4;0;0;20
Q22;2019;060789195;060785011;81;1;0;8;0;10;100
Q22;2019;060789674;130037815;;;;7;;;7
Q22;2019;060791811;060010808;2;0;0;3;1;0;6
Q22;2019;060794013;060790797;4;;;;;;4
Q22;2019;060800174;;9;;;;;;9
Q22;2019;060800182;060002912;;;;1;;;1
Q22;2019;070000013;070002878;;;;;;4;4
Q22;2019;070000047;070780127;;;;;;1;1
Q22;2019;070000179;070780358;10;3;0;22;0;5;40
Q22;2019;070000195;070780374;;;;1;;;1
Q22;2019;070000484;070005566;0;0;0;0;0;2;2
Q22;2019;070000609;070005566;0;0;0;15;0;18;33
Q22;2019;070006804;070005566;0;0;0;0;0;1;1
Q22;2019;080000110;080000037;;;;4;2;;6
Q22;2019;080000219;080001969;1;;;1;;1;3
Q22;2019;080000250;540019726;3;;;;;;3
Q22;2019;080000318;080000086;4;;;;;2;6
Q22;2019;080000425;080000615;34;0;0;22;4;7;67
Q22;2019;090000175;090781774;11;;;9;;4;24
Q22;2019;090000183;090781816;1;;;5;;;6
Q22;2019;100000090;100000017;43;0;0;11;6;13;73
Q22;2019;100000108;100000033;4;;;1;;;5
Q22;2019;100000199;100006279;;;;6;;;6
Q22;2019;100009364;100000017;0;0;0;1;0;0;1
Q22;2019;100010362;100010347;1;;;1;;;2
Q22;2019;100010933;100010347;1;;;;;;1
Q22;2019;110000023;110780061;12;1;;1;10;9;33
Q22;2019;110000056;110780137;7;4;;17;;;28
Q22;2019;110002953;110780137;1;;;;;;1
Q22;2019;110786324;;0;;;;;2;2
Q22;2019;120000039;120780044;13;0;0;12;0;6;31
Q22;2019;120000054;120780069;0;0;0;2;0;0;2
Q22;2019;120000070;120780085;;;;;2;;2
Q22;2019;120004569;120004528;;;;5;;;5
Q22;2019;120780283;630786754;2;;;;;;2
Q22;2019;130000235;130780554;0;0;0;10;0;0;10
Q22;2019;130000409;130041916;32;3;;21;;8;64
Q22;2019;130000433;130781131;11;1;;;;;12
Q22;2019;130000516;130781339;1;;;3;;1;5
Q22;2019;130000565;130781446;2;3;;18;;5;28
Q22;2019;130001225;130782634;2;1;;17;;6;26
Q22;2019;130001647;130784127;68;7;;;;6;81
Q22;2019;130002215;130785512;;;;10;;1;11
Q22;2019;130002496;130786494;10;;;;;;10
Q22;2019;130002827;130789274;0;1;0;8;0;12;21
Q22;2019;130008048;130043169;1;;;;;;1
Q22;2019;130008238;130044118;;;;1;;;1
Q22;2019;130043664;130002157;;3;;;;;3
Q22;2019;130780083;130000060;2;;;;;;2
Q22;2019;130780521;130786049;173;19;;39;;5;236
Q22;2019;130781438;130000557;1;;;1;;;2
Q22;2019;130781479;130000599;1;1;0;1;0;;3
Q22;2019;130783236;130786049;104;25;2;14;;9;154
Q22;2019;130783293;130786049;247;50;21;36;;18;372
Q22;2019;130783764;920030269;;;;9;;;9
Q22;2019;130784085;920030921;1;;;;;;1
Q22;2019;130784234;130786049;70;7;;3;;;80
Q22;2019;130784580;920030269;;;;1;;;1
Q22;2019;130784598;130001852;1;;;;;;1
Q22;2019;130784812;130001985;;;;2;;;2
Q22;2019;130785389;130002173;0;0;;;1;;1
Q22;2019;130785652;130014228;11;3;;4;;;18
Q22;2019;130786742;750821092;22;1;;26;3;8;60
Q22;2019;130786924;130037815;3;;;;;;3
Q22;2019;130789159;920030269;;;;1;;;1
Q22;2019;130804297;130786049;65;4;;3;;13;85
Q22;2019;130809015;130001928;;1;;4;;1;6
Q22;2019;130811102;130007487;1;;;;;;1
Q22;2019;140000027;140000035;27;2;;14;4;1;48
Q22;2019;140000076;140000092;4;;;1;;;5
Q22;2019;140000209;140000100;342;40;;27;;20;429
Q22;2019;140000233;140000118;5;;;;;;5
Q22;2019;140000258;140000415;2;;;;;;2
Q22;2019;140000340;140025800;1;;;;;;1
Q22;2019;140000373;140000159;;;;;;2;2
Q22;2019;140000456;140000316;15;2;;1;;4;22
Q22;2019;140000555;140000639;33;3;0;2;0;1;39
Q22;2019;140002452;140025800;1;;;4;;;5
Q22;2019;140004136;140000092;3;;;;;;3
Q22;2019;140004383;140000100;12;4;;5;;;21
Q22;2019;140012196;140000100;;;;;;1;1
Q22;2019;140017278;610787285;2;;;;;;2
Q22;2019;140024886;140000092;8;1;;3;3;;15
Q22;2019;140025255;310020383;;;;1;;;1
Q22;2019;140026410;140026279;7;;;;;3;10
Q22;2019;150000032;150780088;;;;4;;4;8
Q22;2019;150000040;150780096;16;0;0;24;18;30;88
Q22;2019;150000164;150780468;;;;2;;;2
Q22;2019;150780773;150780088;;;;;;1;1
Q22;2019;160000253;160000451;63;;;;;3;66
Q22;2019;160000311;160000485;;;;;2;;2
Q22;2019;160000345;160000501;11;;;;;1;12
Q22;2019;160009080;160001574;1;;;;;;1
Q22;2019;160015368;160014411;4;1;;;;;5
Q22;2019;170000038;170780050;;;;3;;;3
Q22;2019;170000087;170024194;55;2;;30;5;4;96
Q22;2019;170000095;170780167;;;;3;;;3
Q22;2019;170000103;170780175;22;0;0;22;0;1;45
Q22;2019;170000129;170780191;2;;;6;;3;11
Q22;2019;170000152;170780225;;;;18;4;;22
Q22;2019;170020994;170780175;4;;;;;;4
Q22;2019;170782981;170024194;5;;;2;;;7
Q22;2019;170783146;170780050;4;;;;;;4
Q22;2019;180000010;180000028;8;2;;4;1;14;29
Q22;2019;180000176;180001158;3;;;;;;3
Q22;2019;180000200;180000051;0;0;0;1;0;2;3
Q22;2019;180000283;180000069;;;;4;;;4
Q22;2019;180009490;180006496;1;;;;;;1
Q22;2019;190000018;190000042;28;2;0;17;2;1;50
Q22;2019;190000026;190000059;8;1;;8;1;1;19
Q22;2019;190000091;190000075;2;1;;1;2;1;7
Q22;2019;190002493;190000059;;;;1;;;1
Q22;2019;190005165;190002519;;;;;;1;1
Q22;2019;190011601;190000042;1;;;;;;1
Q22;2019;210003059;210987400;;;;1;;;1
Q22;2019;210012670;210011367;4;;;;;;4
Q22;2019;210013157;210780706;2;;;;;;2
Q22;2019;210780144;750721235;1;;;;;;1
Q22;2019;210780276;210003208;1;;;;;;1
Q22;2019;210780789;210003208;1;;;;;;1
Q22;2019;210986089;210780581;8;;;7;;3;18
Q22;2019;210987046;210987038;1;;;;;;1
Q22;2019;210987558;210780581;478;28;4;117;;37;664
Q22;2019;210987632;210780607;12;2;;2;;;16
Q22;2019;210987657;210012175;20;;;;4;;24
Q22;2019;210987673;210012142;1;;;;;;1
Q22;2019;210987699;210780706;3;;;2;;;5
Q22;2019;210987731;210780417;37;3;;1;;1;42
Q22;2019;220000012;220000020;49;;;25;;7;81
Q22;2019;220000095;220000046;;;;19;;1;20
Q22;2019;220000210;;1;;;;;;1
Q22;2019;220000343;220000079;0;0;0;12;0;0;12
Q22;2019;220000368;220000103;5;1;;15;;6;27
Q22;2019;220000541;220000152;;;;3;3;;6
Q22;2019;220022800;220000673;2;;1;;;;3
Q22;2019;230000820;230780041;16;2;0;0;5;0;23
Q22;2019;230000853;230780074;1;;;1;;;2
Q22;2019;230780082;750005068;3;;;;;;3
Q22;2019;230782617;920028560;1;;;;;;1
Q22;2019;240000372;240000059;0;0;0;12;0;0;12
Q22;2019;240000463;240000083;3;;;;;;3
Q22;2019;240000489;240000117;15;1;0;22;3;17;58
Q22;2019;240000687;240000448;4;;;;;;4
Q22;2019;250000023;250000015;12;2;;2;;;16
Q22;2019;250000544;250002284;;;;2;;;2
Q22;2019;250000619;250000452;5;;;;;;5
Q22;2019;250000700;250000452;;;;32;;;32
Q22;2019;250000718;250000460;9;1;;;;2;12
Q22;2019;250000759;250000569;;;;6;;;6
Q22;2019;250000882;250002839;1;;;;;;1
Q22;2019;250006954;250000015;357;29;;27;26;10;449
Q22;2019;250014008;700004096;1;;;;;;1
Q22;2019;260000013;260000021;38;1;;23;7;9;78
Q22;2019;260000120;260016910;2;;;9;;15;26
Q22;2019;260000138;260000047;11;0;0;14;2;11;38
Q22;2019;260000146;260000054;;;;1;;;1
Q22;2019;260000203;260016910;;;;;;4;4
Q22;2019;260000823;260003264;2;;;;;;2
Q22;2019;260003157;070001649;1;;;;;;1
Q22;2019;270000045;270000060;2;;;;1;;3
Q22;2019;270000359;270023724;44;;;;8;24;76
Q22;2019;270000367;270000086;1;0;0;0;0;0;1
Q22;2019;270000391;760024042;;;;1;;;1
Q22;2019;270000425;270000102;3;;;;;;3
Q22;2019;270000441;270000110;1;;;;;;1
Q22;2019;270000458;270023724;3;;;;;3;6
Q22;2019;270000573;270000219;8;;;;;5;13
Q22;2019;270000912;750814030;3;;;;;;3
Q22;2019;280000050;280000142;2;0;0;0;0;0;2
Q22;2019;280000084;280000183;8;;;6;5;38;57
Q22;2019;280000662;280500075;;;;4;;;4
Q22;2019;280502998;280000589;;;;;;3;3
Q22;2019;280504267;280000134;20;2;;15;1;31;69
Q22;2019;280506015;280001264;;;;1;;;1
Q22;2019;290000025;290020700;49;1;0;39;1;0;90
Q22;2019;290000033;290021542;18;;;23;;;41
Q22;2019;290000058;290000017;104;4;8;10;5;;131
Q22;2019;290000066;290020700;0;0;0;1;0;0;1
Q22;2019;290000173;290000041;3;;;12;;;15
Q22;2019;290000181;290000074;1;0;0;10;0;0;11
Q22;2019;290000256;290000017;;;;3;;1;4
Q22;2019;290000322;290000108;;;;1;;;1
Q22;2019;290000728;750821092;11;;;24;1;;36
Q22;2019;290000785;220020739;;;;7;;;7
Q22;2019;290000827;290000546;1;;;1;;;2
Q22;2019;290000918;290000298;7;;;1;;;8
Q22;2019;290000934;560005746;;;;8;;;8
Q22;2019;290000975;290000546;3;;;;;;3
Q22;2019;290004324;290000017;157;12;;21;15;4;209
Q22;2019;290004340;290000017;28;;;5;;;33
Q22;2019;290004365;290000017;;;;1;;;1
Q22;2019;2A0000022;2A0000014;;;;24;;2;26
Q22;2019;2B0000012;2B0000020;0;1;0;12;0;4;17
Q22;2019;2B0005664;2B0005656;3;1;;;;;4
Q22;2019;300000023;300780046;7;2;0;10;3;5;27
Q22;2019;300000031;300780053;1;;;6;0;9;16
Q22;2019;300000080;300780103;3;;;;;;3
Q22;2019;300012309;420002438;1;0;0;0;0;0;1
Q22;2019;300012358;340015171;;;;1;;;1
Q22;2019;300013745;420002438;1;;;;;;1
Q22;2019;300780152;300017985;1;;;;;;1
Q22;2019;300782117;300780038;173;10;1;48;19;30;281
Q22;2019;300782125;300780038;2;;;;;1;3
Q22;2019;300782141;300780038;;;;13;;;13
Q22;2019;300788502;300017985;1;;;;;;1
Q22;2019;310000310;310780671;;1;;9;;;10
Q22;2019;310000369;310780754;15;1;;1;;;17
Q22;2019;310013628;310786256;1;;;1;1;;3
Q22;2019;310016977;310781406;99;0;0;3;0;2;104
Q22;2019;310019351;310781406;50;0;0;0;0;6;56
Q22;2019;310021571;310021563;;;;2;;;2
Q22;2019;310022298;310781406;7;0;0;4;0;0;11
Q22;2019;310025333;310781406;40;;0;0;0;1;41
Q22;2019;310026083;310026075;;;;2;;;2
Q22;2019;310780259;310000096;;;;3;;;3
Q22;2019;310780366;310000153;1;;;;;;1
Q22;2019;310780374;310000161;;;;2;;;2
Q22;2019;310781067;310788898;10;1;;;3;;14
Q22;2019;310781422;310781562;2;;;;;;2
Q22;2019;310782339;310781406;3;0;0;0;0;0;3
Q22;2019;310782347;310789136;29;5;;;;;34
Q22;2019;310782446;;3;;;;;;3
Q22;2019;310783048;310781406;239;;;8;0;9;256
Q22;2019;310783055;310781406;170;123;23;13;0;10;339
Q22;2019;310783063;310781406;112;;0;20;0;8;140
Q22;2019;310783097;750005068;1;;;;;;1
Q22;2019;320000086;320780117;8;0;0;14;0;2;24
Q22;2019;320000094;320780125;3;0;0;0;0;0;3
Q22;2019;330000332;330780545;2;;;5;;;7
Q22;2019;330000340;330780552;27;;;;;;27
Q22;2019;330000555;330781204;4;1;;10;;;15
Q22;2019;330000571;330781220;;;;2;;1;3
Q22;2019;330000589;330027509;5;0;0;4;0;0;9
Q22;2019;330000597;330027509;;0;0;1;0;1;2
Q22;2019;330000605;330781253;38;2;0;22;0;10;72
Q22;2019;330000613;330781261;;;;1;;;1
Q22;2019;330000639;330781287;41;2;0;3;0;0;46
Q22;2019;330000647;330781295;10;1;;;;;11
Q22;2019;330000662;330781329;45;2;;;;;47
Q22;2019;330780081;330000043;1;;;;;;1
Q22;2019;330780495;330796392;1;;;;;;1
Q22;2019;330780529;330796392;;;;;;9;9
Q22;2019;330780636;330785072;2;;;;;;2
Q22;2019;330781139;330056540;4;1;;;;;5
Q22;2019;330781303;750821092;1;0;0;9;0;0;10
Q22;2019;330781337;330781196;5;4;2;6;;;17
Q22;2019;330781352;330781196;71;5;2;43;;2;123
Q22;2019;330781360;330781196;409;65;19;169;;15;677
Q22;2019;330782582;330000928;1;;;;;;1
Q22;2019;330783648;330781196;180;30;;80;;9;299
Q22;2019;330783721;330781253;4;;;;;;4
Q22;2019;330802752;330781196;7;1;0;3;;;11
Q22;2019;340000025;340022722;3;;;1;;;4
Q22;2019;340000033;340780055;27;6;;18;;11;62
Q22;2019;340000207;340780493;44;2;;;;5;51
Q22;2019;340000223;340011295;4;0;0;17;0;0;21
Q22;2019;340000231;340780535;1;;;;;;1
Q22;2019;340001064;340013028;1;;;;;;1
Q22;2019;340008275;340780477;10;;;2;1;;13
Q22;2019;340015502;340000512;4;;;;1;;5
Q22;2019;340016732;340780055;1;;;;;1;2
Q22;2019;340017839;420002438;1;;;;;;1
Q22;2019;340019090;340019082;;;;1;;;1
Q22;2019;340020445;340021559;;;;2;;;2
Q22;2019;340022979;340000306;4;1;;;;;5
Q22;2019;340780485;340780477;21;2;;;;;23
Q22;2019;340780642;340785856;8;;;4;;;12
Q22;2019;340780667;340000280;4;1;;;;;5
Q22;2019;340780766;920030269;1;;;;;;1
Q22;2019;340782036;340780477;66;16;;8;4;19;113
Q22;2019;340782085;340780477;83;;24;1;2;8;118
Q22;2019;340785161;340780477;132;23;;27;20;17;219
Q22;2019;340789981;340001866;1;;;;;;1
Q22;2019;340796093;340796069;;;;1;;;1
Q22;2019;340796663;340780477;96;8;;7;2;6;119
Q22;2019;350000063;220020739;2;;;;;;2
Q22;2019;350000121;350000303;2;;;;;;2
Q22;2019;350000139;350001137;5;;;2;;;7
Q22;2019;350000147;350000022;21;1;0;23;0;0;45
Q22;2019;350000154;350000030;;;;15;;2;17
Q22;2019;350000162;350000048;;;;8;;;8
Q22;2019;350000188;350000055;;;;10;;;10
Q22;2019;350000337;350000246;35;2;;2;;;39
Q22;2019;350000436;350002317;1;;;;;;1
Q22;2019;350000444;350048518;;;;1;;;1
Q22;2019;350000741;350005179;249;37;17;17;;9;329
Q22;2019;350002192;220020739;2;0;0;5;0;0;7
Q22;2019;350002234;750720575;2;;;;;;2
Q22;2019;350002564;350046199;4;;;;;;4
Q22;2019;350002812;350023503;20;2;;;;;22
Q22;2019;350005021;440042844;;;;2;;;2
Q22;2019;350006771;350005179;6;;;7;;;13
Q22;2019;350007084;350005179;85;;;9;;4;98
Q22;2019;350008579;350039673;1;;;;;;1
Q22;2019;350016135;350000055;;;;1;;;1
Q22;2019;350053013;350005179;;;;3;;;3
Q22;2019;360000038;360000046;1;;;;1;;2
Q22;2019;360000137;360000053;6;1;0;8;0;26;41
Q22;2019;360000160;360000053;;;;;;2;2
Q22;2019;360003149;360000053;;;;2;;;2
Q22;2019;370000374;750721334;1;;;;;;1
Q22;2019;370000499;370000481;37;2;;5;;7;51
Q22;2019;370000515;370000481;3;;;3;;;6
Q22;2019;370000531;370000606;0;0;0;11;0;0;11
Q22;2019;370000580;370000564;2;;;;;;2
Q22;2019;370000861;370000481;155;30;;9;4;6;204
Q22;2019;370000879;370000564;6;;;;;;6
Q22;2019;370000903;370000614;0;0;0;5;3;;8
Q22;2019;370000986;370000713;1;;;;;;1
Q22;2019;370001109;370002701;3;;;;;;3
Q22;2019;370001158;370004327;;;;1;;;1
Q22;2019;370004301;370000614;2;;;;;;2
Q22;2019;370004467;370000481;113;9;;7;6;11;146
Q22;2019;370005050;370000481;9;;;;;;9
Q22;2019;370009938;440052041;1;;;;;;1
Q22;2019;370013450;370002149;1;;;;;;1
Q22;2019;380000018;380780023;3;;;;;;3
Q22;2019;380000026;380780031;;;;1;;;1
Q22;2019;380000034;380780049;40;0;0;0;0;6;46
Q22;2019;380000067;380780080;337;51;;29;;35;452
Q22;2019;380000133;380780247;21;2;0;0;0;2;25
Q22;2019;380000174;380781435;15;3;;26;1;3;48
Q22;2019;380000406;380784751;9;1;0;16;0;0;26
Q22;2019;380005918;750056335;1;0;0;0;0;0;1
Q22;2019;380009928;380804542;4;;;;;;4
Q22;2019;380012658;380012609;18;2;;7;5;;32
Q22;2019;380020388;380784751;0;0;0;1;0;0;1
Q22;2019;380780296;380021550;1;;;;;;1
Q22;2019;380780312;750720575;4;;;;;;4
Q22;2019;380782722;380780080;27;;;4;;2;33
Q22;2019;380785956;380795211;2;;;;;;2
Q22;2019;390000040;390780146;7;;;11;;9;27
Q22;2019;390000065;390780161;;;;;;1;1
Q22;2019;390000073;390780179;1;;;;;;1
Q22;2019;390000164;390780476;16;;;;;3;19
Q22;2019;390000222;390780609;8;;;12;;3;23
Q22;2019;400000105;400780193;16;2;0;15;0;9;42
Q22;2019;400000113;400011177;2;0;0;0;0;1;3
Q22;2019;400000139;400011177;12;1;0;10;4;18;45
Q22;2019;400782777;400780193;;;;;;1;1
Q22;2019;400787354;400780193;1;;;;;;1
Q22;2019;410000020;410000087;39;0;0;10;0;23;72
Q22;2019;410000038;410000095;0;0;0;7;0;0;7
Q22;2019;410000046;410000103;;1;;7;;2;10
Q22;2019;410000053;410000111;1;;;;;;1
Q22;2019;410000293;410000491;1;;;;;;1
Q22;2019;410000442;750005068;;;;1;;;1
Q22;2019;410000475;;2;;;;;;2
Q22;2019;410003768;410000095;2;0;0;0;0;0;2
Q22;2019;410004063;410000095;0;0;0;1;0;0;1
Q22;2019;420000010;420780033;28;1;2;23;6;11;71
Q22;2019;420000226;420013831;4;;;10;;3;17
Q22;2019;420000234;420780652;11;2;;22;;;35
Q22;2019;420000242;420780660;;;;1;;;1
Q22;2019;420000267;420013831;;;;11;;;11
Q22;2019;420000275;420780694;1;;;;;;1
Q22;2019;420002479;420002438;;;;1;;;1
Q22;2019;420010050;420787061;13;;;;;;13
Q22;2019;420010241;420013492;;1;;21;;2;24
Q22;2019;420010258;420010209;1;;;;;;1
Q22;2019;420011413;420011405;3;;;2;;;5
Q22;2019;420780637;420002495;21;0;0;0;6;2;29
Q22;2019;420780678;420002495;;;;;;2;2
Q22;2019;420782559;420784878;17;3;;2;;0;22
Q22;2019;420782567;420784878;5;;;7;;;12
Q22;2019;420784845;420780033;;;;3;;;3
Q22;2019;420785354;420784878;230;4;;39;12;7;292
Q22;2019;430000026;630786754;5;;;;;;5
Q22;2019;430000117;430000018;29;1;0;14;0;12;56
Q22;2019;430000190;430000034;;;;3;;;3
Q22;2019;440000016;440000057;43;2;1;26;5;1;78
Q22;2019;440000024;440000065;;;;;;3;3
Q22;2019;440000180;440000263;7;0;0;2;0;0;9
Q22;2019;440000271;440000289;274;29;19;49;;6;377
Q22;2019;440000396;440053643;;;;5;5;;10
Q22;2019;440000453;440000289;7;;;2;;;9
Q22;2019;440000503;440000313;;;;9;;1;10
Q22;2019;440000560;850009010;;;;2;;;2
Q22;2019;440000883;440042141;;;;1;;1;2
Q22;2019;440001113;490017258;25;2;;;;;27
Q22;2019;440001253;440028538;;;;1;;;1
Q22;2019;440001287;440041531;;;;1;;;1
Q22;2019;440001972;440003309;7;;;;1;;8
Q22;2019;440003291;440000289;14;5;;;;1;20
Q22;2019;440007607;440000057;5;;;;;;5
Q22;2019;440017440;440000057;;;;1;;;1
Q22;2019;440017598;440000289;114;2;;7;;5;128
Q22;2019;440021392;440000289;32;;;;;;32
Q22;2019;440029338;440053411;7;;;;;;7
Q22;2019;440041580;440041572;1;1;;;;;2
Q22;2019;440050433;440053429;5;;;;;;5
Q22;2019;450000047;450000096;4;;;;;3;7
Q22;2019;450000062;450000104;4;;;6;;33;43
Q22;2019;450000070;450000112;2;;;1;;;3
Q22;2019;450000294;450000591;;;;;2;;2
Q22;2019;450000930;450002423;9;0;0;0;0;2;11
Q22;2019;450002613;450000088;109;5;0;15;0;19;148
Q22;2019;460000045;460780083;0;0;0;2;0;3;5
Q22;2019;460000052;460780091;;;;;;1;1
Q22;2019;460000110;460780216;15;0;0;7;0;3;25
Q22;2019;470000423;470016171;12;3;0;23;0;15;53
Q22;2019;470000431;470000324;;;;10;;4;14
Q22;2019;470000480;470001660;;;;10;;1;11
Q22;2019;470000563;470000381;5;;;;;;5
Q22;2019;480000017;480780097;;;;2;4;;6
Q22;2019;490000049;490000031;286;25;;46;;16;373
Q22;2019;490000106;490000163;9;1;;2;;2;14
Q22;2019;490000155;490017258;22;2;;;;;24
Q22;2019;490000601;490015856;2;;;;;;2
Q22;2019;490000635;490000676;34;1;;27;5;;67
Q22;2019;490000643;440042844;1;;;1;;;2
Q22;2019;490001765;490528452;3;;;22;;2;27
Q22;2019;490002979;490535705;1;;;;;;1
Q22;2019;490009248;490535168;;;;1;;;1
Q22;2019;490014909;490008109;1;;;1;2;;4
Q22;2019;490015906;490000197;2;;;;;;2
Q22;2019;490016334;490016326;;;;1;;;1
Q22;2019;490016870;440052041;1;;;;;;1
Q22;2019;490529005;490000031;1;;;6;;;7
Q22;2019;490531910;490535093;11;;;2;;;13
Q22;2019;490543675;490009529;;;;1;;;1
Q22;2019;500000021;500000054;18;;;20;;2;40
Q22;2019;500000187;500000013;43;0;0;0;0;14;57
Q22;2019;500000229;500000567;3;;;;;;3
Q22;2019;500000260;500000054;2;;;4;;2;8
Q22;2019;500000427;500000096;0;0;0;0;0;1;1
Q22;2019;500000450;500000112;37;2;;20;6;1;66
Q22;2019;500000468;500000013;0;0;0;0;0;4;4
Q22;2019;500000476;500000138;2;;;;;;2
Q22;2019;500000575;500000245;1;;;;;4;5
Q22;2019;500010384;;6;;;;;2;8
Q22;2019;500021449;500018296;1;;;;;;1
Q22;2019;510000169;510000037;21;1;;14;;1;37
Q22;2019;510000219;510000052;19;;;;;2;21
Q22;2019;510000235;510000060;11;1;;9;;;21
Q22;2019;510000250;510000078;;;;;;2;2
Q22;2019;510000292;750720534;;;;1;;;1
Q22;2019;510000516;510000136;29;2;;;;;31
Q22;2019;510002298;750721334;1;;;;;;1
Q22;2019;510002447;510000029;179;12;;7;1;3;202
Q22;2019;510002454;510000029;10;;;8;;1;19
Q22;2019;510002470;510000029;22;;;1;3;1;27
Q22;2019;510004302;510000029;132;19;16;18;9;7;201
Q22;2019;510011679;510000029;;;;2;;;2
Q22;2019;510012040;510000532;2;;;;;;2
Q22;2019;510024359;920030269;;;;1;;;1
Q22;2019;510025091;510000052;2;;;;;;2
Q22;2019;520000027;520780032;;;;6;2;;8
Q22;2019;520000043;520780057;2;;;;1;;3
Q22;2019;520000068;520780073;6;;;7;;1;14
Q22;2019;520000076;520780081;4;;;2;;;6
Q22;2019;530000017;530000025;0;0;0;17;0;0;17
Q22;2019;530000132;530007202;;;;1;;;1
Q22;2019;530000173;530000074;;;;8;6;;14
Q22;2019;530000181;530007202;;;;1;;;1
Q22;2019;530000264;530000371;34;1;;;7;6;48
Q22;2019;540000015;540023264;42;1;;3;;4;50
Q22;2019;540000023;540000049;8;;;;;1;9
Q22;2019;540000072;540014081;;;;;;1;1
Q22;2019;540000155;540000080;2;1;;2;3;4;12
Q22;2019;540000163;540023264;17;;;;;;17
Q22;2019;540000296;540000106;0;;;17;;;17
Q22;2019;540000312;540000114;1;;;;;1;2
Q22;2019;540000395;540000122;4;;;;;;4
Q22;2019;540000452;540000908;0;0;0;1;0;0;1
Q22;2019;540000478;540003449;5;;;;;;5
Q22;2019;540000486;540000932;4;;;;;;4
Q22;2019;540000585;540006707;;;;;;1;1
Q22;2019;540000668;540006707;;;;2;;16;18
Q22;2019;540000973;540006707;;;;;;1;1
Q22;2019;540001070;540000767;;;;12;;2;14
Q22;2019;540001096;570010181;2;;;;3;3;8
Q22;2019;540001138;540023264;94;10;12;9;;3;128
Q22;2019;540001286;540003019;35;2;;;;1;38
Q22;2019;540002698;540023264;234;27;;13;;11;285
Q22;2019;540003043;540023264;3;;;;;;3
Q22;2019;540006459;540023264;;;;1;;;1
Q22;2019;540006830;540000767;1;;;;;;1
Q22;2019;540009412;540019726;2;;;;;;2
Q22;2019;540009701;540019726;4;;;;;;4
Q22;2019;540010568;540010519;;;;4;;;4
Q22;2019;540013737;540019726;2;;;;;;2
Q22;2019;540014073;540000056;36;1;;;;;37
Q22;2019;540020146;540006707;;;;4;;;4
Q22;2019;550000012;550006795;24;;;;;10;34
Q22;2019;550000038;550000046;;;;2;;;2
Q22;2019;550000251;550000095;1;;;;;;1
Q22;2019;550000434;550003354;13;;;;;5;18
Q22;2019;550003362;550006795;;;;;;3;3
Q22;2019;560000127;560023210;47;1;;20;10;1;79
Q22;2019;560000135;560005746;32;2;;26;6;2;68
Q22;2019;560000143;560014748;;;;10;;1;11
Q22;2019;560000192;560000044;;;;9;;;9
Q22;2019;560000200;560023210;;;;4;;;4
Q22;2019;560000382;560002032;5;;;1;;1;7
Q22;2019;560000697;560002677;3;;;1;;;4
Q22;2019;560002024;560006074;6;;;;;;6
Q22;2019;560003055;440042844;1;;;;;;1
Q22;2019;560008799;560013989;3;;;;;;3
Q22;2019;570000059;570025254;2;0;0;6;0;13;21
Q22;2019;570000117;570015099;;;;8;;4;12
Q22;2019;570000216;570010181;;;;1;2;;3
Q22;2019;570000281;570005165;3;0;0;0;0;0;3
Q22;2019;570000349;570005165;55;;;;;1;56
Q22;2019;570000596;750821092;1;;;20;;;21
Q22;2019;570000885;570000133;8;;;;;1;9
Q22;2019;570000893;570000141;7;;;;;1;8
Q22;2019;570000901;570000158;1;1;;14;2;;18
Q22;2019;570000950;570000398;2;;;;;;2
Q22;2019;570001016;570000513;13;0;0;0;0;0;13
Q22;2019;570001057;570023630;13;;;;;;13
Q22;2019;570001099;570023630;;;;3;;;3
Q22;2019;570003079;570010181;;;;5;;;5
Q22;2019;570005215;570005165;1;;;;;;1
Q22;2019;570026252;570023630;17;;;;;;17
Q22;2019;570026682;570005165;155;1;1;;;;157
Q22;2019;580004836;580780039;;;;;;2;2
Q22;2019;580972636;580780971;3;;;;;3;6
Q22;2019;580972669;580780070;;;;2;;;2
Q22;2019;580972685;580780096;2;;;;;;2
Q22;2019;580972693;580780039;8;1;;6;3;17;35
Q22;2019;590000014;590780052;3;;;;;;3
Q22;2019;590000097;590780185;2;0;0;0;0;11;13
Q22;2019;590000105;590780193;45;;;4;;;49
Q22;2019;590000121;590780227;17;2;0;15;4;4;42
Q22;2019;590000188;590780334;65;4;0;3;0;1;73
Q22;2019;590000337;590781415;38;4;0;12;0;12;66
Q22;2019;590000428;590781605;10;0;;15;1;;26
Q22;2019;590000436;590781621;;;;;;4;4
Q22;2019;590000477;590781670;1;;;;;3;4
Q22;2019;590000527;590781795;1;;;;;2;3
Q22;2019;590000535;590781803;8;;;;11;1;20
Q22;2019;590000592;590782165;2;;;8;;1;11
Q22;2019;590000618;590782215;78;15;;21;1;31;146
Q22;2019;590000691;590782439;1;0;0;1;0;0;2
Q22;2019;590000758;590782637;3;1;;16;;4;24
Q22;2019;590000766;590782645;2;;;;;;2
Q22;2019;590000774;590782652;;1;;7;;3;11
Q22;2019;590000782;590782660;18;;;3;;;21
Q22;2019;590000790;590782678;13;;;;;;13
Q22;2019;590001004;590783239;35;3;;17;;2;57
Q22;2019;590001418;590034740;19;1;0;10;0;0;30
Q22;2019;590001442;590784245;;;;1;;1;2
Q22;2019;590001582;590785663;;;;2;;;2
Q22;2019;590006607;590780193;110;;;10;;1;121
Q22;2019;590016408;590016358;1;;;;;;1
Q22;2019;590040267;590782678;1;;;;;;1
Q22;2019;590044665;750720575;2;;;;;;2
Q22;2019;590045407;590780193;;;;2;;1;3
Q22;2019;590049565;780020715;;;;2;;;2
Q22;2019;590780060;590000022;2;0;0;0;0;0;2
Q22;2019;590780268;590053955;1;;;;;;1
Q22;2019;590780284;590051801;49;2;;14;;3;68
Q22;2019;590782611;750719239;3;;;;;;3
Q22;2019;590784864;590780193;37;;;6;1;;44
Q22;2019;590784898;590780193;13;;;1;;;14
Q22;2019;590785341;750005068;1;;;;;;1
Q22;2019;590785374;620001834;3;;;;;0;3
Q22;2019;590787529;590782215;4;;;;;1;5
Q22;2019;590787586;590780193;65;;;;1;4;70
Q22;2019;590788865;590782421;;;;1;;;1
Q22;2019;590791091;590780193;;;;6;;;6
Q22;2019;590791323;590782637;1;;;;;;1
Q22;2019;590791729;590781902;;;;2;;;2
Q22;2019;590796975;590780193;211;58;19;19;23;8;338
Q22;2019;590797353;590051801;49;;;15;1;1;66
Q22;2019;590801106;590782421;67;;;23;;;90
Q22;2019;590804696;590781902;34;3;;19;2;1;59
Q22;2019;590806360;590003596;3;;;;;;3
Q22;2019;590811279;590780193;192;;;3;;7;202
Q22;2019;590812186;590782421;;;;;1;;1
Q22;2019;590817441;620003814;;;;;;3;3
Q22;2019;600000012;600100028;10;;;;;;10
Q22;2019;600000053;600101984;2;;;;1;7;10
Q22;2019;600000186;600100648;;;;6;1;;7
Q22;2019;600000194;600100713;30;3;0;37;11;10;91
Q22;2019;600000285;600100721;0;0;0;5;0;0;5
Q22;2019;600000467;600101984;17;;;;1;42;60
Q22;2019;600100309;750721334;1;;;;;;1
Q22;2019;600100796;750720609;1;;;;;;1
Q22;2019;600113476;600100721;12;3;0;32;8;14;69
Q22;2019;610000028;610780025;;;;;;3;3
Q22;2019;610000051;610780082;6;;;10;;26;42
Q22;2019;610000069;610780090;7;1;;2;4;3;17
Q22;2019;610000093;610780140;;;;1;;;1
Q22;2019;610000119;610780165;5;0;0;4;0;15;24
Q22;2019;610780116;610790594;1;;;;;;1
Q22;2019;620000026;620003814;;;;;;2;2
Q22;2019;620000034;620100057;36;3;0;27;6;6;78
Q22;2019;620000224;620100651;12;4;0;19;7;0;42
Q22;2019;620000240;620100677;10;0;0;3;0;0;13
Q22;2019;620000257;620100685;74;3;0;27;0;11;115
Q22;2019;620000281;620101287;11;;;6;0;9;26
Q22;2019;620000323;620101337;23;;1;;7;7;38
Q22;2019;620000349;620101360;3;;;6;;12;21
Q22;2019;620000653;620103440;35;;;13;1;9;58
Q22;2019;620002154;620112607;1;;;;;;1
Q22;2019;620003202;620103432;11;;;18;5;;34
Q22;2019;620003350;620001834;1;0;0;0;0;0;1
Q22;2019;620003376;620001834;4;;;;;;4
Q22;2019;620003475;620100685;3;0;0;1;0;1;5
Q22;2019;620018143;620100057;3;0;0;0;0;0;3
Q22;2019;620025346;620001834;1;;;;;;1
Q22;2019;620026690;620027839;1;;;;;;1
Q22;2019;620027664;620003814;;;;;;3;3
Q22;2019;620100099;620014779;;1;;;;;1
Q22;2019;620100347;590039863;2;;;;;;2
Q22;2019;630000131;630003168;;;;;1;;1
Q22;2019;630000149;630780302;3;;;;;;3
Q22;2019;630000404;630780989;196;20;;8;;17;241
Q22;2019;630000412;630780997;;;;2;;1;3
Q22;2019;630000420;630781003;4;1;;5;;4;14
Q22;2019;630000438;630781011;6;1;;6;2;;15
Q22;2019;630000446;630781029;;1;;7;;;8
Q22;2019;630000479;630781110;42;4;0;0;0;1;47
Q22;2019;630000487;630781136;1;;;;;;1
Q22;2019;630010296;630001188;1;;;;;;1
Q22;2019;630780195;630786754;19;;;;;;19
Q22;2019;630781268;630780989;129;8;13;11;;9;170
Q22;2019;630781755;630011518;2;;;;;;2
Q22;2019;630781771;630780989;22;;;;;1;23
Q22;2019;630781839;630000826;3;;;;;;3
Q22;2019;630783538;630780989;6;;;;;1;7
Q22;2019;630785756;630001188;1;;;;;;1
Q22;2019;640000162;640780417;50;;;35;;;85
Q22;2019;640000402;640780813;;;;5;2;1;8
Q22;2019;640000410;640780821;;;;7;;;7
Q22;2019;640000436;640780862;10;;;2;;2;14
Q22;2019;640000600;640781290;50;0;0;21;4;4;79
Q22;2019;640005393;650789068;1;;;;;;1
Q22;2019;640017646;640017638;0;0;0;5;0;0;5
Q22;2019;640780755;640780417;1;;;;;;1
Q22;2019;640780946;640000469;1;;;1;;;2
Q22;2019;650000045;650780158;0;0;0;7;0;0;7
Q22;2019;650000052;650780166;4;;;;;;4
Q22;2019;650000060;650780174;2;;;1;;;3
Q22;2019;650000417;650783160;20;0;0;5;8;1;34
Q22;2019;650780182;650783160;1;;;2;;;3
Q22;2019;650784218;650780174;;;;2;;;2
Q22;2019;660000084;660780180;42;2;2;40;;25;111
Q22;2019;660000092;660780198;4;1;;;;;5
Q22;2019;660790387;660790379;1;;;;;;1
Q22;2019;670000025;670780055;198;9;17;15;;49;288
Q22;2019;670000058;670013366;14;;;1;;5;20
Q22;2019;670000157;670780337;26;2;0;23;3;6;60
Q22;2019;670000165;670780345;4;1;;26;1;4;36
Q22;2019;670000272;670780543;;;;4;;2;6
Q22;2019;670000306;670780584;2;;;;;;2
Q22;2019;670000397;670017755;8;;;16;;1;25
Q22;2019;670000405;670017755;2;;;;;;2
Q22;2019;670000603;670781152;6;;;1;;4;11
Q22;2019;670013754;;1;;;;;;1
Q22;2019;670017458;670017441;;;;2;;;2
Q22;2019;670018068;670017847;3;;;1;;;4
Q22;2019;670780113;670780055;17;1;;;;;18
Q22;2019;670780121;670013754;7;;;;;1;8
Q22;2019;670780188;670014604;;;;2;;;2
Q22;2019;670780212;670014604;;1;;;;;1
Q22;2019;670781129;670013754;3;;;;;2;5
Q22;2019;670783133;670780055;7;;;8;;3;18
Q22;2019;670783273;670780055;214;27;1;31;;40;313
Q22;2019;670797539;670014604;1;;;;;;1
Q22;2019;670798636;670014604;4;;;;;;4
Q22;2019;670799550;670780055;2;;;;;;2
Q22;2019;680000130;680000353;1;;;;;;1
Q22;2019;680000544;680020336;;;;;;1;1
Q22;2019;680000627;680020336;4;;;0;;1;5
Q22;2019;680000684;680000973;69;2;;40;1;59;171
Q22;2019;680000700;680001005;;;;;;1;1
Q22;2019;680000874;680001179;9;;;;;2;11
Q22;2019;680004546;680020336;55;0;0;43;5;50;153
Q22;2019;680004553;680020336;;;;5;;4;9
Q22;2019;680004579;680000973;;;;4;;2;6
Q22;2019;680007648;680007598;;;;1;;;1
Q22;2019;680020427;680014495;4;;;;;;4
Q22;2019;690000021;690780044;0;;;;;4;4
Q22;2019;690000088;690780101;48;0;0;1;0;4;53
Q22;2019;690000096;690780119;6;;;;;1;7
Q22;2019;690000245;690780432;;1;;6;;6;13
Q22;2019;690000427;750721334;;;;;;6;6
Q22;2019;690000575;690782222;2;4;1;58;0;17;82
Q22;2019;690000625;690782271;0;;;5;;7;12
Q22;2019;690000773;690782925;;4;;6;;;10
Q22;2019;690000880;690783220;48;4;;;;;52
Q22;2019;690007539;690781810;129;8;;13;;14;164
Q22;2019;690019849;690781810;2;;;;;2;4
Q22;2019;690022959;690000732;1;;;;;;1
Q22;2019;690023239;690000146;2;;;;;;2
Q22;2019;690023411;690000252;10;;;;;;10
Q22;2019;690041124;690000724;6;;;;;;6
Q22;2019;690041132;690006598;6;;;;;6;12
Q22;2019;690780093;750821092;5;;;3;;;8
Q22;2019;690780549;920030269;1;;;;;3;4
Q22;2019;690780648;690036900;4;;;;;;4
Q22;2019;690781745;690000542;1;;;;;;1
Q22;2019;690782081;750005068;1;;;;;;1
Q22;2019;690783154;690781810;172;8;19;11;;9;219
Q22;2019;690784137;690781810;165;17;1;10;;23;216
Q22;2019;690784152;690781810;132;26;;15;;8;181
Q22;2019;690784178;690781810;45;1;;1;;15;62
Q22;2019;690784186;690781810;54;8;;3;;11;76
Q22;2019;690784194;690781810;4;2;;5;;;11
Q22;2019;690784202;690781810;10;;;;;;10
Q22;2019;690787429;690781810;1;;;;;;1
Q22;2019;690787478;690781810;1;1;;;;;2
Q22;2019;690796727;;14;;;1;;;15
Q22;2019;690805361;690805353;37;3;0;12;2;3;57
Q22;2019;700000011;700780026;;;;2;2;;4
Q22;2019;700000029;700004591;22;;;17;1;5;45
Q22;2019;700780042;250006335;1;;;;;;1
Q22;2019;700780059;700004591;;;;;;1;1
Q22;2019;700780075;700004096;6;;;;;8;14
Q22;2019;700780208;700004591;;;;;;1;1
Q22;2019;710002569;710000092;;;;1;;;1
Q22;2019;710006859;710000118;2;;;;;;2
Q22;2019;710010067;710780644;3;;;14;;3;20
Q22;2019;710010786;710781451;;;;8;;;8
Q22;2019;710014317;710001843;1;;;;;;1
Q22;2019;710014820;710012915;1;;;;;;1
Q22;2019;710780917;710000274;;;;5;;;5
Q22;2019;710781535;210010294;;;;1;;;1
Q22;2019;710781824;710000464;1;;;;;;1
Q22;2019;710978180;710781360;;;;2;;;2
Q22;2019;710978214;710781345;;;;1;;;1
Q22;2019;710978230;710781329;11;;;;;;11
Q22;2019;710978263;710780958;39;1;0;9;5;0;54
Q22;2019;710978271;710781014;;;;1;;;1
Q22;2019;710978289;710780263;38;1;0;7;6;1;53
Q22;2019;710978313;710976705;5;;;;1;;6
Q22;2019;710978347;570010181;;;;5;5;;10
Q22;2019;720000033;720000025;101;3;;43;21;3;171
Q22;2019;720000041;720000058;8;;;;;1;9
Q22;2019;720000249;720000645;1;;;1;;;2
Q22;2019;720000413;720008390;1;;;;;;1
Q22;2019;720000470;610780082;;;;2;;2;4
Q22;2019;720000744;720000454;3;;;1;;2;6
Q22;2019;720016179;720016724;;;;10;;;10
Q22;2019;720018100;750720575;1;;;;;;1
Q22;2019;730000031;730000015;46;3;1;45;3;22;120
Q22;2019;730000080;730780103;2;;;;2;;4
Q22;2019;730000098;730000015;;2;;2;2;;6
Q22;2019;730000262;730002839;11;;;;;;11
Q22;2019;730000304;730780582;6;0;0;0;0;0;6
Q22;2019;730783552;730000015;1;;;1;;;2
Q22;2019;730783644;730000015;2;0;0;2;0;0;4
Q22;2019;740000237;740781133;56;;;29;;12;97
Q22;2019;740000294;740781208;;;;1;;;1
Q22;2019;740000302;740781133;;;;5;;;5
Q22;2019;740000328;740790381;1;1;;5;;;7
Q22;2019;740013412;740781133;1;;;;;;1
Q22;2019;740781026;740000211;1;;;;;;1
Q22;2019;740781141;740790258;15;2;;25;;16;58
Q22;2019;740781224;740001839;4;;;22;;1;27
Q22;2019;750000481;750110025;27;1;;1;;4;33
Q22;2019;750000499;750062036;95;5;0;19;0;10;129
Q22;2019;750000507;750058844;2;;;;;;2
Q22;2019;750000523;750150120;85;5;;;8;27;125
Q22;2019;750000549;750150229;76;2;;;;14;92
Q22;2019;750006538;940016819;8;0;0;0;0;0;8
Q22;2019;750007668;750719270;3;;;;;;3
Q22;2019;750039448;750720914;4;;;;;3;7
Q22;2019;750041543;750712184;3;0;21;2;1;2;29
Q22;2019;750052037;;1;;;;;;1
Q22;2019;750055287;750806853;1;;;;;2;3
Q22;2019;750057028;750005068;1;;;;;;1
Q22;2019;750100018;750712184;19;3;0;11;0;4;37
Q22;2019;750100042;750712184;137;16;1;35;5;19;213
Q22;2019;750100075;750712184;129;19;0;8;1;29;186
Q22;2019;750100083;750712184;12;2;5;9;0;1;29
Q22;2019;750100091;750712184;126;12;0;23;6;16;183
Q22;2019;750100109;750712184;92;5;0;16;5;12;130
Q22;2019;750100125;750712184;302;26;27;27;7;64;453
Q22;2019;750100166;750712184;204;21;0;20;3;44;292
Q22;2019;750100208;750712184;185;21;1;12;5;32;256
Q22;2019;750100232;750712184;279;26;0;28;5;39;377
Q22;2019;750100273;750712184;92;11;0;15;1;12;131
Q22;2019;750100299;750712184;4;0;0;4;1;1;10
Q22;2019;750150013;750811887;6;;;;;3;9
Q22;2019;750150104;750720476;44;3;;;;15;62
Q22;2019;750150146;750720609;3;;;;;8;11
Q22;2019;750150187;750000143;1;;;1;;;2
Q22;2019;750150237;750006728;31;;;;;9;40
Q22;2019;750150260;750006728;;;;2;;;2
Q22;2019;750150344;750720468;;;;3;;;3
Q22;2019;750160012;750813321;52;3;;;;1;56
Q22;2019;750170102;750721391;3;;;;;;3
Q22;2019;750300097;750813305;3;;;;;;3
Q22;2019;750301160;750001067;4;;;;;;4
Q22;2019;750801441;750712184;7;0;0;7;4;1;19
Q22;2019;750803447;750712184;168;15;0;16;2;41;242
Q22;2019;750803454;750712184;121;18;0;13;3;17;172
Q22;2019;760000018;760780023;23;2;;37;;12;74
Q22;2019;760000133;760780213;;;;1;;;1
Q22;2019;760000141;760780239;9;;;7;;2;18
Q22;2019;760000158;760780239;461;43;;149;;19;672
Q22;2019;760000166;760780247;39;4;;;;2;45
Q22;2019;760000174;760780254;0;1;0;0;0;0;1
Q22;2019;760000182;760780262;11;;;;;;11
Q22;2019;760000190;760780270;51;;;;;5;56
Q22;2019;760000356;760780726;5;;2;1;;2;10
Q22;2019;760000364;760780734;1;0;0;9;0;3;13
Q22;2019;760000372;760780742;2;;;3;4;;9
Q22;2019;760000463;760024042;28;4;;25;;6;63
Q22;2019;760000620;760782227;1;1;;;;1;3
Q22;2019;760021329;760000448;1;;;;;;1
Q22;2019;760028985;760012039;1;;;;;;1
Q22;2019;760028993;760921429;1;;;;;;1
Q22;2019;760780692;760025734;7;;;;;;7
Q22;2019;760781070;760780726;9;;;;;6;15
Q22;2019;760783522;760780239;15;1;;4;;;20
Q22;2019;760783530;760780239;;;;2;;;2
Q22;2019;760805770;760780726;74;2;;19;;21;116
Q22;2019;770000131;770021145;2;;;11;;8;21
Q22;2019;770000149;770021152;;;;0;7;12;19
Q22;2019;770000156;770110054;5;0;0;23;13;37;78
Q22;2019;770000164;770021152;10;;;0;;1;11
Q22;2019;770000172;770110070;4;;;2;2;;8
Q22;2019;770000446;770021145;16;;;13;0;45;74
Q22;2019;770019032;770021145;22;;;14;;40;76
Q22;2019;770020949;770015030;1;;;;;;1
Q22;2019;780000287;780110011;4;;;10;;38;52
Q22;2019;780000295;780002697;11;;;8;;;19
Q22;2019;780000311;780001236;50;1;;9;;50;110
Q22;2019;780000329;780110052;0;0;0;11;0;14;25
Q22;2019;780000337;780001236;6;2;;2;;5;15
Q22;2019;780000378;780130027;;;;1;;;1
Q22;2019;780000402;780024113;0;0;0;4;0;5;9
Q22;2019;780000410;780140059;1;;;;;1;2
Q22;2019;780001657;780530010;;;;;;1;1
Q22;2019;780140018;750005068;3;;;1;;;4
Q22;2019;780150066;780808614;4;;;;;;4
Q22;2019;780300323;780003679;1;;;;;;1
Q22;2019;780800256;780110078;95;3;;20;11;15;144
Q22;2019;790000087;790000012;45;0;0;28;5;7;85
Q22;2019;790000111;790019491;;;;1;;;1
Q22;2019;790019848;790006654;;;;;;12;12
Q22;2019;800000143;800000028;15;1;0;14;0;8;38
Q22;2019;800000184;800000036;;;;1;;;1
Q22;2019;800000192;800000044;49;;;9;;;58
Q22;2019;800000200;800000051;5;;;1;;;6
Q22;2019;800000226;800000069;;1;;9;;;10
Q22;2019;800000390;800000085;;;;3;4;;7
Q22;2019;800000432;800000093;;;;5;;;5
Q22;2019;800000457;800000119;10;1;0;1;0;2;14
Q22;2019;800006124;800000044;298;41;;13;;13;365
Q22;2019;800016768;800003071;0;;;1;;;1
Q22;2019;800016776;800000085;;;;1;;;1
Q22;2019;810000505;810000331;16;0;0;6;0;4;26
Q22;2019;810000521;810000380;13;;;14;3;3;33
Q22;2019;810000562;810000455;3;;;;3;;6
Q22;2019;810100008;;4;;;;;;4
Q22;2019;820000032;820000016;21;;;4;11;3;39
Q22;2019;830000279;830100517;0;0;0;9;0;0;9
Q22;2019;830000287;830100525;0;0;0;11;0;0;11
Q22;2019;830000295;830100533;;1;;7;7;1;16
Q22;2019;830000311;830100566;5;;;13;;11;29
Q22;2019;830000337;830100590;;;;3;;;3
Q22;2019;830000345;830100616;44;;;26;;17;87
Q22;2019;830000600;830101200;3;0;0;0;0;0;3
Q22;2019;830100558;690781810;1;;;;;4;5
Q22;2019;830100574;750821092;25;;;39;1;;65
Q22;2019;830100582;750721334;1;;;;;;1
Q22;2019;830100608;830100616;2;;;2;;2;6
Q22;2019;830202743;830100616;1;;;;;;1
Q22;2019;830206298;830100517;;0;0;1;0;0;1
Q22;2019;840000343;840000012;;;;;;3;3
Q22;2019;840000350;840000657;0;2;0;0;0;0;2
Q22;2019;840000392;840000046;;;;2;;5;7
Q22;2019;840000418;840004659;;;;2;3;;5
Q22;2019;840000483;840000087;;;;5;;2;7
Q22;2019;840000491;130041916;;;;2;;;2
Q22;2019;840001861;840006597;16;0;0;38;0;38;92
Q22;2019;850000118;850013244;;;;1;;;1
Q22;2019;850000142;850000019;45;3;;34;14;;96
Q22;2019;850000175;850009010;3;1;0;14;0;0;18
Q22;2019;850000191;850000043;0;0;0;1;0;;1
Q22;2019;850000209;850000019;;;;4;1;;5
Q22;2019;850000225;850000019;;;;5;;;5
Q22;2019;850000241;850000084;;;;17;;;17
Q22;2019;850000258;850000092;4;;;2;;2;8
Q22;2019;850009630;850000035;0;0;0;12;;0;12
Q22;2019;860000017;860780048;32;;;;;;32
Q22;2019;860000025;860013382;3;1;0;9;1;0;14
Q22;2019;860000033;860013382;;;;;;1;1
Q22;2019;860000058;860014208;;;;1;;;1
Q22;2019;860000223;860014208;305;33;;46;17;3;404
Q22;2019;870000064;870000015;187;38;1;6;8;8;248
Q22;2019;870000098;870000023;4;1;;1;4;3;13
Q22;2019;870000270;870000031;;;;2;;2;4
Q22;2019;870000288;870017415;2;;;;;;2
Q22;2019;870000551;870014503;;;;1;;;1
Q22;2019;870000601;870014248;0;;;1;;;1
Q22;2019;870001567;870014503;;;;1;;;1
Q22;2019;870003514;870000015;5;0;0;1;0;0;6
Q22;2019;870006137;870002466;26;;;1;;1;28
Q22;2019;870014859;870000015;27;1;0;11;1;1;41
Q22;2019;880000021;880007059;26;;;17;1;1;45
Q22;2019;880000047;880780077;3;;;5;3;3;14
Q22;2019;880000054;880007299;;1;;6;;2;9
Q22;2019;880000062;880780093;3;0;0;15;0;3;21
Q22;2019;880000088;880780119;6;;;;;;6
Q22;2019;880006663;880007059;2;;;;;;2
Q22;2019;890008956;890001738;1;;;;;;1
Q22;2019;890975519;890000052;4;;;;;3;7
Q22;2019;890975527;890000037;14;;;6;3;6;29
Q22;2019;890975535;890000409;;;;3;;;3
Q22;2019;890975543;890000417;1;;;;2;0;3
Q22;2019;890975550;890970569;;;;3;;36;39
Q22;2019;900002429;700004096;4;;;;;1;5
Q22;2019;900003039;900000365;47;2;0;28;5;26;108
Q22;2019;910000272;910110014;5;;;;;11;16
Q22;2019;910000280;910019447;;;;6;;;6
Q22;2019;910000298;910110055;4;;;10;10;42;66
Q22;2019;910000306;910110055;7;;;8;4;13;32
Q22;2019;910000314;910002773;;;;;7;;7
Q22;2019;910000330;910140029;3;;;1;;9;13
Q22;2019;910001973;910019447;;;;12;;3;15
Q22;2019;910018423;910110055;;;;;5;6;11
Q22;2019;910020254;910002773;106;1;;;2;75;184
Q22;2019;910110071;910110055;;;;;;4;4
Q22;2019;910140037;750720914;5;;;;;1;6
Q22;2019;910150028;750811184;;;;;;3;3
Q22;2019;910300011;910000348;2;;;;;;2
Q22;2019;910300219;910003888;4;;;;;;4
Q22;2019;910310028;920030269;1;;;;;;1
Q22;2019;910803543;910017615;4;;;;;;4
Q22;2019;920000460;750813321;23;3;;;;2;28
Q22;2019;920000569;920026374;;;;;;6;6
Q22;2019;920000577;920110020;2;0;1;7;2;12;24
Q22;2019;920000585;920026374;9;;;10;;8;27
Q22;2019;920000619;920009909;7;;;;;1;8
Q22;2019;920000643;920032505;4;;;14;;2;20
Q22;2019;920000650;920150059;117;14;;;;15;146
Q22;2019;920000684;920150091;16;3;;;;;19
Q22;2019;920002177;920804465;9;;;1;;;10
Q22;2019;920007408;950140012;0;0;0;2;0;0;2
Q22;2019;920007549;920007499;1;;;;;;1
Q22;2019;920027711;940140049;6;;;;;3;9
Q22;2019;920100013;750712184;77;7;0;20;3;9;116
Q22;2019;920100021;750712184;49;6;0;17;7;19;98
Q22;2019;920100039;750712184;144;14;0;24;8;44;234
Q22;2019;920100047;750712184;47;2;4;24;2;22;101
Q22;2019;920100054;750712184;29;1;0;1;6;10;47
Q22;2019;920100062;750712184;17;0;0;5;1;3;26
Q22;2019;920120011;750821092;16;5;0;0;13;1;35
Q22;2019;920140019;750005068;1;0;;;;;1
Q22;2019;920140027;750720575;4;;;;;;4
Q22;2019;920170115;920718053;1;;;;;;1
Q22;2019;920300043;920001526;8;1;;3;;;12
Q22;2019;920300191;920000767;1;;;;;;1
Q22;2019;920300365;920815388;2;0;0;0;0;;2
Q22;2019;920300753;920810736;4;;;;;;4
Q22;2019;920300787;920000981;;;;10;;;10
Q22;2019;920811635;780140059;1;;;;;2;3
Q22;2019;930000286;930021480;28;0;0;13;0;48;89
Q22;2019;930000294;930021480;1;;;;;2;3
Q22;2019;930000302;930110036;60;1;;;;17;78
Q22;2019;930000328;930110051;44;2;;39;4;36;125
Q22;2019;930000336;930110069;39;4;;39;16;22;120
Q22;2019;930000344;930140025;19;;;2;;19;40
Q22;2019;930001433;930110051;2;;;;;;2
Q22;2019;930006648;750721235;1;;;;;;1
Q22;2019;930015458;930003975;1;;;;;;1
Q22;2019;930100011;750712184;1;0;0;2;0;0;3
Q22;2019;930100037;750712184;68;7;0;15;9;32;131
Q22;2019;930100045;750712184;19;2;0;19;6;14;60
Q22;2019;930706239;930110051;;;;5;;;5
Q22;2019;940000573;940110018;76;3;0;22;0;28;129
Q22;2019;940000599;940110042;26;0;0;20;5;53;104
Q22;2019;940000607;940140015;8;0;0;0;0;0;8
Q22;2019;940000615;940140023;6;;;;;4;10
Q22;2019;940000631;940140049;18;4;0;3;0;3;28
Q22;2019;940000649;940150014;25;;;;7;12;44
Q22;2019;940000656;940160013;1;;;;;;1
Q22;2019;940000664;940160013;76;8;;;;32;116
Q22;2019;940006679;940017338;1;;;;;;1
Q22;2019;940016868;940016819;21;0;0;0;0;5;26
Q22;2019;940021157;750005068;1;;;;;;1
Q22;2019;940100027;750712184;177;10;7;23;8;65;290
Q22;2019;940100035;750712184;7;0;6;8;2;1;24
Q22;2019;940100043;750712184;349;36;2;46;8;84;525
Q22;2019;940100050;750712184;2;0;0;3;0;0;5
Q22;2019;940100068;750712184;21;3;0;1;1;14;40
Q22;2019;940120017;750821092;12;2;;13;;;27
Q22;2019;940300270;940000771;1;;;;;;1
Q22;2019;940300445;940000854;5;;;;;;5
Q22;2019;940700032;940001027;2;;;;;;2
Q22;2019;940700040;570010181;1;;;;;;1
Q22;2019;940806490;750810798;2;0;0;0;0;0;2
Q22;2019;950000307;950110015;40;4;;32;4;28;108
Q22;2019;950000315;950001370;;;;13;1;1;15
Q22;2019;950000323;950013870;18;;;25;;59;102
Q22;2019;950000331;950110049;13;0;0;28;5;50;96
Q22;2019;950000349;950015289;;;;3;;;3
Q22;2019;950000364;950110080;27;0;0;9;5;60;101
Q22;2019;950000398;950140012;0;0;0;1;0;0;1
Q22;2019;950002568;920030269;1;;;;;;1
Q22;2019;950630012;750721334;;;;;;1;1
Q22;2019;950806166;950001453;1;;;;;;1
Q22;2019;970100020;970100152;;;;2;;;2
Q22;2019;970100111;970100343;2;;;;;;2
Q22;2019;970100392;970100178;4;0;0;23;0;7;34
Q22;2019;970100400;970100186;0;0;0;2;0;2;4
Q22;2019;970100418;970100194;0;0;0;0;0;1;1
Q22;2019;970100442;970100228;150;;;86;3;40;279
Q22;2019;970100475;970100277;8;;;;;1;9
Q22;2019;970100483;970100285;4;1;1;5;;2;13
Q22;2019;970102596;970100491;2;;;;;;2
Q22;2019;970200028;970208906;1;;;;;;1
Q22;2019;970200044;970202164;;;;;;1;1
Q22;2019;970200069;970202180;0;0;0;7;0;0;7
Q22;2019;970211165;970211157;6;;;;;3;9
Q22;2019;970211173;970211157;;;;;;1;1
Q22;2019;970211215;970211207;263;;;;;;263
Q22;2019;970211223;970211207;13;;;;;;13
Q22;2019;970211231;970211207;8;;;;;6;14
Q22;2019;970211249;970211207;6;;;;;2;8
Q22;2019;970211256;970211207;44;;;;;;44
Q22;2019;970300026;970302022;23;0;0;40;0;8;71
Q22;2019;970300083;970302121;0;0;0;9;8;0;17
Q22;2019;970305637;970305629;;;;;;1;1
Q22;2019;970400016;970411005;5;;;1;;;6
Q22;2019;970400024;970408589;103;0;0;49;3;3;158
Q22;2019;970400057;970408589;153;0;0;113;0;3;269
Q22;2019;970400065;970421038;16;0;0;26;0;0;42
Q22;2019;970400073;970403606;0;0;0;23;0;0;23
Q22;2019;970400081;970408589;1;0;0;2;0;0;3
Q22;2019;970400180;970408589;2;0;0;5;0;0;7
Q22;2019;970404588;970404539;;;;2;;;2
Q22;2019;970423000;970430906;;;;6;;3;9
Q22;2019;970463139;970408589;1;0;0;0;0;0;1
Q22;2019;980500011;980500003;18;;;11;12;15;56
