BOR;AN;FI;FI_EJ;TELEMED_A1;TELEMED_A20;TELEMED_A21;TELEMED_A22;TELEMED_B1;TELEMED_B20;TELEMED_B21;TELEMED_B22;TELEMED_A2;TELEMED_A23;TELEMED_B2;TELEMED_B23;TELEMED_A3;TELEMED_A24;TELEMED_A25;TELEMED_B3;TELEMED_B24;TELEMED_B25;TELEMED_A4;TELEMED_B4;TELEMED_A17;TELEMED_A18;TELEMED_A19;TELEMED_A6;TELEMED_A26;TELEMED_A27;TELEMED_A28;TELEMED_A29;TELEMED_A30;TELEMED_A31;TELEMED_A32;TELEMED_A33;TELEMED_A34;TELEMED_A35;TELEMED_A36;TELEMED_A37;TELEMED_A38
TELEMED;2019;010000024;010780054;0;0;0;0;0;0;0;0;0;0;0;0;0;0;0;0;0;0;0;0;;;;0;0;0;0;1;0;0;0;0;0;0;0;0;1
TELEMED;2019;010000081;010780112;0;0;0;0;0;0;0;0;0;0;1;0;0;0;0;0;0;0;0;0;0;0;;1;0;0;0;0;0;1;0;0;0;0;1;0;0
TELEMED;2019;010000214;010007987;0;;;;0;;;;0;;1;1;0;;;0;;;0;0;0;0;;0;0;0;0;0;0;0;0;0;0;0;0;0;0
TELEMED;2019;010000495;010783009;1;0;0;0;0;0;0;0;1;0;0;0;0;0;0;0;0;0;0;0;0;0;;0;0;0;1;0;0;1;0;0;0;0;0;0;0
TELEMED;2019;010006526;690796552;1;1;0;0;0;;;;0;;1;0;1;1;0;0;;;1;0;0;0;;0;0;0;0;1;0;0;0;0;0;0;0;0;0
TELEMED;2019;010789006;210012290;0;0;0;0;0;0;0;0;0;0;0;0;1;1;0;0;0;0;0;0;0;0;;0;0;0;0;0;0;0;0;0;0;0;0;0;0
TELEMED;2019;020000162;020000063;0;;;;0;;;;1;1;1;1;0;;;0;;;0;0;0;0;;0;0;0;1;1;0;1;0;1;0;0;0;0;0
TELEMED;2019;020000303;750814030;0;0;0;0;0;0;0;0;0;1;0;0;0;0;0;0;0;0;0;0;0;0;;0;0;0;0;1;0;0;0;0;0;0;1;0;1
TELEMED;2019;020000519;020000261;0;0;0;0;0;0;0;0;1;0;1;0;1;1;0;0;0;0;0;0;1;1;3;0;0;0;0;0;0;0;0;0;0;0;0;0;0
TELEMED;2019;020000535;020000287;0;;;;0;;;1;0;;1;1;0;;;0;;1;0;0;0;0;;0;0;0;1;0;0;1;0;0;0;0;0;0;0
TELEMED;2019;020000915;020003620;0;0;0;0;0;0;0;0;0;0;1;1;0;0;0;0;0;0;0;0;0;0;;1;0;0;0;0;0;0;0;0;0;0;0;0;0
TELEMED;2019;020001061;020004404;0;;;;0;;;;0;0;1;1;0;0;;1;0;1;0;0;0;0;;0;0;0;0;1;0;0;0;0;0;0;0;0;0
TELEMED;2019;020001772;590799995;1;1;0;0;1;1;0;0;1;0;1;0;1;1;0;1;1;0;1;1;0;0;;0;0;0;0;1;0;1;0;0;0;0;0;0;0
TELEMED;2019;020001913;590799995;1;1;0;0;1;1;0;0;1;0;1;0;1;1;0;1;1;0;1;1;0;0;;0;0;0;0;0;0;1;0;0;0;0;0;0;0
TELEMED;2019;020006441;590799995;1;1;0;0;1;1;0;0;1;0;1;0;1;1;0;1;1;0;1;1;0;0;;0;0;0;0;1;0;1;0;0;0;0;0;0;0
TELEMED;2019;020012860;590799995;1;1;0;0;1;1;0;0;1;0;1;0;1;1;0;1;1;0;1;1;0;0;;0;0;0;0;0;0;1;0;0;0;0;0;0;0
TELEMED;2019;020016242;590799995;1;1;0;0;1;1;0;0;1;0;1;0;1;1;0;1;1;0;1;1;0;0;;0;0;0;0;1;0;1;0;0;0;0;0;0;0
TELEMED;2019;020017075;590799995;1;1;0;0;1;1;0;0;1;0;1;0;1;1;0;1;1;0;1;1;0;0;;0;0;0;0;1;0;1;0;0;0;0;0;0;0
TELEMED;2019;030000061;030780092;1;0;1;1;0;0;0;0;1;1;0;1;1;1;0;1;0;0;1;1;1;1;12;1;0;0;0;1;0;1;0;0;0;1;1;0;0
TELEMED;2019;030000079;030780100;1;0;0;0;1;1;0;0;0;0;1;1;0;0;0;1;0;1;0;0;1;1;1;0;0;1;0;0;0;1;0;0;0;0;0;0;0
TELEMED;2019;030000087;030780118;0;;;;1;0;0;0;0;;1;1;1;0;0;0;0;0;0;0;0;0;;0;0;0;0;0;0;0;0;0;0;0;0;0;0
TELEMED;2019;040000127;040780249;0;;;;0;;;;0;0;1;0;0;0;0;0;0;0;0;0;0;0;;0;0;0;0;0;0;0;1;0;0;0;0;0;0
TELEMED;2019;040000911;040788879;0;0;0;0;0;0;1;0;0;0;1;1;0;0;0;0;0;0;0;0;0;0;;0;0;1;0;1;0;1;0;0;0;0;0;0;1
TELEMED;2019;040003113;920033503;1;1;0;0;0;0;0;0;0;0;0;0;0;0;0;1;1;0;0;0;0;0;;0;0;0;0;1;0;1;0;0;0;0;1;0;0
TELEMED;2019;040784860;920033503;1;1;0;0;0;0;0;0;0;0;0;0;1;1;0;1;1;0;0;0;0;0;;0;0;0;0;1;0;1;0;0;0;0;1;0;0
TELEMED;2019;040787541;920033503;1;1;0;0;0;0;0;0;0;0;0;0;0;0;0;1;1;0;0;0;0;0;;0;0;0;0;1;0;1;0;0;0;0;1;0;0
TELEMED;2019;050000090;050006931;0;0;0;1;0;0;0;0;1;0;0;0;1;0;0;0;0;0;0;0;1;0;;0;0;0;0;0;0;1;1;0;0;0;0;0;0
TELEMED;2019;050000223;050000108;0;0;0;0;0;0;0;0;0;0;1;0;0;0;0;0;0;0;0;0;0;0;;0;0;0;0;0;0;0;0;0;0;0;0;0;0
TELEMED;2019;050000231;050000116;1;1;1;1;1;1;1;1;0;0;0;0;0;0;0;0;0;0;0;0;1;1;1;0;0;0;0;0;0;1;0;0;0;0;0;0;1
TELEMED;2019;050000256;050000124;1;1;1;0;1;0;0;0;1;0;1;1;1;0;0;1;1;0;0;0;1;1;2;0;0;0;0;0;0;1;0;0;0;0;0;0;0
TELEMED;2019;050000348;050002948;1;0;1;0;0;0;0;0;1;0;1;1;0;0;0;0;0;0;0;1;0;1;10;1;0;0;0;0;1;1;1;1;0;0;0;0;0
TELEMED;2019;060000411;060780780;0;0;0;0;1;0;1;0;0;0;1;0;0;0;0;1;1;0;0;0;0;1;2;1;0;1;1;1;0;1;0;1;0;1;1;0;0
TELEMED;2019;060000478;060780897;1;0;0;0;1;0;0;0;1;0;1;0;0;0;0;0;0;0;0;0;0;0;;0;0;0;0;0;0;0;0;0;0;0;0;0;0
TELEMED;2019;060000528;060780962;1;1;0;1;1;1;0;1;0;0;0;0;1;0;1;1;0;1;0;0;0;0;;0;0;0;0;0;0;1;0;0;0;0;0;0;0
TELEMED;2019;060000544;060780988;0;0;0;0;0;0;0;0;1;0;1;0;1;1;0;0;0;0;0;0;0;0;;0;0;0;0;0;0;1;0;0;0;0;0;0;1
TELEMED;2019;060019213;060005188;0;0;0;0;0;0;0;0;0;0;0;0;0;0;0;0;0;0;0;0;0;0;;0;0;0;0;0;0;1;0;0;0;0;0;0;0
TELEMED;2019;060780491;060790797;1;1;0;0;0;0;0;0;0;0;1;0;0;0;0;0;0;0;0;0;0;0;;0;0;0;0;0;0;1;0;0;0;0;0;0;0
TELEMED;2019;060780947;060800174;0;;;;0;;;;1;1;0;0;0;;;0;;;0;0;1;0;;1;0;0;1;0;0;1;0;0;0;0;0;0;0
TELEMED;2019;060780996;630786754;0;0;0;0;0;0;0;0;1;0;1;0;0;0;0;0;0;0;0;0;0;0;;0;0;0;0;0;0;1;0;0;0;0;0;0;0
TELEMED;2019;060785003;060785011;1;0;0;1;0;;;;1;1;0;0;0;;;0;;;0;0;1;0;;0;0;0;0;1;1;1;0;0;0;0;0;0;0
TELEMED;2019;060789195;060785011;1;0;1;0;0;;;;1;1;0;;0;;;0;;;0;0;1;0;;0;0;0;0;0;1;1;0;0;0;1;1;0;0
TELEMED;2019;060790177;060785011;0;;;;0;;;;0;1;0;;0;;;0;;;0;0;0;0;;0;0;0;0;0;0;0;0;0;0;0;0;0;0
TELEMED;2019;060794013;060790797;0;0;0;0;0;0;0;0;1;0;0;0;1;1;0;0;0;0;0;0;0;0;;0;0;0;0;0;0;0;0;0;0;0;0;0;0
TELEMED;2019;060800174;;0;;;;0;;;;1;1;1;0;0;;;0;;;0;0;1;0;;1;0;0;1;0;0;1;0;0;0;0;0;0;0
TELEMED;2019;070000013;070002878;0;;;;0;;;;0;;0;;0;;;0;;;0;0;0;1;2;0;0;0;0;0;0;0;0;0;0;0;0;0;0
TELEMED;2019;070000021;070007927;0;0;0;0;1;1;1;0;0;0;1;1;0;0;0;1;1;1;0;0;1;0;0;1;0;0;0;1;0;1;1;0;0;0;0;0;0
TELEMED;2019;070000070;070780150;0;0;0;0;0;0;0;0;1;0;1;1;0;0;0;0;0;0;0;0;1;0;;0;0;0;0;1;0;1;0;0;0;0;0;0;0
TELEMED;2019;070000096;070780184;0;0;0;0;0;;;;0;0;1;0;0;0;0;0;;;0;0;1;0;;1;0;1;0;0;0;1;0;0;0;0;0;0;0
TELEMED;2019;070000112;070007927;0;0;0;0;1;1;1;0;0;0;1;1;0;0;0;1;1;1;0;0;1;0;0;1;0;0;0;1;0;1;1;0;0;0;0;0;0
TELEMED;2019;070000187;070780366;0;0;0;0;0;0;0;0;0;0;1;1;0;0;0;0;0;0;0;0;0;0;;1;0;1;0;0;0;0;0;0;0;0;0;0;1
TELEMED;2019;070000609;070005566;0;0;0;0;1;0;0;0;1;0;1;1;0;0;0;0;0;0;0;0;1;0;;0;0;1;0;0;0;1;0;0;1;0;0;0;1
TELEMED;2019;080000110;080000037;0;0;0;0;0;0;0;0;1;0;1;0;0;0;0;0;0;0;0;0;1;0;;0;0;0;0;0;0;0;0;0;0;0;0;0;0
TELEMED;2019;080000219;080001969;0;0;0;0;0;0;0;0;1;1;1;1;0;0;0;0;0;0;0;0;0;0;;0;0;0;1;0;0;0;0;0;0;0;0;0;0
TELEMED;2019;080000276;080001969;0;0;0;0;0;0;0;0;0;0;0;1;0;0;0;0;0;0;0;0;0;0;;0;0;0;0;0;0;0;0;0;0;0;0;0;0
TELEMED;2019;080000425;080000615;0;0;0;0;0;0;0;0;1;0;1;0;0;0;0;0;0;0;0;0;1;0;;0;0;0;0;0;0;0;0;0;0;0;0;0;0
TELEMED;2019;090000019;090180019;0;0;0;0;0;0;0;0;0;0;0;0;0;0;0;0;0;0;0;0;0;0;;0;0;0;0;0;0;1;0;0;0;0;1;0;0
TELEMED;2019;090000175;090781774;0;;;;0;;;;1;1;1;1;0;;;0;;;0;0;1;1;4;0;0;0;0;0;0;0;0;0;0;0;0;0;0
TELEMED;2019;090000183;090781816;1;0;1;0;1;0;1;0;1;0;1;1;0;0;0;0;0;0;0;0;0;1;2;0;0;1;1;0;0;1;0;0;0;0;0;0;0
TELEMED;2019;100000090;100000017;1;1;1;1;1;1;0;0;0;;0;1;0;;0;1;1;0;0;0;1;1;34;0;0;0;0;1;1;1;0;0;0;1;1;0;0
TELEMED;2019;100000116;100000041;0;;;;1;0;0;0;0;;0;;0;;;0;;;0;0;0;0;;0;0;0;0;0;0;0;0;0;0;0;0;0;0
TELEMED;2019;110000023;110780061;0;0;0;0;0;0;0;0;1;0;1;1;1;1;0;0;0;0;0;0;1;0;;0;0;1;0;0;0;1;0;0;0;0;0;0;0
TELEMED;2019;110000049;110780087;0;0;0;0;0;0;0;0;0;0;0;0;0;0;0;0;0;0;0;0;0;0;0;0;0;1;0;0;0;0;0;0;0;0;0;0;0
TELEMED;2019;110000247;110780772;0;0;0;0;0;0;0;0;0;0;0;0;0;0;0;1;0;0;0;0;0;0;;0;0;0;0;0;0;0;0;0;0;0;0;0;0
TELEMED;2019;110005048;110000114;0;0;0;0;0;0;0;0;0;0;1;0;0;0;0;0;0;0;0;0;0;0;;0;0;0;0;0;0;0;0;0;0;0;0;0;0
TELEMED;2019;110780194;110000080;0;0;0;0;0;0;0;0;0;0;0;0;0;0;0;1;0;0;0;0;0;0;;0;0;0;0;0;0;0;1;0;0;0;0;0;0
TELEMED;2019;120000054;120780069;0;0;0;0;0;0;0;0;0;0;1;1;1;1;0;0;0;0;0;0;0;0;;0;0;1;1;0;0;1;0;0;0;0;0;0;0
TELEMED;2019;120000153;120780291;0;0;0;0;1;0;0;0;0;0;1;0;0;0;0;0;0;0;0;0;0;0;;0;0;0;0;0;0;1;0;0;0;0;0;0;0
TELEMED;2019;120000237;120780481;0;0;1;0;0;0;1;0;0;0;0;0;0;0;0;0;0;0;0;0;1;1;1;0;0;0;0;0;0;1;0;0;0;0;0;0;0
TELEMED;2019;120001748;340000264;0;0;0;0;1;1;0;0;0;0;1;0;0;0;0;1;1;0;0;0;0;0;;0;0;0;0;1;0;1;0;0;0;0;0;0;0
TELEMED;2019;120004569;120004528;0;0;0;0;1;0;0;0;0;0;1;1;0;0;0;0;0;0;0;0;1;1;1;0;0;0;1;0;0;0;0;0;0;0;0;0;0
TELEMED;2019;120004668;120004619;0;0;0;0;0;0;0;0;0;0;1;0;0;0;0;0;0;0;0;0;0;1;6;0;0;0;1;0;0;0;0;0;0;0;0;0;0
TELEMED;2019;120780135;120000104;0;0;0;0;0;0;0;0;1;0;1;0;0;0;0;0;0;0;0;0;0;1;2;0;0;1;1;0;0;1;0;0;0;0;1;0;0
TELEMED;2019;120780283;630786754;0;0;0;0;0;0;0;0;0;0;0;0;0;0;0;0;0;0;1;1;0;0;;0;0;0;1;0;0;1;0;0;0;0;0;0;0
TELEMED;2019;130000409;130041916;0;0;0;0;0;0;0;0;1;1;0;0;1;0;0;0;0;0;0;0;0;0;;0;;;;;;;;;;;;;
TELEMED;2019;130001225;130782634;0;0;0;0;0;0;0;0;0;0;0;0;0;0;0;0;0;0;0;0;1;1;10;0;0;0;0;0;0;0;0;0;0;0;0;0;0
TELEMED;2019;130001647;130784127;0;0;;;0;;;;1;1;1;1;0;0;0;0;0;0;0;0;0;0;;0;0;0;0;0;0;0;0;0;0;0;0;0;0
TELEMED;2019;130002835;130789316;0;0;0;0;0;0;0;0;0;0;1;1;1;1;0;0;0;0;0;0;1;0;;0;0;0;0;0;0;0;0;0;0;0;0;0;1
TELEMED;2019;130034002;130006562;1;0;0;0;0;0;0;0;0;0;0;0;0;0;0;1;0;0;1;0;0;0;;0;0;0;0;1;0;0;0;0;0;0;0;0;0
TELEMED;2019;130034044;130006562;1;0;0;0;0;0;0;0;0;0;0;0;0;0;0;0;0;0;0;0;0;0;;0;0;0;0;1;0;0;0;0;0;0;0;0;0
TELEMED;2019;130783152;130001365;0;0;0;0;0;0;0;;0;0;1;0;0;0;0;0;0;0;0;0;0;0;;0;0;0;0;0;0;0;1;0;0;0;0;0;0
TELEMED;2019;130783236;130786049;1;;;;0;;;;1;;1;;0;;;0;;;0;0;1;;;0;;;;;;;;;;;;;
TELEMED;2019;130783293;130786049;1;;;;0;;;;0;;0;;1;;;0;;;1;1;;;;;;;;;;;;;;;;;
TELEMED;2019;130784051;130037823;0;0;0;0;0;0;0;0;0;0;0;0;1;0;0;0;0;0;0;0;0;0;;1;0;0;0;0;0;0;0;0;0;0;0;0;0
TELEMED;2019;130784481;130006562;1;0;0;0;0;0;0;0;0;0;0;0;0;0;0;0;0;0;0;0;0;0;;0;0;0;0;1;0;0;0;0;0;0;0;0;0
TELEMED;2019;130804297;130786049;1;;;;0;;;;1;;1;;1;;;0;;;0;0;;0;;0;;;;;;;;;;;;;
TELEMED;2019;130806078;130016058;0;1;0;0;0;0;0;0;0;0;0;0;0;0;0;0;0;0;0;0;0;0;;0;0;0;0;0;0;1;0;0;0;0;0;0;0
TELEMED;2019;130808843;920030152;0;0;0;0;1;0;0;0;0;0;0;0;0;0;0;0;0;0;0;0;1;1;6;0;0;0;0;0;0;0;0;0;0;0;0;0;1
TELEMED;2019;140000027;140000035;1;0;1;0;1;0;0;0;0;1;1;0;1;1;0;0;;0;1;0;0;1;10;1;0;0;0;1;0;1;0;0;0;0;0;0;0
TELEMED;2019;140000209;140000100;1;1;1;1;0;0;0;0;1;1;0;0;1;1;0;0;0;0;1;0;1;1;21;1;0;1;0;0;0;1;1;1;0;1;1;1;0
TELEMED;2019;140000233;140000118;1;0;0;0;1;0;1;0;0;;1;1;0;;;0;;;0;0;0;0;;0;1;1;1;0;0;1;0;1;0;1;1;0;1
TELEMED;2019;140000373;140000159;0;0;0;0;0;;;;0;0;1;1;0;0;0;0;;;0;0;0;0;;0;0;0;0;0;0;0;1;0;0;0;0;0;0
TELEMED;2019;140000456;140000316;1;0;1;0;0;0;0;0;1;0;0;0;0;0;0;0;0;0;0;0;0;0;;0;0;0;0;0;0;1;0;0;0;0;1;0;0
TELEMED;2019;140002452;140025800;1;1;0;0;0;0;0;0;0;0;0;0;0;1;0;0;0;0;0;0;0;0;;0;0;1;0;0;0;0;1;0;0;0;0;0;1
TELEMED;2019;140015975;310021092;0;0;0;0;1;0;0;1;0;0;0;0;0;0;0;0;0;0;0;0;0;0;;0;0;0;0;0;0;0;1;0;0;0;0;0;0
TELEMED;2019;140016155;140027426;0;;;;1;0;0;0;0;;0;;0;;;1;0;0;0;0;0;0;;0;0;0;0;0;0;0;1;0;0;0;0;0;0
TELEMED;2019;140016759;140003146;1;1;1;0;0;0;0;0;1;0;0;0;1;1;1;0;0;0;0;0;1;1;7;0;0;1;1;0;0;1;0;0;0;0;0;0;0
TELEMED;2019;140018730;140000423;0;0;0;0;0;0;0;0;0;0;0;0;0;0;0;0;0;0;0;0;0;0;;0;0;0;0;0;0;1;0;0;0;0;0;0;0
TELEMED;2019;140025123;310021126;0;0;0;0;1;0;0;0;0;0;1;0;0;0;0;0;0;0;0;0;0;0;;0;0;0;0;0;0;0;1;0;0;0;0;0;0
TELEMED;2019;140025255;310020383;0;0;0;0;1;0;0;0;0;0;1;0;0;0;0;0;0;0;0;0;0;0;;0;0;0;0;0;0;0;1;0;0;0;0;0;0
TELEMED;2019;140026410;140026279;0;;;;0;;;;0;;0;;1;1;0;0;;;0;0;1;0;;0;0;0;0;0;0;0;1;0;0;0;0;0;0
TELEMED;2019;140026709;140000415;0;;;;0;;;;0;;0;;0;;;1;0;0;0;0;0;0;;0;0;0;0;0;0;0;1;0;0;0;0;0;0
TELEMED;2019;150000032;150780088;0;0;0;0;1;0;0;0;0;0;1;1;0;0;0;0;0;0;0;0;0;0;;0;0;1;1;0;0;1;0;0;0;0;0;0;0
TELEMED;2019;150000040;150780096;0;;;;1;0;0;0;1;0;1;0;0;;;0;;;0;1;0;1;3;0;0;1;1;1;0;1;0;0;0;0;1;0;0
TELEMED;2019;150000164;150780468;0;0;0;0;0;;;;1;0;1;1;0;0;0;0;0;0;0;0;0;1;8;0;0;0;0;1;0;0;0;0;0;0;0;0;0
TELEMED;2019;150001758;630000990;1;1;0;0;0;0;0;0;0;0;0;0;1;1;0;0;0;0;1;0;0;0;;0;0;0;0;1;0;0;1;0;0;0;0;0;0
TELEMED;2019;150002608;660006370;0;0;0;0;1;0;0;0;1;0;1;0;0;0;0;0;0;0;0;0;0;0;;1;0;0;0;1;0;0;0;0;0;0;1;0;0
TELEMED;2019;150780120;150000065;0;0;0;0;1;0;0;0;0;;0;;0;0;0;1;0;0;0;1;0;0;;0;0;0;0;0;0;1;0;1;0;0;1;0;0
TELEMED;2019;160000170;160000204;0;;;;0;;;;0;;1;0;0;;;0;0;0;0;0;0;0;;0;0;0;0;0;0;0;0;0;0;0;0;0;0
TELEMED;2019;160000253;160000451;1;1;0;0;0;0;0;0;0;1;0;0;0;1;1;0;0;0;0;0;0;0;;0;0;1;1;0;0;1;1;0;0;0;1;0;0
TELEMED;2019;160000337;160000493;0;0;0;0;0;0;0;0;0;0;0;1;0;0;0;1;0;0;0;0;0;0;;0;0;0;0;0;0;0;0;0;0;0;0;0;0
TELEMED;2019;160006110;860000348;0;0;0;0;1;1;0;0;0;0;0;0;0;0;0;0;0;0;0;0;0;0;;0;0;0;0;1;0;0;1;0;0;0;1;0;0
TELEMED;2019;160012159;860000348;0;0;0;0;1;1;0;0;0;0;0;0;0;0;0;0;0;0;0;0;0;0;;0;0;0;0;1;0;0;1;0;0;0;1;0;0
TELEMED;2019;160015368;160014411;0;0;0;0;0;0;0;0;0;0;1;0;0;0;0;0;0;0;0;0;0;0;;0;0;0;1;0;0;0;0;0;0;0;1;0;0
TELEMED;2019;170000038;170780050;1;1;1;1;0;0;0;0;0;0;0;0;1;1;0;0;0;0;0;0;0;1;13;0;0;1;0;0;0;1;0;1;0;0;1;0;0
TELEMED;2019;170000087;170024194;0;0;0;0;0;0;0;0;0;0;0;0;1;1;0;0;;0;0;0;0;1;5;1;0;1;1;1;1;1;0;1;0;0;0;0;0
TELEMED;2019;170000095;170780167;0;0;0;0;1;0;0;0;0;0;0;1;0;0;0;0;0;0;0;1;0;1;3;0;0;1;0;0;0;1;0;0;0;0;1;0;0
TELEMED;2019;170000103;170780175;0;;;;0;;;;1;1;1;1;0;;;0;;;1;1;0;0;;1;0;0;1;1;0;0;0;0;0;0;1;0;0
TELEMED;2019;170000129;170780191;0;0;0;0;0;0;0;0;0;0;1;1;0;0;0;0;0;0;0;0;0;0;;0;0;0;0;0;0;0;0;0;0;0;0;0;0
TELEMED;2019;170000152;170780225;0;;;;0;;;;1;1;1;1;0;;;0;;;0;0;0;0;;0;0;0;0;0;0;0;0;0;0;0;0;0;0
TELEMED;2019;170022818;170022057;0;0;0;0;0;0;0;0;0;0;1;1;0;0;0;0;0;0;0;0;0;0;;0;0;0;0;0;0;0;0;0;0;0;0;0;0
TELEMED;2019;170780621;170000285;0;;;;0;;;;0;0;1;1;0;;;0;;;0;0;0;0;;0;0;0;0;0;0;0;0;0;0;0;0;0;0
TELEMED;2019;180000010;180000028;0;0;0;0;1;0;0;0;1;0;1;0;1;0;0;0;0;0;0;0;1;1;9;1;0;1;0;0;0;1;0;0;0;0;1;0;1
TELEMED;2019;180000176;180001158;0;0;0;0;0;0;0;0;0;0;0;0;0;0;0;0;0;0;0;0;0;0;;0;0;0;1;1;0;0;0;0;0;0;0;0;0
TELEMED;2019;180000200;180000051;0;0;0;0;1;0;0;0;0;0;0;0;0;0;0;0;0;0;0;0;0;0;;0;0;0;0;1;0;0;0;0;0;0;0;0;1
TELEMED;2019;180000283;180000069;1;0;1;0;1;0;0;0;1;0;1;1;0;0;0;0;0;0;0;0;0;1;2;0;0;1;0;0;0;1;0;0;0;0;0;0;0
TELEMED;2019;180003287;180000028;0;0;0;0;0;0;0;0;0;0;1;0;0;0;0;0;0;0;0;0;0;0;;1;0;0;0;1;0;0;0;0;0;0;0;0;1
TELEMED;2019;180004145;180000887;0;;;;0;;;;0;;0;;0;;;0;;;0;0;0;0;;1;0;0;0;0;0;0;0;0;0;0;0;0;0
TELEMED;2019;190000018;190000042;1;0;0;0;1;0;0;0;1;1;1;1;0;0;0;0;0;0;0;0;0;0;;0;0;0;1;0;0;1;0;0;0;0;0;0;0
TELEMED;2019;190000026;190000059;1;1;1;0;0;0;0;0;0;0;1;1;0;0;0;0;0;0;0;0;0;0;;0;0;0;0;0;0;0;0;0;0;0;0;0;0
TELEMED;2019;190005140;190002485;0;0;0;0;1;1;0;0;0;0;0;0;0;0;0;0;0;0;0;0;0;0;;0;0;1;0;0;0;1;0;0;0;0;1;0;0
TELEMED;2019;190012476;190002519;0;0;0;0;1;1;0;0;0;0;1;0;0;0;0;0;0;0;0;0;0;0;;0;0;0;0;1;0;0;0;0;0;0;0;0;0
TELEMED;2019;210986360;210012290;0;0;0;0;0;0;0;0;0;0;0;0;1;1;0;0;0;0;0;0;0;0;;0;0;0;0;0;0;0;0;0;0;0;0;0;0
TELEMED;2019;210987558;210780581;1;1;0;0;0;0;0;0;1;0;0;1;1;0;0;0;0;0;0;0;1;0;0;1;1;0;1;1;0;1;0;0;0;0;0;0;0
TELEMED;2019;210987574;210012175;0;0;0;0;0;0;0;0;0;0;1;0;0;0;0;0;0;0;0;0;0;0;;0;0;0;0;0;0;1;0;0;0;0;0;0;0
TELEMED;2019;210987616;210012175;0;0;0;0;0;0;0;0;0;0;1;0;0;0;0;0;0;0;0;0;1;0;;0;0;0;0;0;0;1;0;0;0;0;0;0;0
TELEMED;2019;210987640;210780672;0;0;0;0;0;0;0;0;0;0;0;0;0;0;0;0;0;0;0;0;0;0;;0;0;1;1;1;0;1;0;0;0;0;0;0;0
TELEMED;2019;210987657;210012175;0;0;0;0;1;0;0;0;1;0;1;1;0;0;0;0;0;0;0;1;1;1;2;0;0;0;0;1;0;1;0;0;0;0;1;0;1
TELEMED;2019;210987665;210012142;0;0;0;0;0;0;0;0;0;0;1;1;0;0;0;0;0;0;0;0;0;0;;0;0;0;0;0;0;1;0;0;0;0;0;0;0
TELEMED;2019;210987673;210012142;0;0;0;0;0;0;0;0;1;0;1;0;0;0;0;0;0;0;0;0;0;0;;0;0;0;0;0;0;1;0;0;0;0;1;0;0
TELEMED;2019;210987681;210012142;0;0;0;0;0;0;0;0;0;0;1;0;0;0;0;0;0;0;0;0;0;0;;0;0;0;0;0;0;1;0;0;0;0;0;0;0
TELEMED;2019;210987699;210780706;0;0;0;0;1;0;0;0;0;0;1;1;0;0;0;0;;;0;1;0;0;;0;0;0;1;1;0;0;0;0;0;0;0;0;0
TELEMED;2019;210987731;210780417;1;0;0;0;0;0;0;0;1;0;0;0;0;0;0;0;0;0;0;0;1;0;;0;0;0;0;0;0;0;0;0;0;0;0;0;0
TELEMED;2019;220000012;220000020;1;0;0;0;0;0;0;0;1;1;1;1;1;1;0;0;0;0;0;0;1;1;;1;0;1;1;1;0;1;0;0;0;0;1;0;0
TELEMED;2019;220000095;220000046;0;0;0;0;0;0;0;0;0;0;1;0;0;0;0;0;0;0;0;0;0;0;;0;0;0;0;0;0;0;0;0;0;0;0;0;0
TELEMED;2019;220000368;220000103;0;0;0;0;1;0;0;0;0;0;1;1;1;1;0;0;0;0;0;0;0;0;;1;0;0;1;0;0;0;0;1;0;0;0;0;1
TELEMED;2019;220000541;220000152;1;0;0;0;1;0;0;0;1;0;1;1;0;0;0;0;0;0;0;0;1;0;;1;0;1;1;0;0;0;1;0;0;0;1;0;0
TELEMED;2019;230000820;230780041;0;0;0;0;0;0;0;0;0;0;1;1;0;0;0;0;0;0;0;0;0;0;;0;0;1;1;0;0;0;0;0;0;0;0;0;0
TELEMED;2019;230000846;230780066;0;;;;0;;;;0;0;1;1;0;;;0;;;0;0;0;0;;0;0;0;0;0;0;0;0;0;0;0;0;0;0
TELEMED;2019;230000853;230780074;1;0;0;0;0;;;;0;;0;;0;;;0;;;0;0;1;1;2;0;0;1;0;0;0;1;0;0;0;0;0;0;0
TELEMED;2019;230000952;230780512;0;;;;1;0;1;0;0;;0;0;0;;;0;0;0;0;0;1;1;3;0;0;1;0;1;0;1;0;1;1;1;1;1;1
TELEMED;2019;230780082;750005068;0;;;;0;;;;1;0;1;0;0;;;0;;;0;0;0;0;;0;0;0;0;0;0;0;0;0;0;0;0;0;0
TELEMED;2019;240000372;240000059;0;0;0;0;0;0;0;0;0;0;1;1;0;0;0;0;0;0;0;0;0;1;12;0;0;0;0;0;0;1;0;0;0;0;0;0;0
TELEMED;2019;240000463;240000083;0;0;0;0;0;0;0;0;1;0;1;0;0;0;0;0;0;0;1;0;0;1;12;0;0;0;0;0;0;1;1;0;0;0;1;0;1
TELEMED;2019;240000489;240000117;1;0;0;0;1;0;0;0;1;0;1;1;0;0;0;0;0;0;1;1;1;0;;1;0;0;1;1;1;1;1;0;0;0;1;0;0
TELEMED;2019;240000687;240000448;0;0;0;0;1;0;0;0;0;0;1;1;1;1;0;0;0;0;0;1;0;0;;0;0;0;0;0;0;1;0;0;0;0;0;0;0
TELEMED;2019;250000635;250000239;0;0;0;0;1;1;0;0;0;0;1;0;0;0;0;0;0;0;0;1;0;1;1;0;0;1;0;0;0;1;0;0;0;0;0;0;0
TELEMED;2019;250000700;250000452;0;0;0;0;1;0;1;0;1;1;1;1;0;0;;0;0;0;0;1;0;1;3;0;0;1;0;1;0;1;1;0;0;0;1;0;0
TELEMED;2019;250000718;250000460;0;0;0;0;0;0;0;0;0;0;1;1;1;0;0;0;0;0;0;0;0;1;1;1;0;0;0;0;0;1;0;0;0;0;0;0;0
TELEMED;2019;250000726;250000478;0;;;;0;0;0;0;0;;1;0;0;;;1;0;0;0;0;0;1;1;1;0;0;0;0;0;1;1;0;0;0;1;0;0
TELEMED;2019;250006954;250000015;1;0;0;0;0;0;0;0;1;0;0;0;1;1;0;0;0;0;1;0;1;0;;1;0;1;0;0;0;1;1;0;0;0;0;0;1
TELEMED;2019;250015526;210012290;0;0;0;0;0;0;0;0;0;0;0;0;1;1;0;0;0;0;0;0;0;0;;0;0;0;0;0;0;0;0;0;0;0;0;0;0
TELEMED;2019;250015534;210012290;0;0;0;0;0;0;0;0;0;0;0;0;1;1;0;0;0;0;0;0;0;0;;0;0;0;0;0;0;0;0;0;0;0;0;0;0
TELEMED;2019;260000013;260000021;1;1;0;1;;;;;1;1;;1;1;1;0;;;;1;;1;1;5;0;0;0;1;0;0;1;0;0;0;0;0;0;0
TELEMED;2019;260000138;260000047;1;0;0;0;0;0;0;0;1;1;0;0;1;1;0;0;0;0;0;0;0;0;0;0;0;0;0;0;0;0;0;0;0;0;0;0;0
TELEMED;2019;260000237;260000088;0;;0;0;1;0;0;0;0;;0;;0;;;1;0;0;0;0;0;0;;1;0;0;0;0;0;0;0;0;0;0;0;0;0
TELEMED;2019;260000278;260000096;0;0;0;0;1;0;0;0;0;0;0;0;0;0;0;0;0;0;0;0;0;0;;0;0;0;0;0;0;0;0;0;0;0;0;0;0
TELEMED;2019;270000367;270000086;1;0;1;0;1;0;1;0;0;0;0;0;0;0;0;1;0;0;0;0;0;1;1;0;0;1;0;0;0;1;0;0;0;0;1;0;0
TELEMED;2019;270000441;270000110;0;0;0;0;1;0;1;0;0;0;0;0;0;0;0;0;0;0;0;0;0;0;;0;0;1;1;0;0;1;0;0;0;0;0;0;0
TELEMED;2019;270000474;270000136;1;0;1;0;1;0;1;0;0;0;0;;0;0;0;0;;;0;0;0;0;;0;0;1;0;0;0;1;0;0;0;0;0;0;0
TELEMED;2019;270000482;270000144;0;;;;0;;;;0;;1;0;0;;;0;;;0;0;0;0;;0;0;1;1;0;0;0;0;0;0;0;1;0;0
TELEMED;2019;270000573;270000219;1;0;0;0;0;0;0;0;1;0;0;0;0;0;0;0;0;0;0;0;1;1;8;0;0;0;0;0;0;0;0;0;0;0;0;0;0
TELEMED;2019;280000084;280000183;1;0;1;0;0;0;0;0;1;0;1;0;0;;;0;;;0;0;0;1;10;0;0;1;0;1;0;1;1;1;0;0;0;0;0
TELEMED;2019;280000100;280000225;0;0;0;0;0;0;0;0;0;0;0;0;0;0;0;0;0;0;0;0;0;0;;0;0;0;0;1;0;0;0;0;0;0;1;0;0
TELEMED;2019;280006594;280000852;1;1;0;0;1;1;0;0;1;0;1;0;1;1;0;1;1;0;0;0;0;0;;0;0;0;0;1;0;1;0;0;0;1;0;0;0
TELEMED;2019;280502741;280000852;1;1;0;0;1;1;0;0;1;0;1;0;1;1;0;1;1;0;0;0;0;0;;0;0;0;0;1;0;1;0;0;0;1;1;0;0
TELEMED;2019;280502998;280000589;0;0;0;0;0;0;0;0;0;0;1;0;0;0;0;0;0;0;0;0;0;0;;0;0;0;0;0;0;0;0;0;0;0;0;0;0
TELEMED;2019;280503848;280000852;1;1;0;0;1;1;0;0;1;0;1;0;1;1;0;1;1;0;0;0;0;0;;0;0;0;0;1;0;1;0;0;0;1;1;0;0
TELEMED;2019;280504267;280000134;0;0;0;0;0;0;0;0;1;0;1;0;1;1;0;0;0;0;0;0;1;1;12;1;0;0;0;0;0;1;1;0;0;0;0;0;0
TELEMED;2019;280504309;280000852;1;1;0;0;1;1;0;0;1;0;1;0;1;1;0;1;1;0;0;0;0;0;;0;0;0;0;1;0;1;0;0;0;1;1;0;0
TELEMED;2019;280505777;280001199;0;0;0;1;0;0;0;1;1;0;1;0;0;0;0;0;0;0;0;0;0;0;;0;0;0;0;0;0;1;0;0;0;0;0;0;0
TELEMED;2019;290000025;290020700;0;0;0;0;0;0;0;0;1;1;0;0;1;0;0;0;0;0;0;0;1;1;3;0;0;0;1;0;0;1;0;0;0;0;0;0;0
TELEMED;2019;290000033;290021542;1;0;1;0;0;0;0;0;0;0;1;1;0;0;0;0;0;0;0;0;0;1;5;1;0;0;0;0;0;1;0;0;0;0;0;0;0
TELEMED;2019;290000058;290000017;1;1;0;0;0;0;0;0;1;1;1;1;1;1;0;1;1;0;0;0;1;1;3;0;0;0;0;0;0;1;0;0;0;0;0;0;0
TELEMED;2019;290000066;290020700;0;0;0;0;0;0;0;0;1;1;0;0;1;0;0;0;0;0;0;0;1;1;3;0;0;0;1;0;0;1;0;0;0;0;0;0;0
TELEMED;2019;290000173;290000041;1;0;1;0;0;0;0;0;0;0;1;1;0;0;0;0;0;0;0;0;0;1;4;1;0;1;0;0;0;1;1;0;0;0;1;0;0
TELEMED;2019;290000181;290000074;0;0;0;0;0;0;0;0;1;0;1;1;1;1;0;0;0;0;0;0;0;1;5;1;0;0;0;0;0;0;0;0;1;0;0;0;1
TELEMED;2019;290000256;290000017;0;0;0;0;0;0;0;0;1;1;1;1;0;0;0;0;0;0;0;0;1;0;;0;0;0;0;0;0;0;0;0;0;0;0;0;0
TELEMED;2019;290000272;290000090;0;0;0;0;0;0;0;0;0;0;1;1;0;0;0;0;0;0;0;0;0;0;;0;0;1;0;0;0;1;1;0;0;0;0;0;0
TELEMED;2019;290000975;290000546;1;0;1;0;1;0;1;0;0;0;0;1;0;0;0;0;0;0;0;0;0;1;8;1;0;1;1;0;0;0;0;0;0;0;0;0;0
TELEMED;2019;290004324;290000017;1;1;0;0;0;0;0;0;1;1;1;1;1;1;0;1;1;0;1;1;1;1;3;0;0;0;0;0;0;1;0;0;0;0;0;0;0
TELEMED;2019;290004340;290000017;1;0;1;0;0;0;0;0;0;0;0;0;0;0;0;0;0;0;0;0;0;1;2;0;0;0;0;0;0;0;0;0;0;0;0;0;0
TELEMED;2019;290008853;290000074;0;0;0;0;0;0;0;0;0;0;1;0;0;0;0;0;0;0;0;0;0;0;;0;0;0;0;0;0;0;0;0;0;0;0;0;0
TELEMED;2019;290036375;290000447;0;0;0;0;0;0;0;0;1;0;1;0;0;0;0;0;0;0;0;0;1;1;48;1;0;0;1;0;0;1;1;0;0;0;0;0;0
TELEMED;2019;2A0000154;2A0000204;0;;;;0;;;;0;;0;;0;;;0;;;0;0;0;0;;0;0;0;0;0;0;1;0;0;0;0;0;0;0
TELEMED;2019;2B0003289;2B0003198;0;0;0;0;0;0;0;0;0;0;0;0;0;0;0;0;0;0;0;0;1;0;;0;0;0;0;0;0;0;0;0;0;0;0;0;0
TELEMED;2019;2B0004212;130006810;1;1;0;0;0;0;0;0;0;0;0;0;0;0;0;0;0;0;0;0;0;0;;0;0;0;0;1;0;1;0;1;0;1;1;0;0
TELEMED;2019;2B0004584;130016058;0;1;0;0;0;0;0;0;0;0;0;0;0;0;0;0;0;0;0;0;0;0;;0;0;0;0;1;0;0;0;0;0;0;0;0;0
TELEMED;2019;2B0005359;2B0005342;0;0;0;0;0;0;0;0;0;0;0;1;0;0;0;0;0;0;0;0;0;0;;0;0;0;0;0;0;0;0;0;0;0;0;0;0
TELEMED;2019;300000031;300780053;0;0;0;0;0;0;0;0;1;0;1;1;1;1;0;0;0;0;0;0;0;0;;0;0;0;0;0;0;1;0;1;1;0;0;0;0
TELEMED;2019;300008588;940023849;1;1;0;0;0;0;0;0;0;0;0;0;1;1;0;0;0;0;1;0;0;0;;0;0;0;0;0;0;1;0;1;0;0;1;0;1
TELEMED;2019;300008638;940023849;0;0;0;0;1;1;0;0;0;0;0;0;0;0;0;1;1;0;0;1;0;0;;0;0;0;0;0;0;0;0;1;0;0;1;0;1
TELEMED;2019;300012309;420002438;1;0;0;0;1;0;0;0;1;0;1;0;1;0;0;1;0;0;1;1;0;0;;1;0;0;0;0;0;0;0;0;0;0;0;0;0
TELEMED;2019;300013745;420002438;0;0;0;0;1;0;0;0;0;0;1;0;0;0;;0;0;0;0;0;0;0;;0;0;0;0;0;0;0;0;0;0;0;0;0;0
TELEMED;2019;300780137;920028396;0;0;0;0;0;0;0;0;0;0;0;0;0;0;0;0;0;0;0;1;0;0;;1;0;0;0;0;0;0;0;0;0;0;0;0;0
TELEMED;2019;300782117;300780038;1;0;0;0;0;0;0;0;0;0;0;0;1;1;0;0;0;0;0;0;0;0;;0;0;0;0;0;0;1;0;0;0;0;0;0;0
TELEMED;2019;310000310;310780671;0;;;;1;0;0;0;0;;1;1;0;;;0;;;0;0;0;1;8;0;0;0;0;0;0;1;0;0;0;0;0;0;0
TELEMED;2019;310013628;310786256;1;0;1;0;0;;;;1;0;0;;1;0;0;0;;;0;0;0;1;18;0;0;0;0;0;0;1;0;0;0;0;0;0;0
TELEMED;2019;310016977;310781406;1;1;0;1;0;;;;1;1;0;;0;0;0;0;;;0;0;1;0;;0;0;1;1;1;0;1;1;0;0;0;1;0;0
TELEMED;2019;310019351;310781406;1;1;0;1;0;;;;1;1;0;;1;1;0;0;;;0;0;1;0;;0;0;1;1;1;0;1;1;0;0;0;0;0;0
TELEMED;2019;310021571;310021563;0;0;0;0;0;0;0;0;0;0;1;0;0;0;0;0;0;0;0;0;1;1;10;0;0;0;0;0;0;1;0;0;0;0;0;0;0
TELEMED;2019;310022298;310781406;1;0;1;0;0;;;;1;0;0;;0;0;0;0;;;0;0;1;1;60;1;0;1;1;1;0;1;1;0;0;0;1;0;0
TELEMED;2019;310022330;310022322;0;0;0;0;1;1;0;0;0;0;1;0;0;0;0;1;1;0;0;1;1;0;;0;0;1;0;1;0;1;0;0;0;0;1;0;1
TELEMED;2019;310025333;310781406;1;0;0;1;0;;;;1;1;0;;1;0;1;0;;;0;0;1;0;;0;0;1;1;1;0;1;1;0;0;0;1;0;0
TELEMED;2019;310780259;310000096;1;0;0;0;0;0;0;0;1;0;0;0;1;1;0;0;0;0;0;0;1;0;;1;0;0;0;0;0;1;1;0;0;0;1;0;0
TELEMED;2019;310781505;310000492;1;0;0;0;0;0;0;0;1;0;0;0;0;0;0;0;0;0;0;0;0;0;;0;0;0;0;0;0;1;0;0;0;0;0;0;0
TELEMED;2019;310781984;310014378;0;0;0;0;0;0;0;0;1;0;0;0;0;0;0;0;0;0;0;0;0;0;;1;0;1;1;0;0;1;0;0;0;0;1;0;0
TELEMED;2019;310782016;310000617;1;1;0;0;1;0;0;0;1;0;1;0;1;1;0;0;0;0;1;0;1;0;;0;0;0;0;1;0;1;1;0;0;0;1;0;1
TELEMED;2019;310782065;310000633;1;1;0;0;1;1;0;0;1;0;1;0;1;1;0;1;1;0;0;0;0;0;;0;0;0;0;1;0;0;1;0;0;0;1;0;0
TELEMED;2019;310782339;310781406;0;;;;0;;;;0;;0;;0;;;0;;;0;0;0;0;;0;0;1;0;0;0;0;0;0;0;0;0;0;0
TELEMED;2019;310782347;310789136;0;;;;0;;;;1;0;0;;0;;;0;;;0;0;0;0;;0;0;1;0;0;0;0;0;0;0;0;0;0;0
TELEMED;2019;310783048;310781406;1;1;1;1;0;;;;1;1;0;;1;0;0;0;;;0;0;1;1;60;1;0;1;1;1;0;1;1;0;0;0;1;0;0
TELEMED;2019;310783055;310781406;1;1;0;1;0;;;;1;1;0;;1;0;0;0;;;0;0;1;0;;1;0;1;1;1;0;1;1;0;0;0;1;0;0
TELEMED;2019;310783063;310781406;1;0;1;0;0;;;;1;0;0;;0;0;0;0;;;0;0;1;1;60;1;0;1;1;0;0;1;1;0;0;0;1;0;0
TELEMED;2019;310786702;750043713;0;0;0;0;0;0;0;0;1;0;1;0;0;0;0;0;0;0;0;0;0;0;;0;0;0;0;0;0;1;0;0;0;0;0;0;0
TELEMED;2019;310793419;310000617;0;0;0;0;1;1;0;0;0;0;1;0;0;0;0;1;1;0;0;1;0;0;;0;0;1;0;1;0;1;0;0;0;0;0;0;0
TELEMED;2019;310793807;310000617;0;0;0;0;1;1;0;0;0;0;1;0;0;0;0;1;1;0;0;1;0;0;;0;0;0;0;1;0;0;0;0;0;0;0;0;0
TELEMED;2019;320000086;320780117;1;0;1;0;1;0;0;0;1;0;1;1;0;0;0;0;0;0;0;0;1;1;12;1;0;0;0;0;0;1;0;0;0;0;0;0;0
TELEMED;2019;320000094;320780125;0;0;0;0;0;0;0;0;1;0;0;0;0;0;0;0;0;0;0;0;0;1;30;0;0;0;0;0;0;1;0;0;0;0;0;0;0
TELEMED;2019;320000128;320780158;0;0;0;0;0;0;0;0;0;0;1;0;0;0;0;0;0;0;0;0;0;0;;0;0;1;0;0;0;1;0;0;0;0;1;0;0
TELEMED;2019;320000144;320780174;0;0;0;0;0;0;0;0;0;0;0;0;0;0;0;0;0;0;0;0;0;0;;0;0;1;0;0;0;1;1;0;0;0;0;0;0
TELEMED;2019;320784333;320000565;1;0;1;0;1;0;0;0;1;0;1;0;0;0;0;1;0;0;0;0;1;1;38;1;0;1;1;1;0;1;1;0;0;0;1;0;0
TELEMED;2019;330000571;330781220;0;0;0;0;1;0;0;0;0;0;0;0;0;0;0;1;0;0;0;1;0;1;6;0;0;0;0;0;0;0;0;0;0;0;0;0;0
TELEMED;2019;330000589;330027509;0;;;;0;;;;0;0;1;1;0;;;0;;;0;0;0;0;;0;0;1;0;0;0;1;0;0;0;0;1;0;0
TELEMED;2019;330000605;330781253;0;0;0;0;0;0;0;0;1;1;1;1;1;1;0;1;1;0;0;0;1;0;;0;0;0;0;0;0;1;0;0;0;0;0;0;0
TELEMED;2019;330000647;330781295;1;0;0;0;0;0;0;0;0;0;1;0;0;0;0;0;0;0;0;0;0;1;80;1;0;1;1;0;0;1;0;1;0;0;0;0;0
TELEMED;2019;330056516;330000258;0;0;0;0;1;1;0;0;0;0;0;0;0;0;0;1;1;0;0;1;0;0;;0;0;0;1;1;0;1;0;0;0;0;1;0;0
TELEMED;2019;330780446;330000258;1;1;0;0;0;0;0;0;0;0;0;0;1;1;0;0;0;0;1;0;0;1;110;0;0;1;1;0;0;1;0;0;0;0;0;0;0
TELEMED;2019;330780495;330796392;0;0;0;0;0;0;0;0;0;0;1;1;0;0;0;1;1;1;0;1;0;0;;0;0;0;0;0;0;0;0;0;0;0;0;0;0
TELEMED;2019;330781337;330781196;1;0;1;0;0;0;0;0;0;0;0;0;0;0;0;0;0;0;0;0;0;0;;0;0;0;0;0;0;1;0;0;0;0;0;0;0
TELEMED;2019;330781352;330781196;1;0;0;0;0;0;0;0;0;0;0;0;0;0;0;0;0;0;0;0;0;0;;0;0;0;0;0;0;1;0;0;0;0;0;0;0
TELEMED;2019;330781360;330781196;1;0;0;0;0;0;0;0;1;0;0;0;1;1;0;0;0;0;0;0;0;0;;0;0;1;0;0;0;0;0;0;0;0;0;0;0
TELEMED;2019;330783648;330781196;0;0;0;0;0;0;0;0;1;1;0;0;1;0;0;0;0;0;1;0;1;0;;0;0;1;0;0;0;0;0;0;0;0;0;0;0
TELEMED;2019;340000033;340780055;1;1;1;1;1;0;1;1;1;0;0;0;1;1;0;0;0;0;1;0;1;1;25;1;0;1;1;0;0;1;1;0;0;0;1;0;0
TELEMED;2019;340000173;340780451;0;;;;0;0;1;0;0;;1;0;0;;;0;0;0;0;0;0;0;;0;0;0;0;0;0;0;1;0;0;0;0;0;0
TELEMED;2019;340000181;340780469;1;0;1;0;1;1;0;0;1;0;1;1;0;0;0;0;0;0;0;0;0;0;;0;0;1;0;0;0;1;0;0;0;0;0;0;0
TELEMED;2019;340000231;340780535;0;0;0;0;1;1;1;0;0;0;0;0;0;0;0;1;1;0;0;0;0;0;;0;0;1;0;0;0;1;0;1;0;0;1;0;0
TELEMED;2019;340000249;340780543;0;;;;1;1;0;0;0;0;0;0;0;0;0;0;0;0;0;1;1;0;;0;0;1;0;0;0;0;0;0;0;0;0;0;1
TELEMED;2019;340008275;340780477;1;0;1;0;0;0;0;0;1;0;0;0;0;0;0;0;0;0;0;0;0;1;33;1;0;1;0;0;0;1;0;0;0;0;0;0;0
TELEMED;2019;340009018;340008978;0;0;0;0;0;0;0;0;0;0;1;0;0;0;0;0;0;0;0;0;0;0;;0;0;0;0;0;0;1;1;1;0;0;0;0;0
TELEMED;2019;340013168;340000264;1;1;0;0;0;0;0;0;0;0;0;0;1;1;0;0;0;0;1;0;0;0;;0;0;0;0;1;0;1;0;0;0;0;0;0;0
TELEMED;2019;340013218;340000264;0;0;0;0;1;1;0;0;0;0;0;0;0;0;0;1;1;0;0;0;0;0;;0;0;0;0;1;0;1;0;0;0;0;0;0;0
TELEMED;2019;340013309;340000264;0;0;0;0;1;1;0;0;0;0;0;0;0;0;0;1;1;0;0;0;0;0;;0;0;0;0;1;0;1;0;0;0;0;0;0;0
TELEMED;2019;340016476;340016468;1;0;1;0;0;0;0;0;1;0;1;0;0;0;0;0;0;0;0;0;0;1;7;1;0;1;0;0;0;1;0;0;0;0;0;0;0
TELEMED;2019;340017839;420002438;0;0;0;0;1;0;0;0;0;0;1;0;0;0;0;0;0;0;0;0;0;0;;0;0;0;0;0;0;0;0;0;0;0;0;0;0
TELEMED;2019;340021211;340780055;1;1;1;1;1;0;1;1;1;0;0;0;1;1;0;0;0;0;1;0;1;1;25;1;0;1;1;0;0;1;1;0;0;0;1;0;0
TELEMED;2019;340024512;340001825;0;0;0;0;0;0;0;0;0;0;0;0;0;0;0;0;0;0;0;0;0;0;;1;0;0;0;0;0;0;0;0;0;0;0;0;0
TELEMED;2019;340780139;340000090;0;0;0;0;0;0;0;0;0;0;0;0;0;0;0;0;0;0;1;1;0;0;;0;0;0;0;0;0;1;0;0;0;0;0;0;0
TELEMED;2019;340780147;340000108;1;0;1;1;1;0;0;0;0;0;0;0;0;0;0;0;0;0;0;0;0;1;2;0;0;0;0;0;0;1;1;0;0;0;0;0;0
TELEMED;2019;340780154;340000116;1;0;0;0;0;0;0;0;0;0;1;0;0;0;0;0;0;0;0;0;0;1;4;0;0;0;0;0;0;1;1;0;0;0;1;0;0
TELEMED;2019;340780212;340796069;0;0;0;0;1;0;0;1;0;0;1;0;0;0;0;0;0;0;0;0;0;0;;0;0;0;0;0;0;0;1;0;0;0;0;0;0
TELEMED;2019;340780634;340000272;1;1;1;1;0;0;0;0;0;0;0;0;1;1;1;0;0;0;0;0;1;1;5;1;0;0;0;0;0;1;1;0;0;0;1;0;0
TELEMED;2019;340780667;340000280;1;1;1;1;0;0;0;0;1;1;0;0;1;0;0;0;0;0;0;0;0;1;24;1;0;1;0;0;0;1;0;0;0;0;0;0;0
TELEMED;2019;340780725;340000330;0;0;0;0;1;0;0;0;0;0;1;1;0;;;0;;;0;0;0;0;;0;0;1;0;0;0;1;1;1;0;0;0;0;0
TELEMED;2019;340780790;340000389;1;0;0;0;0;;;;0;0;0;;0;0;0;0;;;0;0;0;0;;0;0;1;0;0;0;0;0;0;0;0;0;0;0
TELEMED;2019;340780816;340023209;0;;;;0;;;;0;;1;0;0;;;0;;;0;0;0;0;;0;0;0;0;0;0;0;1;0;0;0;0;0;0
TELEMED;2019;340780824;340000405;0;0;0;0;0;0;0;0;1;0;1;0;0;;;0;;;0;0;0;0;;0;0;0;0;0;0;0;1;0;0;0;0;0;0
TELEMED;2019;340781608;340015171;0;0;0;0;1;0;0;0;0;0;1;0;0;0;0;1;0;0;0;0;0;1;16;1;0;0;0;0;0;1;1;0;0;0;0;0;0
TELEMED;2019;340782036;340780477;1;0;0;1;1;0;0;1;1;1;1;1;0;;;0;;;0;0;1;0;;0;0;0;0;0;0;0;0;0;0;0;0;0;0
TELEMED;2019;340782085;340780477;1;1;1;1;0;0;0;0;1;1;0;0;0;0;0;0;0;0;0;0;1;0;;1;0;0;0;0;0;0;0;0;0;0;0;0;0
TELEMED;2019;340785161;340780477;1;1;0;0;0;0;0;0;1;0;0;0;1;0;0;0;0;0;0;0;0;0;;1;0;0;1;0;0;0;0;0;0;0;0;0;0
TELEMED;2019;340796663;340780477;1;1;0;0;0;0;0;0;0;0;0;0;1;1;0;0;0;0;0;0;1;0;;1;0;1;0;0;0;0;1;1;0;0;0;0;1
TELEMED;2019;340798552;340798545;0;0;0;0;0;0;0;0;0;0;0;0;0;0;0;1;0;0;0;0;0;0;;0;0;0;0;1;0;0;1;1;0;0;0;0;0
TELEMED;2019;350000147;350000022;1;0;0;0;0;0;0;0;1;0;1;0;0;0;0;0;0;0;0;0;0;0;;0;0;0;0;0;0;0;0;0;0;0;0;0;0
TELEMED;2019;350000154;350000030;0;0;0;0;0;0;0;0;1;1;1;1;1;0;0;1;0;0;0;0;0;0;;0;0;0;0;0;0;0;0;0;0;0;0;0;0
TELEMED;2019;350000204;350023248;1;1;0;0;1;1;0;0;0;0;1;0;0;0;0;1;1;0;0;0;0;1;10;0;0;0;0;1;0;1;0;0;0;0;0;0;0
TELEMED;2019;350000337;350000246;0;0;0;0;1;0;0;0;0;0;1;0;0;0;0;0;0;0;0;0;0;1;6;0;0;1;0;0;0;1;0;0;0;0;0;0;0
TELEMED;2019;350000360;350048518;0;;;;1;0;1;0;0;;1;0;0;;;0;0;0;0;0;0;1;1;1;0;1;0;0;1;1;0;0;0;0;0;0;0
TELEMED;2019;350000410;350002291;0;;;;1;1;1;0;0;;1;0;0;;;1;1;0;0;1;0;0;;1;0;1;0;1;1;1;1;0;0;0;1;0;0
TELEMED;2019;350000436;350002317;0;0;0;0;1;1;1;0;0;0;1;0;0;0;0;0;0;0;0;1;0;0;;1;0;1;0;0;0;1;0;0;0;0;1;0;0
TELEMED;2019;350000444;350048518;0;0;0;0;1;0;1;0;0;0;1;0;0;0;0;0;0;0;0;0;0;1;3;1;0;1;0;0;1;1;0;0;0;0;0;0;0
TELEMED;2019;350000451;350002333;0;0;0;0;1;1;0;1;0;0;0;0;0;0;0;0;0;0;0;1;0;1;1;0;0;1;0;0;0;0;0;0;0;0;1;0;0
TELEMED;2019;350000741;350005179;1;0;1;0;0;0;0;0;1;1;1;0;1;1;0;0;;;0;0;1;1;22;1;0;1;1;0;0;1;1;0;0;0;0;0;0
TELEMED;2019;350002192;220020739;1;0;1;0;0;0;0;0;0;0;0;0;1;1;0;0;0;0;0;0;0;1;1;1;0;0;0;0;0;1;0;0;0;0;0;1;1
TELEMED;2019;350002200;350029948;0;;;;0;;;;0;;0;;0;;;0;;;0;0;0;0;;0;0;0;0;1;0;1;0;0;0;0;0;0;0
TELEMED;2019;350002564;350046199;1;0;1;1;0;0;0;0;1;0;0;0;0;0;0;0;0;0;1;0;1;1;50;1;0;1;0;0;1;1;1;0;0;0;0;0;0
TELEMED;2019;350002812;350023503;1;1;0;0;0;0;0;0;1;1;1;1;1;0;1;0;0;0;0;0;0;0;;1;0;1;0;0;0;1;0;0;0;0;0;0;0
TELEMED;2019;350006771;350005179;0;0;0;0;1;0;0;0;0;0;0;0;0;0;0;0;0;0;0;0;0;0;;1;0;1;1;0;0;1;0;0;0;0;0;0;0
TELEMED;2019;350007084;350005179;1;0;1;0;0;0;0;0;0;0;0;0;1;1;0;0;1;0;0;0;1;1;1;0;0;1;0;0;0;1;0;0;0;0;0;0;0
TELEMED;2019;350040499;350040291;0;0;0;0;1;0;1;0;0;0;0;0;0;0;0;1;0;0;0;0;0;0;;0;0;1;0;1;0;0;0;0;0;0;1;0;0
TELEMED;2019;350042628;350042578;0;0;0;0;1;0;0;0;0;0;0;0;0;0;0;0;0;0;0;0;0;0;;0;0;0;0;0;0;0;0;0;0;0;0;0;0
TELEMED;2019;360000038;360000046;0;0;0;0;0;0;0;0;0;0;1;1;0;0;0;0;0;0;0;0;0;1;2;0;0;0;0;0;0;1;0;0;0;0;0;0;0
TELEMED;2019;360000137;360000053;0;;;;1;0;0;0;0;;1;1;0;;;1;0;0;0;0;0;0;;0;0;0;0;0;0;0;0;0;0;0;0;0;0
TELEMED;2019;360000160;360000053;0;0;0;0;0;0;0;0;0;0;1;1;0;0;0;0;0;0;0;0;0;0;;0;0;0;0;0;0;0;0;0;0;0;0;0;0
TELEMED;2019;360000251;360000111;0;0;0;0;0;0;0;0;0;0;1;1;0;0;0;0;0;0;0;0;1;1;166;0;0;0;0;1;0;0;0;0;0;0;0;0;0
TELEMED;2019;360002232;360000541;1;1;1;0;1;1;1;0;1;0;1;0;0;1;0;0;1;0;0;0;1;0;;1;1;1;1;1;0;1;1;1;1;0;1;1;1
TELEMED;2019;360006688;360000392;0;0;0;0;0;0;0;0;0;0;1;0;0;0;0;0;0;0;0;0;0;0;;0;0;0;0;1;0;1;0;0;0;0;0;0;0
TELEMED;2019;370000085;370013468;1;1;0;1;1;1;1;0;1;0;1;0;1;1;0;0;0;0;0;0;1;0;;1;0;0;1;0;0;1;1;1;1;0;1;0;1
TELEMED;2019;370000093;370013468;1;1;0;1;1;1;1;0;1;0;1;0;1;1;0;0;0;0;0;0;1;0;;1;0;0;1;0;0;1;1;1;1;0;1;0;1
TELEMED;2019;370000341;750721391;0;0;0;0;0;0;0;0;0;0;0;0;0;0;0;0;0;0;0;0;0;0;;1;0;0;0;0;0;1;0;0;0;0;0;0;0
TELEMED;2019;370000499;370000481;0;0;0;0;0;0;0;0;1;1;0;0;0;0;0;0;0;0;0;0;1;0;;1;0;0;0;0;0;1;0;0;0;0;0;0;0
TELEMED;2019;370000861;370000481;1;0;1;0;0;0;0;0;1;1;0;0;1;1;0;0;0;0;1;0;1;1;1;1;0;0;1;1;0;1;0;0;1;0;0;0;0
TELEMED;2019;370000879;370000564;1;1;0;1;1;0;1;0;0;0;1;1;1;0;0;0;0;0;0;0;1;1;10;1;0;1;0;1;0;1;0;0;0;0;0;0;0
TELEMED;2019;370000903;370000614;1;0;1;0;1;0;0;0;0;0;0;0;0;0;0;0;0;0;0;0;0;1;1;0;0;0;0;1;0;1;0;0;0;0;0;0;0
TELEMED;2019;370002040;370001067;1;1;0;0;1;1;0;0;0;0;0;0;0;0;0;0;0;0;0;0;0;0;;0;0;0;0;1;0;0;0;0;0;0;1;0;0
TELEMED;2019;370004467;370000481;1;1;0;0;0;0;0;0;1;1;1;0;1;1;0;0;0;0;0;0;1;0;;1;0;0;0;0;0;1;0;0;0;0;0;0;0
TELEMED;2019;370013062;;0;0;0;0;0;0;0;0;0;0;1;0;0;0;0;0;0;0;0;0;0;0;;0;0;0;1;1;0;1;0;1;0;0;1;0;0
TELEMED;2019;380000042;380780056;0;;;;0;;;;0;0;0;1;0;;;1;0;0;0;0;0;1;1;0;0;0;0;0;0;1;0;0;0;0;1;0;0
TELEMED;2019;380000067;380780080;1;1;1;1;0;0;0;0;1;1;0;1;1;1;0;0;0;0;0;0;1;0;;0;0;0;0;1;0;1;0;0;0;0;1;0;0
TELEMED;2019;380000109;380780213;0;;;;0;;;;0;;0;;0;;;1;0;0;0;0;0;0;;0;0;0;0;0;0;0;0;0;0;0;0;0;0
TELEMED;2019;380000133;380780247;0;;;;0;;;;1;1;1;1;0;;;0;;;0;0;0;0;;0;0;0;0;0;0;1;0;0;0;0;0;0;0
TELEMED;2019;380000174;380781435;0;;;;0;;;;1;1;1;1;1;0;0;0;0;0;0;0;1;1;17;0;0;0;0;0;0;0;0;0;0;0;0;0;1
TELEMED;2019;380000406;380784751;0;0;0;0;0;0;0;0;0;0;0;0;0;0;0;0;;0;0;1;0;0;;0;0;0;0;0;0;0;0;0;0;0;0;0;0
TELEMED;2019;380000828;690002225;1;1;0;0;0;;;;0;;0;;1;1;0;1;1;0;0;0;0;0;;1;0;0;1;1;0;1;1;0;0;0;0;0;0
TELEMED;2019;380019026;380793802;0;0;0;0;1;1;0;0;0;0;1;0;0;0;0;1;1;0;0;1;0;0;;0;0;0;0;1;0;1;0;0;0;0;1;0;0
TELEMED;2019;380784801;380793802;1;1;0;0;0;0;0;0;1;0;0;0;1;1;0;0;0;0;1;0;0;0;;0;0;0;0;0;0;1;0;0;0;0;1;0;0
TELEMED;2019;380785956;380795211;0;;;;0;;;;1;0;1;0;0;;;0;;;0;0;0;0;;0;0;0;0;0;0;0;0;0;0;0;0;0;0
TELEMED;2019;380793810;380793802;0;0;0;0;1;1;0;0;0;0;1;0;0;0;0;1;1;0;0;1;0;0;;0;0;0;0;1;0;0;0;0;0;0;1;0;0
TELEMED;2019;380803965;380793802;1;1;0;0;0;0;0;0;1;0;0;0;1;1;0;0;0;0;1;0;0;0;;0;0;0;0;0;0;1;0;0;0;0;1;0;0
TELEMED;2019;390000040;390780146;0;0;0;0;0;0;0;0;1;0;0;1;0;0;0;0;0;0;0;0;0;1;4;0;0;0;0;0;0;1;0;1;0;1;0;0;0
TELEMED;2019;390000065;390780161;0;0;0;0;0;0;0;0;0;0;0;0;0;0;0;0;0;0;0;0;0;0;;0;0;0;0;0;0;1;0;0;0;0;0;0;0
TELEMED;2019;390000222;390780609;0;0;0;0;0;0;0;0;0;0;1;0;0;0;0;0;0;0;0;0;0;0;;0;0;0;0;0;0;0;0;0;0;0;0;0;0
TELEMED;2019;390786408;210012290;0;0;0;0;0;0;0;0;0;0;0;0;1;1;0;0;0;0;0;0;0;0;;0;0;0;0;0;0;0;0;0;0;0;0;0;0
TELEMED;2019;400000105;400780193;1;1;1;0;0;0;0;0;1;1;0;1;1;0;0;0;0;;0;0;1;1;40;0;0;0;0;0;0;1;0;0;0;0;1;0;0
TELEMED;2019;400782769;400014213;0;;;;1;0;0;0;0;0;1;0;0;;;0;;;0;1;0;1;10;0;0;0;0;0;0;0;0;0;0;0;0;0;0
TELEMED;2019;410000020;410000087;0;;;;0;;;;1;1;1;1;0;;;0;;;0;0;0;0;;0;0;1;0;1;0;1;0;0;0;0;0;0;0
TELEMED;2019;410000046;410000103;0;0;0;0;0;0;0;0;1;1;1;0;0;0;0;1;0;0;0;0;0;0;;0;0;0;0;0;0;0;0;0;0;0;0;0;0
TELEMED;2019;410000053;410000111;0;0;0;0;0;0;0;0;0;0;0;1;0;0;0;0;0;0;0;0;0;0;;0;0;0;0;1;0;1;0;0;0;0;0;0;0
TELEMED;2019;410000202;410000319;0;0;0;0;0;0;0;0;0;0;0;0;0;0;0;1;1;1;0;0;0;0;;0;0;0;0;0;0;1;0;0;0;0;0;0;0
TELEMED;2019;410000418;440052041;1;0;0;0;1;0;0;0;1;0;1;0;0;0;0;1;0;0;1;1;0;0;;1;0;0;0;1;0;0;0;0;0;0;0;0;0
TELEMED;2019;410000442;750005068;0;0;0;0;0;0;0;0;0;0;0;0;0;0;0;0;0;0;0;0;0;0;;0;0;0;0;1;0;1;0;1;0;0;1;0;0
TELEMED;2019;410005391;410000905;0;0;0;0;0;0;0;0;0;0;0;0;0;0;0;0;0;0;0;0;0;0;;0;0;1;0;1;0;1;0;0;0;0;0;0;0
TELEMED;2019;420000010;420780033;0;0;0;0;0;0;0;0;1;0;1;0;1;0;0;1;0;0;0;0;0;1;27;0;0;0;0;0;0;0;0;0;0;0;0;0;0
TELEMED;2019;420000036;420780058;0;0;0;0;1;0;1;0;0;0;1;1;0;0;0;1;0;0;0;0;0;1;2;0;0;1;1;0;0;1;0;1;1;1;1;0;0
TELEMED;2019;420000226;420013831;0;0;0;0;0;0;0;0;0;0;1;1;0;0;0;0;0;0;0;0;0;0;;0;0;0;0;0;0;0;0;0;0;0;0;0;0
TELEMED;2019;420785354;420784878;1;0;1;0;0;0;0;0;1;1;1;1;1;1;1;0;1;1;1;0;1;1;15;1;0;0;1;0;0;1;1;0;0;1;1;0;0
TELEMED;2019;430000117;430000018;1;0;0;0;1;0;0;0;1;0;1;0;1;1;0;0;1;0;0;1;1;1;25;1;0;1;0;0;0;1;1;0;0;0;0;0;0
TELEMED;2019;430000299;430000059;0;0;0;0;1;0;0;0;0;0;0;0;0;0;0;0;0;0;0;0;0;0;;0;0;0;0;0;0;1;0;0;0;0;1;0;0
TELEMED;2019;430004309;630000990;1;1;0;0;0;0;0;0;0;0;0;0;1;1;0;0;0;0;1;0;0;0;;0;0;0;0;1;0;0;1;0;0;0;0;0;0
TELEMED;2019;440000271;440000289;1;1;1;1;1;1;1;1;1;1;1;1;1;1;1;1;1;1;1;1;1;0;0;0;0;0;1;0;0;0;0;0;0;0;0;0;0
TELEMED;2019;440000404;440000925;0;;;;0;;;;0;;1;0;0;;;0;;;0;0;0;0;;0;0;0;0;0;0;0;0;0;0;0;0;0;1
TELEMED;2019;440000503;440000313;1;0;1;0;0;0;0;0;0;0;1;1;0;0;0;0;0;0;0;0;0;1;23;0;0;1;1;1;0;1;1;0;0;0;0;0;0
TELEMED;2019;440000560;850009010;1;0;1;0;0;0;0;0;1;0;0;1;1;1;0;0;0;0;0;0;1;1;15;1;0;1;0;0;0;1;0;0;0;0;1;0;0
TELEMED;2019;440000644;440000347;0;0;0;0;0;0;0;0;0;0;0;0;0;0;0;0;0;0;0;0;0;0;;0;0;0;0;1;1;0;0;0;0;0;0;0;1
TELEMED;2019;440001287;440041531;0;;;;0;;;;0;;0;;0;;;0;;;0;0;0;0;;0;0;0;0;0;0;1;0;0;0;0;0;0;0
TELEMED;2019;440002459;440018661;0;0;0;0;1;0;0;0;0;0;1;0;0;0;0;0;0;1;0;0;0;0;;0;0;0;0;1;0;0;0;0;0;0;0;0;0
TELEMED;2019;440005080;440002590;0;0;0;0;1;1;0;1;0;0;1;0;0;0;0;1;1;0;0;1;0;0;;0;0;0;0;1;0;0;0;0;0;0;1;0;1
TELEMED;2019;440017598;440000289;1;1;0;1;0;0;0;;1;1;0;0;1;1;0;0;1;0;0;0;1;0;;0;0;0;0;0;0;1;1;0;0;0;0;0;0
TELEMED;2019;440036176;440002590;0;0;0;0;1;1;0;1;0;0;1;0;0;0;0;1;1;0;0;1;0;0;;0;0;0;0;1;0;0;0;0;0;0;1;0;1
TELEMED;2019;440036499;440002590;1;1;0;1;0;0;0;0;1;0;0;0;1;1;0;0;0;0;1;0;0;0;;0;0;0;0;1;0;0;0;0;0;0;1;0;1
TELEMED;2019;440039568;440002590;0;0;0;0;1;1;0;1;0;0;1;0;0;0;0;1;1;0;0;1;0;0;;0;0;0;0;1;0;0;0;0;0;0;1;0;1
TELEMED;2019;440041580;440041572;1;1;0;1;0;;;;1;0;0;;1;1;0;0;;;0;0;1;0;;0;0;1;0;0;0;1;0;1;0;0;0;0;0
TELEMED;2019;440050441;440002590;0;0;0;0;1;1;0;1;0;0;1;0;0;0;0;1;1;0;0;1;0;0;;0;0;0;0;1;0;0;0;0;0;0;1;0;1
TELEMED;2019;440055770;440002590;1;1;0;1;0;0;0;0;1;0;0;0;1;1;0;0;0;0;1;0;0;0;;0;0;0;0;1;0;0;0;0;0;0;1;0;1
TELEMED;2019;450000062;450000104;0;;;;0;0;0;0;0;;1;1;0;;;0;0;0;0;1;0;1;3;0;0;0;0;1;0;1;0;0;0;0;0;0;0
TELEMED;2019;450000120;450000138;0;0;1;0;0;0;0;0;0;0;0;0;0;0;0;0;0;0;0;0;1;1;10;0;0;0;0;1;0;0;0;0;0;0;0;0;0
TELEMED;2019;450000211;450000153;0;0;0;0;0;0;0;0;0;0;1;0;0;0;0;0;0;0;0;0;0;0;;1;0;0;1;0;0;0;0;0;0;0;0;0;0
TELEMED;2019;450000260;450000161;0;;;;0;;;;0;;0;;0;;;0;;;0;0;0;0;;0;0;0;1;0;0;0;0;0;0;0;0;0;0
TELEMED;2019;450000930;450002423;0;0;0;0;0;0;0;0;1;0;0;0;0;0;0;0;0;0;0;0;1;1;27;0;0;0;0;0;0;1;0;0;0;0;0;0;0
TELEMED;2019;450002613;450000088;0;1;0;1;0;;;;0;0;0;;0;0;0;0;;;0;0;0;0;;1;0;0;0;0;0;1;1;0;0;0;0;0;0
TELEMED;2019;450012935;450001466;1;1;0;0;0;;;;0;0;0;;1;1;0;0;;;0;0;0;0;;0;0;0;0;0;0;1;0;0;0;0;0;0;0
TELEMED;2019;450018395;450001466;0;0;0;0;1;1;0;0;0;0;0;0;0;0;0;1;1;0;0;0;0;0;;0;0;0;0;1;0;0;0;0;0;0;1;0;0
TELEMED;2019;450020698;450001201;0;;;;1;1;0;0;0;;0;;0;;;0;;;0;0;0;0;;0;0;0;0;1;0;0;0;0;0;0;0;0;0
TELEMED;2019;460000045;460780083;1;0;1;0;0;0;0;0;1;0;0;0;0;0;0;0;0;0;0;0;0;0;;0;0;1;0;0;0;1;0;0;0;0;0;0;0
TELEMED;2019;460000102;460780208;0;0;1;0;1;0;0;0;1;0;1;0;0;0;0;0;;;0;0;1;1;7;0;0;1;0;0;0;1;0;0;0;0;0;0;0
TELEMED;2019;460000110;460780216;0;0;0;0;0;0;0;0;1;0;1;1;0;0;0;0;0;0;0;0;1;1;;0;0;0;0;0;0;0;0;0;0;0;0;0;0
TELEMED;2019;460785090;;1;0;0;0;0;0;0;0;1;0;1;0;0;0;0;0;0;0;0;0;0;1;36;0;0;0;0;0;0;1;0;0;0;0;0;0;0
TELEMED;2019;470000027;470014069;0;0;0;0;0;0;0;0;0;0;0;0;1;1;0;0;0;0;0;0;1;0;;0;0;0;0;0;0;0;1;0;0;0;0;0;0
TELEMED;2019;470000423;470016171;1;1;1;0;0;0;0;0;1;1;1;1;1;1;0;0;0;0;0;0;1;1;11;1;0;1;0;1;0;1;0;0;0;0;0;0;0
TELEMED;2019;470000431;470000324;1;0;0;1;1;0;0;1;0;0;0;0;0;0;0;0;0;0;0;0;0;1;9;0;0;0;0;0;0;1;0;0;0;0;0;0;0
TELEMED;2019;470000480;470001660;0;0;0;0;1;0;0;0;0;0;0;0;0;0;0;0;0;0;0;1;0;0;;0;0;0;0;1;0;0;0;0;0;0;0;0;0
TELEMED;2019;470000563;470000381;1;0;1;0;1;0;0;0;0;0;0;0;0;0;0;0;0;0;0;0;0;0;;0;0;1;0;1;0;1;0;0;0;0;1;0;0
TELEMED;2019;480000017;480780097;0;0;0;0;0;0;;;0;0;1;1;0;0;0;0;0;0;0;0;0;0;;0;0;0;0;0;0;1;0;0;0;0;0;0;0
TELEMED;2019;480000041;480780139;1;0;1;0;1;1;1;0;0;0;1;0;0;0;0;0;0;0;0;0;0;0;;0;0;0;0;1;0;1;0;0;0;0;0;0;0
TELEMED;2019;480000058;480780147;1;0;1;0;1;0;1;0;1;0;1;0;0;0;0;0;0;0;0;0;0;1;11;1;0;0;0;0;0;1;0;0;0;0;0;0;0
TELEMED;2019;480000074;480780162;0;0;0;0;1;0;1;0;0;0;1;1;0;0;0;0;0;0;0;0;1;1;3;1;0;1;1;1;1;1;1;0;0;0;1;0;0
TELEMED;2019;480001403;340000264;0;0;0;0;1;1;0;0;0;0;0;;0;0;0;1;1;0;0;0;0;0;;0;0;0;0;1;0;1;0;0;0;0;0;0;0
TELEMED;2019;480001783;340000264;0;0;0;0;1;1;0;0;0;0;0;0;0;0;0;1;1;0;0;0;0;0;;0;0;0;0;1;0;1;0;0;0;0;0;0;0
TELEMED;2019;490000049;490000031;0;0;0;0;0;0;0;0;1;1;1;1;0;0;0;0;0;0;0;0;0;0;;0;0;1;0;1;0;1;0;0;0;0;0;0;0
TELEMED;2019;490000320;490000395;0;0;0;0;0;0;0;0;0;0;1;0;0;0;0;0;0;0;0;0;1;1;2;0;0;1;0;0;0;1;0;1;0;0;0;0;0
TELEMED;2019;490000635;490000676;1;1;0;1;1;0;0;0;1;0;1;1;1;1;1;0;0;0;0;0;1;1;5;0;0;0;0;1;0;1;0;0;0;0;1;0;0
TELEMED;2019;490000650;490007689;0;0;0;0;1;0;1;0;0;0;1;0;0;0;0;0;0;0;0;0;1;1;6;0;0;1;0;1;0;1;0;0;0;0;0;0;0
TELEMED;2019;490001765;490528452;0;0;0;0;0;0;0;0;1;0;1;1;0;0;0;0;0;0;0;1;0;0;;0;0;1;1;1;0;0;0;0;0;0;0;0;0
TELEMED;2019;490007499;440002590;1;1;0;1;0;0;0;0;1;0;0;0;1;1;0;0;0;0;1;0;0;0;;0;0;0;0;1;0;0;0;0;0;0;1;0;1
TELEMED;2019;490016334;490016326;0;0;0;0;0;0;0;0;0;0;1;0;0;0;0;0;0;0;0;0;0;0;;0;0;0;0;0;0;0;0;0;0;0;0;0;0
TELEMED;2019;490017613;440002590;0;0;0;0;1;1;0;1;0;0;1;0;0;0;0;1;1;0;0;1;0;0;;0;0;0;0;1;0;0;0;0;0;0;1;0;1
TELEMED;2019;490537818;490011384;1;1;0;0;0;0;0;0;0;0;0;;1;0;0;0;0;0;0;0;0;0;;0;0;1;0;0;0;1;0;0;0;0;1;0;0
TELEMED;2019;500000021;500000054;1;1;0;0;1;0;0;0;0;;1;1;0;0;0;0;0;0;0;0;0;1;15;0;0;0;0;1;0;1;0;0;0;0;1;0;0
TELEMED;2019;500000187;500000013;1;0;0;0;1;0;0;0;0;0;1;1;1;0;0;0;0;0;0;0;1;1;2;1;0;0;0;0;0;0;0;0;0;0;0;0;0
TELEMED;2019;500000195;500000039;0;0;0;0;0;0;0;0;0;0;0;0;0;0;0;0;0;0;0;0;0;0;;0;0;1;0;0;0;1;0;0;0;1;0;0;0
TELEMED;2019;500000260;500000054;1;1;0;0;1;0;0;0;0;;1;1;0;0;0;0;0;0;0;0;0;1;15;0;0;0;0;0;0;1;0;0;0;0;1;0;0
TELEMED;2019;500000302;500000062;0;0;0;0;1;0;0;0;0;0;1;0;0;0;0;0;0;0;0;0;1;0;;0;0;0;0;0;0;1;0;0;0;0;0;0;0
TELEMED;2019;500000435;500000104;1;1;1;0;1;1;1;0;0;0;0;;0;0;0;0;;;0;0;0;0;;0;0;1;0;0;0;1;1;0;0;0;1;0;0
TELEMED;2019;500000450;500000112;0;;;;0;;;;1;0;1;1;0;;;0;;;0;0;0;0;;0;0;0;0;0;0;0;0;0;0;0;0;0;0
TELEMED;2019;500000591;500000393;0;;;;0;;;;0;0;1;0;0;;;0;;;0;0;0;0;;0;0;0;0;0;0;0;0;0;0;0;0;0;0
TELEMED;2019;500012687;310021118;0;;;;0;;;;0;;0;;1;1;0;0;;;0;0;1;0;;1;0;0;0;0;0;0;0;0;0;0;0;0;0
TELEMED;2019;500021274;140000159;0;0;0;0;1;0;0;0;0;0;0;0;0;0;0;0;0;0;0;0;0;0;;0;0;0;0;0;0;0;1;0;0;0;0;0;0
TELEMED;2019;500021282;140000159;0;0;0;0;1;0;0;0;0;0;0;0;0;0;0;0;0;0;0;0;0;0;;0;0;0;0;0;0;0;0;0;0;0;0;0;0
TELEMED;2019;510000169;510000037;0;;;;1;0;0;0;0;;0;;0;;;0;;;0;0;0;1;3;0;0;0;1;0;0;1;0;0;0;0;0;0;0
TELEMED;2019;510002447;510000029;1;1;0;0;0;0;0;0;1;1;0;0;1;1;0;0;0;0;0;0;1;0;;0;0;0;0;0;0;0;0;0;0;0;0;0;0
TELEMED;2019;510004302;510000029;1;1;1;1;0;0;0;0;1;1;0;0;1;0;0;0;0;0;0;0;1;0;;1;0;0;0;0;0;0;0;0;0;0;0;0;0
TELEMED;2019;510009491;510000953;1;1;0;0;0;0;0;0;0;0;0;0;1;1;0;0;0;0;0;0;0;0;;0;0;1;0;1;0;1;0;0;0;0;1;0;0
TELEMED;2019;520000019;520780024;0;;;;0;;;;0;;0;;0;;;1;;;0;0;;;;;;;;;;;;;;;;;
TELEMED;2019;520000027;520780032;0;;;;0;;;;0;;1;;0;;;0;;;0;0;;;;;;;;;;;;;;;;;
TELEMED;2019;520000043;520780057;0;0;0;0;1;0;0;0;0;0;0;0;0;0;0;1;1;0;0;0;0;0;;0;0;0;0;1;0;0;0;0;0;0;0;0;0
TELEMED;2019;530000017;530000025;1;0;1;0;0;;;;1;0;1;0;0;;;0;;;0;0;0;1;7;0;0;1;0;0;0;1;0;0;0;0;0;0;0
TELEMED;2019;530000132;530007202;0;0;0;0;0;0;0;0;0;0;1;0;0;0;0;0;0;0;0;0;0;0;;0;0;0;1;0;0;1;0;0;0;0;0;0;0
TELEMED;2019;530000264;530000371;0;0;0;0;0;0;0;0;0;0;1;1;1;1;0;0;0;0;0;1;1;1;;0;0;0;0;0;0;0;0;0;0;0;1;0;0
TELEMED;2019;530002898;440002590;1;1;0;1;0;0;0;0;1;0;0;0;1;1;0;0;0;0;1;0;0;0;;0;0;0;0;1;0;0;0;0;0;0;1;0;1
TELEMED;2019;530008119;490011384;1;1;0;0;1;0;0;0;0;0;0;0;1;1;0;1;0;0;0;0;0;0;;0;0;0;0;1;0;0;0;0;0;0;1;0;0
TELEMED;2019;530008788;440002590;0;0;0;0;1;1;0;1;0;0;1;0;0;0;0;1;1;0;0;1;0;0;;0;0;0;0;1;0;0;0;0;0;0;1;0;1
TELEMED;2019;540000023;540000049;0;0;0;0;1;0;0;0;1;0;1;1;0;0;0;0;0;0;0;0;0;0;;0;0;0;0;0;0;0;0;0;0;0;0;0;0
TELEMED;2019;540000155;540000080;0;0;0;0;0;0;0;0;1;0;1;1;0;0;0;0;0;;0;0;1;1;3;0;0;0;0;0;0;1;0;0;0;0;0;0;0
TELEMED;2019;540000478;540003449;0;;;;0;;;;1;0;0;;1;0;0;0;;;0;0;0;0;;0;0;0;0;0;0;1;1;0;0;0;0;0;0
TELEMED;2019;540000981;540001112;1;1;0;0;0;0;0;0;1;0;0;0;1;1;0;0;0;0;1;0;0;0;;0;0;0;0;0;0;1;0;0;0;0;0;0;0
TELEMED;2019;540001070;540000767;0;0;0;0;0;0;0;0;0;0;1;1;0;0;0;0;0;0;0;0;0;0;;0;0;1;0;0;1;0;0;0;0;0;1;0;0
TELEMED;2019;540001138;540023264;1;0;0;1;0;0;0;0;1;1;0;0;0;0;0;0;0;0;1;0;1;0;;1;0;1;1;0;0;1;0;0;0;0;1;0;0
TELEMED;2019;540001286;540003019;0;0;0;0;0;0;0;0;1;1;1;1;1;0;1;1;0;1;0;0;1;0;;1;0;0;0;0;0;1;1;0;0;0;0;0;0
TELEMED;2019;540002698;540023264;1;1;1;1;0;0;0;0;0;1;0;;1;1;0;0;0;;0;0;1;1;10;1;0;1;1;0;0;1;0;0;0;1;1;0;0
TELEMED;2019;540009701;540019726;0;0;0;0;0;0;0;0;1;0;1;0;1;0;0;0;0;0;0;0;1;0;;0;0;0;0;0;0;1;0;0;0;0;0;0;0
TELEMED;2019;540009859;570010181;0;;;;0;;;;0;;1;0;0;;;0;;;0;0;0;0;;0;0;0;0;0;0;0;0;0;0;0;0;0;0
TELEMED;2019;550000012;550006795;1;0;0;0;1;0;0;0;1;1;0;1;0;;;0;;;0;0;1;1;9;0;0;0;0;0;0;0;0;0;0;0;0;0;0
TELEMED;2019;550000434;550003354;0;0;0;0;0;0;0;0;0;0;1;1;0;0;0;1;1;0;0;0;0;1;10;0;0;0;0;0;0;1;0;0;0;0;1;0;1
TELEMED;2019;550005219;540001112;0;0;0;0;1;1;0;0;0;0;1;0;0;0;0;1;1;0;0;1;0;0;;0;0;0;0;1;0;0;0;0;0;1;0;0;0
TELEMED;2019;560000127;560023210;1;1;1;1;0;0;0;0;1;1;1;1;1;1;0;0;0;0;0;1;1;1;6;0;0;0;0;0;0;1;0;0;0;0;0;0;1
TELEMED;2019;560000135;560005746;0;;;;0;;;;0;;0;;1;1;0;0;;;0;0;0;0;;1;0;0;0;0;0;0;0;0;0;0;0;0;0
TELEMED;2019;560000143;560014748;0;0;0;0;0;0;0;0;0;0;1;0;0;0;0;0;0;0;0;0;0;0;;0;0;0;0;0;0;0;0;0;0;0;0;0;0
TELEMED;2019;560000184;560006017;1;1;1;1;0;0;0;0;1;0;0;1;0;0;0;0;0;0;1;0;1;1;6;1;0;1;1;0;1;1;1;0;0;0;1;0;0
TELEMED;2019;560000192;560000044;0;0;0;0;0;0;0;0;0;0;1;0;0;0;0;0;0;0;0;0;0;0;;0;0;0;0;1;0;0;0;0;0;0;0;0;1
TELEMED;2019;560000382;560002032;1;1;0;0;0;0;0;0;1;0;0;0;0;0;0;0;0;0;0;0;0;1;2;0;0;1;1;0;0;0;0;0;0;0;0;0;0
TELEMED;2019;560000697;560002677;1;0;1;0;0;0;0;0;0;0;0;0;0;0;0;0;0;0;0;0;1;1;1;0;0;1;0;0;0;0;0;0;0;0;0;0;0
TELEMED;2019;560009490;440002590;0;0;0;0;1;1;0;1;0;0;1;0;0;0;0;1;1;0;0;1;0;0;;0;0;0;0;1;0;0;0;0;0;0;1;0;1
TELEMED;2019;560009508;440002590;0;0;0;0;1;1;0;1;0;0;1;0;0;0;0;1;1;0;0;1;0;0;;0;0;0;0;1;0;0;0;0;0;0;1;0;1
TELEMED;2019;560009524;440002590;0;0;0;0;1;1;0;1;0;0;1;0;0;0;0;1;1;0;0;1;0;0;;0;0;0;0;1;0;0;0;0;0;0;1;0;1
TELEMED;2019;560018038;560023178;0;0;0;0;0;0;0;0;1;0;1;0;0;0;0;0;0;0;0;0;0;0;;0;0;0;0;0;0;1;0;0;0;0;0;0;0
TELEMED;2019;560023152;440002590;1;1;0;1;0;0;0;0;1;0;0;0;1;1;0;0;0;0;1;0;0;0;;0;0;0;0;1;0;0;0;0;0;0;1;0;1
TELEMED;2019;560023228;560023178;0;0;0;0;0;0;0;0;1;0;1;0;0;0;0;0;0;0;0;0;0;0;;0;0;0;0;0;0;1;0;0;0;0;0;0;0
TELEMED;2019;570000059;570025254;1;0;0;0;0;;;;0;0;1;1;0;0;0;0;0;0;1;0;0;1;2;0;0;0;0;0;0;0;0;0;0;0;0;0;0
TELEMED;2019;570000117;570015099;0;0;0;0;1;0;0;0;0;0;1;1;0;0;0;0;0;0;0;0;0;0;;0;0;0;0;0;0;0;0;0;0;0;1;0;0
TELEMED;2019;570000216;570010181;1;0;0;0;0;;;;1;1;1;1;0;;;0;;;0;0;0;0;;0;;;;;;;;;;;;;
TELEMED;2019;570000349;570005165;1;0;0;0;0;0;;;1;1;1;1;1;1;1;0;0;;0;0;1;0;;0;0;1;1;1;0;1;1;0;1;1;0;0;0
TELEMED;2019;570000596;750821092;0;0;0;0;0;0;;0;0;0;1;1;0;0;0;0;0;0;0;0;0;0;;0;0;0;0;0;0;0;0;0;0;0;0;0;0
TELEMED;2019;570000901;570000158;0;;;;0;;;;1;1;0;;0;;;0;;;0;0;0;0;;0;0;0;0;0;0;0;0;0;0;0;0;0;1
TELEMED;2019;570000992;570000497;0;0;0;0;1;0;1;0;0;0;0;0;0;0;0;0;0;0;1;0;0;0;;1;0;1;0;1;0;1;1;0;0;0;1;0;1
TELEMED;2019;570003079;570010181;0;;;;0;;;;0;;0;;0;;;1;0;0;0;0;0;0;;0;0;0;0;0;0;0;0;0;0;0;0;0;0
TELEMED;2019;570004002;570013797;0;0;0;0;1;1;0;0;0;0;0;0;0;0;0;1;1;0;0;1;0;0;;0;0;0;0;1;0;0;0;0;0;1;1;0;0
TELEMED;2019;570005215;570005165;0;;0;;1;0;1;0;0;;1;0;0;;;0;;;0;0;0;0;;0;0;1;1;1;0;1;1;0;1;1;0;0;0
TELEMED;2019;570010082;570013797;1;1;0;0;0;0;0;0;0;0;0;0;1;1;0;0;0;0;1;0;0;0;;0;0;1;1;0;0;1;0;0;0;1;1;0;0
TELEMED;2019;570015636;570013797;1;1;0;0;1;1;0;0;0;0;0;0;1;1;0;1;1;0;1;1;0;0;;0;0;1;1;1;0;1;0;0;0;1;1;0;0
TELEMED;2019;570026682;570005165;1;0;1;0;0;0;0;;1;1;1;1;1;1;1;0;0;;0;0;1;1;3;0;0;1;1;1;0;1;1;0;1;1;0;0;0
TELEMED;2019;570027029;540001112;0;0;0;0;1;1;0;0;0;0;1;0;0;0;0;1;1;0;0;1;0;0;;0;0;0;0;1;0;0;0;0;0;1;0;0;0
TELEMED;2019;570027045;570013797;0;0;0;0;1;1;0;0;0;0;0;0;0;0;0;1;1;0;0;1;0;0;;0;0;0;0;1;0;0;0;0;0;1;1;0;0
TELEMED;2019;580004638;630000990;1;1;0;0;0;0;0;0;0;0;0;0;1;1;0;0;0;0;1;0;0;0;;0;0;0;0;1;0;0;1;0;0;0;0;0;0
TELEMED;2019;580972610;580780054;0;0;0;0;1;0;1;0;0;0;1;0;0;0;0;0;0;0;0;0;0;0;;0;0;0;1;0;0;1;0;1;0;1;0;0;0
TELEMED;2019;580972644;580781136;0;0;0;0;0;0;0;0;0;0;0;0;0;0;0;0;0;0;0;0;0;0;;0;0;1;0;0;0;1;0;0;0;0;0;0;0
TELEMED;2019;580972651;580780047;0;0;0;0;0;0;0;0;0;0;1;1;0;0;0;0;0;0;0;0;1;1;4;0;0;1;1;0;0;1;0;0;0;0;0;0;1
TELEMED;2019;580972669;580780070;0;0;0;0;1;0;0;0;0;;1;0;0;0;0;0;0;0;0;1;0;0;;1;0;0;0;1;0;1;0;0;0;0;1;0;0
TELEMED;2019;580972677;580780088;0;0;0;0;0;0;0;0;0;0;0;0;0;0;0;1;0;0;0;0;0;0;;0;0;1;1;0;1;1;0;0;0;0;1;0;0
TELEMED;2019;580972685;580780096;0;;;;1;0;0;0;0;;1;0;0;0;0;0;0;0;0;0;0;0;;0;0;0;1;1;0;1;0;0;0;0;1;0;0
TELEMED;2019;580972693;580780039;0;0;0;0;1;1;0;0;0;0;1;1;0;0;0;1;0;0;0;1;0;0;;0;0;0;0;0;0;0;0;0;0;0;0;0;0
TELEMED;2019;590000105;590780193;1;0;1;0;0;0;0;0;1;0;0;0;0;0;0;0;0;0;0;0;0;0;;0;0;0;1;0;0;0;0;0;0;0;0;0;0
TELEMED;2019;590000121;590780227;0;0;0;0;0;0;0;0;0;0;0;0;1;1;0;0;0;0;0;0;0;1;3;0;0;0;0;0;0;0;0;0;0;0;0;0;0
TELEMED;2019;590000188;590780334;1;0;0;0;0;0;0;0;1;0;0;0;0;0;1;0;0;0;0;0;0;0;;0;0;0;0;0;0;1;1;0;0;0;0;0;0
TELEMED;2019;590000337;590781415;0;0;0;0;0;0;0;0;0;0;1;1;0;0;0;0;0;0;0;0;0;0;;0;0;0;1;0;0;0;0;0;0;0;0;0;0
TELEMED;2019;590000428;590781605;1;0;0;0;1;0;0;0;1;0;1;0;0;;;0;;;0;0;0;0;;0;0;0;1;0;0;0;0;0;0;0;0;0;0
TELEMED;2019;590000535;590781803;0;0;0;0;0;0;0;0;1;0;1;1;1;1;0;1;1;0;1;1;0;0;;0;0;1;1;0;1;1;0;0;0;0;1;0;0
TELEMED;2019;590000592;590782165;1;0;1;0;1;0;0;0;1;0;1;1;0;0;0;0;;;0;0;0;1;8;1;0;1;0;0;0;1;0;0;0;0;0;0;0
TELEMED;2019;590000618;590782215;1;1;1;1;1;0;0;0;1;1;1;1;1;1;1;0;0;0;0;0;0;1;8;1;0;1;1;1;1;1;0;0;0;1;1;1;0
TELEMED;2019;590000758;590782637;1;1;0;0;1;0;0;0;1;1;1;0;0;0;0;0;0;0;0;0;1;1;1;0;0;1;1;1;0;1;0;0;0;0;1;0;0
TELEMED;2019;590000766;590782645;0;0;0;0;0;0;0;0;0;0;1;1;0;0;0;0;0;0;0;0;0;0;;0;0;0;0;0;0;0;0;0;0;0;0;0;0
TELEMED;2019;590000774;590782652;0;0;0;0;0;0;0;0;1;1;1;0;0;0;0;0;0;0;0;0;0;0;;1;0;0;1;0;0;0;0;0;0;0;0;0;0
TELEMED;2019;590001004;590783239;;;;;1;;;;1;1;1;;1;1;;;;;;;1;1;23;0;1;1;;;0;1;;;0;0;;;0
TELEMED;2019;590001749;590788956;0;;;;0;;;;0;0;1;1;0;;;0;;;0;0;0;0;;0;0;0;0;0;0;0;0;0;0;0;0;0;0
TELEMED;2019;590006607;590780193;0;0;0;0;0;0;0;0;1;0;0;0;0;0;0;0;0;0;0;0;0;0;;0;0;0;0;0;0;0;0;0;0;0;0;0;0
TELEMED;2019;590008041;590008033;0;0;0;0;0;0;0;0;1;0;0;0;0;0;0;0;0;0;0;0;1;0;;0;0;0;0;0;0;1;0;0;0;0;0;0;0
TELEMED;2019;590015418;590799995;1;1;0;0;1;1;0;0;1;0;1;0;1;1;0;1;1;0;1;1;0;0;;0;0;0;0;0;0;1;0;0;0;0;0;0;0
TELEMED;2019;590023438;590799995;1;1;0;0;1;1;0;0;1;0;1;0;1;1;0;1;1;0;1;1;0;0;;0;0;0;0;0;0;1;0;0;0;0;0;0;0
TELEMED;2019;590040317;590799995;1;1;0;0;1;1;0;0;1;0;1;0;1;1;0;1;1;0;1;1;0;0;;0;0;0;0;0;0;1;0;0;0;0;0;0;0
TELEMED;2019;590040325;590799995;1;1;0;0;1;1;0;0;1;0;1;0;1;1;0;1;1;0;1;1;0;0;;0;0;0;0;0;0;1;0;0;0;0;0;0;0
TELEMED;2019;590045951;590799995;1;1;0;0;1;1;0;0;1;0;1;0;1;1;0;1;1;0;1;1;0;0;;0;0;0;0;0;0;1;0;0;0;0;0;0;0
TELEMED;2019;590046744;590799995;1;1;0;0;1;1;0;0;1;0;1;0;1;1;0;1;1;0;1;1;0;0;;0;0;0;0;0;0;1;0;0;0;0;0;0;0
TELEMED;2019;590046751;590799995;1;1;0;0;1;1;0;0;1;0;1;0;1;1;0;1;1;0;1;1;0;0;;0;0;0;0;0;0;1;0;0;0;0;0;0;0
TELEMED;2019;590046769;590799995;1;1;0;0;1;1;0;0;1;0;1;0;1;1;0;1;1;0;1;1;0;0;;0;0;0;0;1;0;1;0;0;0;0;0;0;0
TELEMED;2019;590047361;590799995;1;1;0;0;1;1;0;0;1;0;1;0;1;1;0;1;1;0;1;1;0;0;;0;0;0;0;0;0;1;0;0;0;0;0;0;0
TELEMED;2019;590047866;590799995;1;1;0;0;1;1;0;0;1;0;1;0;1;1;0;1;1;0;1;1;0;0;;0;0;0;0;0;0;1;0;0;0;0;0;0;0
TELEMED;2019;590047874;590799995;1;1;0;0;1;1;0;0;1;0;1;0;1;1;0;1;1;0;1;1;0;0;;0;0;0;0;0;0;1;0;0;0;0;0;0;0
TELEMED;2019;590060596;590799995;1;1;0;0;1;1;0;0;1;0;1;0;1;1;0;1;1;0;1;1;0;0;;0;0;0;0;1;0;0;0;0;0;0;0;0;0
TELEMED;2019;590783171;590000980;0;0;0;0;1;0;0;0;0;0;0;0;0;0;0;1;0;0;0;0;0;0;;0;0;1;0;0;0;1;0;0;0;0;1;0;0
TELEMED;2019;590784864;590780193;0;0;0;0;0;0;0;0;0;0;0;0;1;1;0;0;0;0;0;0;0;0;;0;0;0;0;0;0;0;0;0;0;0;0;0;0
TELEMED;2019;590787586;590780193;0;0;0;0;0;0;0;0;1;0;0;0;1;1;0;0;0;0;0;0;1;0;;1;0;1;1;0;0;0;0;0;0;0;0;0;0
TELEMED;2019;590791091;590780193;1;0;1;0;0;0;0;0;1;0;0;0;0;0;0;0;0;0;0;0;0;1;;1;0;0;0;0;0;0;0;0;0;0;0;0;0
TELEMED;2019;590796975;590780193;0;0;0;0;0;0;0;0;1;0;0;0;0;0;0;0;0;0;0;0;0;0;;0;0;0;1;0;0;0;0;0;0;0;0;0;0
TELEMED;2019;590809703;590004552;1;0;1;0;0;0;0;0;1;0;0;0;0;0;0;0;0;0;0;0;0;1;21;1;0;0;0;0;0;1;0;0;0;0;0;0;0
TELEMED;2019;590811279;590780193;1;0;0;0;0;0;0;0;1;0;0;0;1;0;0;0;0;0;0;0;0;0;;0;0;0;0;0;0;1;0;0;0;0;0;0;0
TELEMED;2019;600000053;600101984;0;0;0;0;0;0;0;0;0;0;1;1;0;0;0;0;0;0;0;0;0;0;;0;0;0;0;0;0;0;0;0;0;0;0;0;0
TELEMED;2019;600000152;600100572;1;0;0;0;0;0;0;0;0;0;0;0;0;0;0;0;0;0;0;0;0;0;;0;0;1;1;0;0;1;0;0;0;1;1;0;0
TELEMED;2019;600000194;600100713;1;1;1;1;1;1;0;0;0;0;0;0;1;1;1;0;0;0;0;0;0;1;5;0;0;1;1;1;0;1;0;0;0;0;1;0;0
TELEMED;2019;600000467;600101984;1;1;0;0;0;0;0;0;1;0;1;1;1;1;0;0;0;0;0;0;0;0;;0;0;1;0;0;0;1;0;0;0;0;0;0;0
TELEMED;2019;600002067;590799995;1;1;0;0;1;1;0;0;1;0;1;0;1;1;0;1;1;0;1;1;0;0;;0;0;0;0;1;0;1;0;0;0;0;0;0;0
TELEMED;2019;600008734;590799995;1;1;0;0;1;1;0;0;1;0;1;0;1;1;0;1;1;0;1;1;0;0;;0;0;0;0;0;0;1;0;0;0;0;0;0;0
TELEMED;2019;600100101;750712184;0;0;0;0;0;0;0;0;0;0;0;0;0;0;0;0;0;0;0;0;1;1;8;0;0;0;0;0;0;0;0;0;0;0;0;0;0
TELEMED;2019;600100754;600000228;1;0;1;0;0;0;0;0;0;1;0;0;0;;0;0;0;0;0;0;0;0;;0;0;0;0;0;0;1;0;0;0;0;0;0;0
TELEMED;2019;600100861;440052041;0;0;0;0;1;1;0;1;0;0;1;1;0;0;0;0;0;0;0;0;0;0;;1;0;0;0;1;0;0;0;0;0;0;1;0;0
TELEMED;2019;600109748;590799995;1;1;0;0;1;1;0;0;1;0;1;0;1;1;0;1;1;0;1;1;0;0;;0;0;0;0;0;0;1;0;0;0;0;0;0;0
TELEMED;2019;600113476;600100721;0;;;;0;;;;1;0;1;0;0;;;0;;;0;0;1;0;;0;0;0;0;0;0;1;1;0;0;0;0;0;0
TELEMED;2019;610000028;610780025;1;0;0;0;0;0;0;0;0;0;0;0;0;0;0;0;0;0;0;0;0;0;;0;0;0;0;0;0;0;0;0;0;0;0;0;0
TELEMED;2019;610000044;610780074;0;;;;0;;;;1;0;1;1;0;;;0;;;0;0;0;1;3;1;0;1;0;0;0;1;0;0;0;0;1;0;0
TELEMED;2019;610000051;610780082;0;0;0;0;0;0;0;0;1;1;1;1;1;0;0;0;0;0;0;0;0;0;;0;0;0;1;1;0;1;0;0;0;0;0;0;0
TELEMED;2019;610000069;610780090;0;0;0;0;1;0;0;0;1;1;1;1;0;0;0;0;0;0;0;0;0;0;;0;0;0;0;1;0;0;1;0;0;0;0;0;0
TELEMED;2019;610000085;610780132;0;0;0;0;0;0;0;0;0;0;1;0;0;0;0;0;0;0;0;0;0;0;;0;0;0;0;0;0;0;1;0;0;0;0;0;0
TELEMED;2019;610000093;610780140;0;0;0;0;1;0;0;0;0;0;1;1;0;0;0;0;0;;0;0;0;0;;0;0;0;0;0;0;1;1;0;0;0;0;0;0
TELEMED;2019;610005837;610005811;0;0;0;;1;0;0;0;0;0;1;0;0;0;;0;0;0;0;0;0;0;;0;0;0;0;0;0;0;0;0;0;0;0;0;0
TELEMED;2019;610006256;610006769;0;0;0;0;0;0;0;0;0;0;0;0;0;0;0;1;0;0;0;0;1;1;8;0;0;0;0;0;0;0;0;0;0;0;0;0;0
TELEMED;2019;610006777;610006769;0;0;0;0;0;0;0;0;0;0;0;0;0;0;0;1;0;0;0;0;1;1;8;0;0;0;0;0;0;0;0;0;0;0;0;0;0
TELEMED;2019;610007155;610005811;0;0;0;0;0;1;0;0;0;0;0;0;0;0;0;0;0;0;0;0;0;0;;0;0;0;0;0;0;0;0;0;0;0;0;0;0
TELEMED;2019;610007312;140000159;0;0;0;0;1;0;0;0;0;0;0;0;0;0;0;0;0;0;0;0;0;0;;0;0;0;0;0;0;0;1;0;0;0;0;0;0
TELEMED;2019;610780116;610790594;0;;;;0;0;0;0;0;;1;1;0;;;0;0;0;0;0;0;0;;0;0;0;0;0;0;0;0;0;0;0;0;0;0
TELEMED;2019;610780371;760025734;1;0;1;0;0;0;0;0;0;0;0;0;0;0;0;0;0;0;0;0;0;1;3;1;0;1;0;0;0;1;0;0;0;1;1;0;0
TELEMED;2019;620000026;620003814;0;0;0;0;0;0;0;0;0;0;1;0;0;0;0;0;0;0;0;0;1;0;;0;0;0;0;0;0;0;0;0;0;0;0;0;0
TELEMED;2019;620000034;620100057;1;1;0;0;1;0;0;0;1;0;1;1;1;1;0;0;0;0;1;0;0;0;;1;0;1;1;1;0;1;1;1;0;0;0;0;0
TELEMED;2019;620000257;620100685;1;;;;1;;;;1;;1;;0;;;0;;;0;0;0;;;0;;;;;;;;;;;;;
TELEMED;2019;620000323;620101337;0;0;0;0;0;0;0;0;0;0;0;0;0;0;0;1;0;0;1;0;0;0;;0;0;0;0;0;0;1;0;0;0;0;0;0;0
TELEMED;2019;620000349;620101360;1;0;0;0;1;0;0;0;1;0;1;1;1;1;0;0;0;0;0;0;0;0;;0;0;1;1;0;0;1;0;0;0;0;1;0;1
TELEMED;2019;620000653;620103440;1;1;0;0;0;0;0;0;1;0;0;0;1;1;0;0;0;0;0;0;0;0;;0;0;1;0;0;0;1;0;0;0;0;0;0;0
TELEMED;2019;620010058;590799995;1;1;0;0;1;1;0;0;1;0;1;0;1;1;0;1;1;0;1;1;0;0;;0;0;0;0;1;0;1;0;0;0;0;0;0;0
TELEMED;2019;620011338;590799995;1;1;0;0;1;1;0;0;1;0;1;0;1;1;0;1;1;0;1;1;0;0;;0;0;0;0;1;0;0;0;0;0;0;0;0;0
TELEMED;2019;620026997;590799995;1;1;0;0;1;1;0;0;1;0;1;0;1;1;0;1;1;0;1;1;0;0;;0;0;0;0;1;0;0;0;0;0;0;0;0;0
TELEMED;2019;630000016;630180032;0;0;0;0;0;0;0;0;1;1;0;0;0;0;0;0;0;0;0;0;1;1;5;0;0;0;1;0;0;0;0;0;0;0;0;0;0
TELEMED;2019;630000404;630780989;1;0;0;0;0;;;;1;1;0;;1;1;0;0;;;1;0;1;0;;1;1;1;1;0;0;1;0;0;1;0;1;1;0
TELEMED;2019;630000420;630781003;0;0;0;0;0;0;0;0;0;0;1;0;0;0;0;0;0;0;0;0;0;0;;0;0;0;0;0;0;1;0;0;0;0;0;0;0
TELEMED;2019;630000479;630781110;1;0;0;0;0;0;0;0;1;1;0;0;0;0;0;0;0;0;0;0;0;0;;0;0;0;0;0;0;1;0;0;0;0;0;0;0
TELEMED;2019;630000560;630781367;0;0;0;0;0;0;1;0;0;0;0;;0;0;0;0;0;0;0;0;1;0;;0;0;1;0;0;0;1;0;0;0;0;0;0;0
TELEMED;2019;630007748;630000990;1;1;0;0;0;0;0;0;0;0;0;0;1;1;0;0;0;0;1;0;0;0;;0;0;0;0;1;0;0;1;0;0;0;0;0;0
TELEMED;2019;630007839;630000990;0;0;0;0;0;0;0;0;0;0;0;0;1;1;0;0;0;0;1;0;0;0;;0;0;0;0;1;0;0;1;0;0;0;0;0;0
TELEMED;2019;630007888;630000990;1;1;0;0;0;0;0;0;0;0;0;0;1;1;0;0;0;0;1;0;0;0;;0;0;0;0;1;0;0;1;0;0;0;0;0;0
TELEMED;2019;630780195;630786754;1;0;0;0;0;;;;0;0;0;0;0;0;0;0;0;0;0;0;0;0;;0;0;0;0;1;0;1;0;0;0;0;0;0;0
TELEMED;2019;630781268;630780989;1;0;0;0;0;;;;1;1;0;;0;;;0;;;0;0;1;0;;1;0;0;0;0;0;1;1;0;1;0;1;1;0
TELEMED;2019;630783348;750050916;1;0;0;1;1;0;0;1;1;1;1;1;0;;;0;;;0;0;0;0;;0;0;1;0;0;0;1;0;0;0;0;1;0;0
TELEMED;2019;630783538;630780989;0;0;0;0;0;0;0;0;1;0;0;0;0;;;0;;;0;0;1;0;;0;0;0;1;0;0;1;0;0;0;0;0;0;0
TELEMED;2019;640000162;640780417;1;0;1;0;1;0;1;0;1;1;1;1;0;0;0;0;0;0;0;0;0;1;5;1;0;1;1;0;0;1;0;0;0;0;0;0;0
TELEMED;2019;640000402;640780813;0;;;;0;;;;1;1;0;;0;;;1;1;1;0;0;0;0;;0;0;0;0;0;0;0;0;0;0;0;0;0;0
TELEMED;2019;640000410;640780821;0;;;;0;;;;0;0;1;1;0;;;0;;;0;0;0;0;;0;0;0;0;0;0;0;0;0;0;0;0;0;0
TELEMED;2019;640000600;640781290;0;0;0;0;0;0;0;0;1;0;0;1;0;1;0;0;0;0;1;0;0;1;47;0;0;0;0;0;0;1;0;0;0;0;0;0;0
TELEMED;2019;640003836;640791976;0;0;0;0;0;0;0;0;0;0;1;0;0;0;0;0;0;0;0;0;0;0;;0;0;0;0;0;0;1;0;0;0;0;0;0;0
TELEMED;2019;640780490;640000212;1;0;1;0;0;0;0;0;1;0;0;0;1;1;0;0;0;0;0;0;1;1;20;1;0;1;0;0;0;1;0;0;0;0;1;0;0
TELEMED;2019;640786281;640791976;0;0;0;0;0;0;0;0;0;0;1;0;0;0;0;0;0;0;0;0;0;0;;0;0;0;0;0;0;0;0;0;0;0;0;0;1
TELEMED;2019;640789640;640000113;1;1;0;0;1;1;0;0;0;0;0;0;0;0;0;0;0;0;0;0;0;0;;0;0;0;1;1;0;0;0;0;0;0;1;0;0
TELEMED;2019;640790150;750712184;0;0;0;0;0;0;0;0;0;0;0;0;0;0;0;0;0;0;0;0;0;0;;0;0;0;0;0;0;1;0;0;0;0;0;0;1
TELEMED;2019;640792305;640000626;0;0;0;0;0;0;0;0;0;0;1;0;0;0;0;0;0;0;0;0;1;0;;0;0;0;0;0;0;1;1;0;0;0;0;0;0
TELEMED;2019;650000045;650780158;0;0;0;0;0;0;0;0;0;0;0;1;0;0;0;0;0;0;0;0;0;0;;0;0;1;0;0;0;1;1;0;0;0;0;0;0
TELEMED;2019;650000052;650780166;0;0;0;0;0;0;0;0;0;1;0;1;0;0;0;0;0;0;0;0;0;1;2;0;0;0;0;0;0;1;0;0;0;0;0;0;0
TELEMED;2019;650000417;650783160;0;0;0;0;0;0;0;0;0;0;1;1;0;0;0;1;1;0;0;0;0;0;;0;0;1;0;1;0;1;1;0;0;0;0;0;0
TELEMED;2019;650780679;650000243;0;;;;0;;;;1;0;1;0;0;;;0;;;0;0;1;0;;0;0;0;0;0;0;0;0;0;0;0;0;0;0
TELEMED;2019;650784218;650780174;1;1;1;1;1;1;1;1;1;1;1;1;1;0;0;1;1;1;1;1;1;1;5;0;0;1;0;0;0;1;0;1;1;1;1;0;1
TELEMED;2019;650789308;650789068;0;0;0;;0;;;;0;;0;;1;0;1;0;;;0;0;0;0;;1;0;1;0;0;0;1;0;0;0;0;1;0;0
TELEMED;2019;660000084;660780180;1;1;1;0;0;;;;1;1;0;;0;0;0;0;;;0;0;0;0;;0;0;1;0;0;0;1;0;0;0;0;0;0;0
TELEMED;2019;660780099;660000043;0;0;0;0;0;0;0;0;0;0;1;0;0;0;0;0;0;0;0;0;0;0;;0;0;0;0;0;0;0;1;0;0;0;0;0;0
TELEMED;2019;660780784;660000407;0;;;;0;;;;1;0;0;;1;0;0;0;0;;0;0;0;1;52;0;0;0;0;0;0;0;0;0;0;0;0;0;1
TELEMED;2019;660781097;660000506;0;0;0;0;0;0;0;0;0;0;1;0;0;0;0;0;0;0;0;0;0;0;;0;0;0;0;0;0;0;1;0;0;0;0;0;0
TELEMED;2019;660790387;660790379;1;1;1;0;0;;;;1;0;0;;0;0;0;0;;;0;0;1;0;;0;0;0;0;0;0;1;0;0;0;0;0;0;0
TELEMED;2019;670000041;670780071;0;0;0;0;1;1;0;0;0;0;0;0;0;0;0;0;0;0;0;0;0;0;;0;0;0;0;0;0;1;0;0;0;0;0;0;0
TELEMED;2019;670000157;670780337;0;0;0;0;0;0;0;0;1;0;1;1;1;0;0;0;0;0;0;0;1;1;16;0;0;0;0;0;0;1;0;0;0;0;0;0;1
TELEMED;2019;670000165;670780345;0;0;0;0;1;0;0;0;0;0;1;1;0;0;0;0;0;0;0;1;0;0;;0;0;1;1;0;0;1;0;0;0;0;1;0;0
TELEMED;2019;670000272;670780543;0;;;;0;;;;0;0;1;1;0;;;0;;;0;0;1;1;6;0;0;0;0;0;0;0;0;0;0;0;0;0;0
TELEMED;2019;670000306;670780584;1;0;1;0;0;0;0;0;1;0;0;0;0;0;0;0;0;0;0;0;1;1;3;0;0;0;0;1;0;1;0;1;1;1;1;0;0
TELEMED;2019;670000371;670780675;0;0;0;0;1;1;0;0;0;0;0;0;0;0;0;0;;;0;0;0;0;;0;0;1;0;1;0;1;0;1;0;1;1;0;0
TELEMED;2019;670000397;670017755;0;0;0;0;0;0;0;0;0;0;1;1;1;1;0;0;0;0;0;0;1;0;;0;0;0;0;0;0;1;0;0;0;0;0;0;0
TELEMED;2019;670000603;670781152;1;1;1;0;0;0;0;0;1;0;1;1;0;0;0;0;0;0;0;0;1;1;36;0;0;0;0;0;0;1;0;0;0;0;0;0;0
TELEMED;2019;680000312;680015963;0;0;0;0;0;0;0;0;0;0;0;0;0;0;0;0;0;0;0;0;0;0;;0;0;1;0;0;0;0;0;0;0;0;0;0;0
TELEMED;2019;680000494;680000643;0;0;0;0;0;;;;0;0;0;0;1;0;0;0;0;0;0;0;0;0;;1;0;0;0;0;0;0;0;0;0;0;0;0;0
TELEMED;2019;680000684;680000973;1;1;0;1;1;1;0;1;1;1;1;0;1;1;1;0;0;1;0;0;1;0;;0;0;0;1;1;0;1;1;1;0;1;1;0;1
TELEMED;2019;680001195;680000643;0;0;;0;0;;;;1;1;0;;1;1;0;0;;;0;0;0;0;;1;0;0;0;0;0;0;0;0;0;0;0;0;0
TELEMED;2019;680004579;680000973;1;0;1;0;0;0;;;1;0;0;0;0;;;0;;;0;0;1;1;3;0;0;0;0;1;0;1;1;1;0;1;1;0;1
TELEMED;2019;680020088;680020062;0;0;0;0;0;0;0;0;0;0;0;0;0;0;0;0;0;0;0;0;1;0;;0;0;0;0;0;0;0;0;0;0;0;0;0;0
TELEMED;2019;680020427;680014495;1;1;1;0;1;0;1;0;1;0;1;0;0;0;0;0;0;0;0;0;0;1;7;0;0;1;1;1;0;1;1;0;0;1;1;0;0
TELEMED;2019;690000013;690780036;0;0;0;0;0;0;0;0;0;0;1;1;0;0;0;0;0;0;0;0;0;0;;0;0;0;0;0;0;0;0;0;0;0;0;0;0
TELEMED;2019;690000096;690780119;0;;;;0;;;;0;;1;1;0;;;0;;;0;0;0;0;;0;0;0;0;0;0;0;0;0;0;0;0;0;0
TELEMED;2019;690000625;690782271;0;;;;0;;;;1;0;1;0;0;;;0;;;0;0;1;1;1;0;0;0;0;0;0;0;0;0;0;0;0;0;0
TELEMED;2019;690000773;690782925;0;0;0;0;0;0;0;0;0;0;0;1;0;0;0;0;0;0;0;0;0;0;;0;0;0;0;0;0;0;0;0;0;0;0;0;0
TELEMED;2019;690000880;690783220;0;;;;0;0;0;0;1;1;0;;0;0;0;0;0;0;0;0;0;0;;0;0;0;0;0;0;0;0;0;0;0;0;0;0
TELEMED;2019;690004718;690796552;0;;;;1;1;0;0;0;;0;;0;;;0;;;0;1;0;0;;0;0;0;0;1;0;0;0;0;0;0;0;0;0
TELEMED;2019;690007539;690781810;0;0;0;0;0;0;0;0;1;0;0;0;1;1;0;0;0;0;0;0;1;0;;0;0;0;0;0;0;1;1;0;0;0;0;0;0
TELEMED;2019;690022009;690796552;1;1;0;0;0;;;;0;;1;0;1;1;0;0;;;1;0;0;0;;0;0;1;0;0;0;1;0;0;0;0;0;0;0
TELEMED;2019;690022058;690002225;1;1;0;0;0;;;;0;;0;;1;1;0;1;1;0;0;0;0;0;;1;0;0;1;1;0;1;1;0;0;0;0;0;0
TELEMED;2019;690023098;690002225;1;1;0;0;0;;;;0;;0;;1;1;0;1;1;0;0;0;0;0;;1;0;0;1;1;0;1;1;0;0;0;0;0;0
TELEMED;2019;690024773;690002225;1;1;0;0;0;;;;0;;0;;1;1;0;1;1;0;0;0;0;0;;1;0;0;1;1;0;1;1;0;0;0;0;0;0
TELEMED;2019;690780093;750821092;0;0;0;0;0;0;0;0;0;0;1;1;0;0;0;1;0;0;0;0;0;0;;0;0;0;0;0;0;0;0;0;0;0;0;0;0
TELEMED;2019;690783154;690781810;1;0;0;0;0;0;0;0;1;0;0;;1;;;0;;;0;0;1;;;1;0;0;0;0;0;1;1;0;0;0;0;0;0
TELEMED;2019;690784137;690781810;1;0;0;0;1;0;0;0;1;0;0;0;1;1;1;0;0;0;0;0;1;0;;1;0;0;0;0;0;1;1;0;0;0;0;0;0
TELEMED;2019;690784152;690781810;1;0;0;0;0;0;0;0;1;0;0;0;1;1;0;0;0;0;0;0;1;0;;0;0;0;0;0;0;1;1;0;0;0;0;0;0
TELEMED;2019;690784178;690781810;0;0;0;0;0;0;0;0;1;0;0;0;1;1;0;0;0;0;0;0;1;0;;0;0;0;0;0;0;1;1;0;0;0;0;0;0
TELEMED;2019;690784186;690781810;0;0;0;0;0;0;0;0;1;0;0;0;1;1;0;0;0;0;0;0;1;0;;0;0;0;0;0;0;1;1;0;0;0;0;0;0
TELEMED;2019;690805361;690805353;0;0;0;0;0;0;0;0;1;0;0;0;1;1;0;1;1;0;1;0;0;0;;0;0;0;0;0;1;1;1;0;0;0;0;0;0
TELEMED;2019;700000011;700780026;0;0;0;0;1;0;0;0;0;0;1;1;0;0;0;0;0;0;0;0;0;0;;0;0;0;0;0;0;0;0;0;0;0;1;0;0
TELEMED;2019;700000029;700004591;0;0;0;0;1;0;0;0;1;1;1;0;1;0;0;0;0;0;0;0;0;1;14;0;0;0;0;1;0;0;1;1;0;0;0;0;0
TELEMED;2019;700003577;210012290;1;1;0;0;1;1;0;0;0;0;0;0;1;1;0;0;0;0;0;0;0;0;;0;0;0;0;1;0;0;0;0;0;1;1;0;0
TELEMED;2019;700780042;250006335;0;0;0;0;0;0;;0;0;0;0;1;0;0;0;0;0;0;0;0;0;0;;0;0;0;0;0;0;1;0;0;0;0;0;0;0
TELEMED;2019;700780059;700004591;0;0;0;0;0;0;0;0;0;0;1;0;0;0;0;0;0;0;0;0;1;0;;0;0;0;0;0;0;0;1;1;0;0;0;0;0
TELEMED;2019;700780075;700004096;1;0;0;0;0;;;;0;;0;;0;;;0;;;0;0;1;1;1;0;0;0;0;0;0;1;0;0;0;0;0;0;0
TELEMED;2019;700780208;700004591;0;0;0;0;0;0;0;0;0;0;1;0;0;0;0;0;0;0;0;0;0;0;;0;0;0;0;0;0;0;0;0;0;0;0;0;0
TELEMED;2019;710010166;210012290;1;1;0;0;1;1;0;0;0;0;0;0;0;0;0;0;0;0;0;0;0;0;;0;0;0;0;1;0;1;0;0;0;1;1;0;0
TELEMED;2019;710010786;710781451;0;;;;1;;;;0;;1;;0;;;1;;;0;0;;;;;;;;;;;;;;;;;
TELEMED;2019;710970658;210012290;0;0;0;0;0;0;0;0;0;0;0;0;1;1;0;0;0;0;0;0;0;0;;0;0;0;0;0;0;0;0;0;0;0;0;0;0
TELEMED;2019;710973504;210012290;0;0;0;0;0;0;0;0;0;0;0;0;1;1;0;0;0;0;0;0;0;0;;0;0;0;0;0;0;0;0;0;0;0;0;0;0
TELEMED;2019;710978107;710781592;0;0;0;0;0;0;0;0;0;0;1;1;0;0;0;0;0;0;0;0;1;1;2;0;0;0;0;0;0;1;0;0;0;0;0;0;0
TELEMED;2019;710978156;710780214;1;0;0;0;1;0;0;0;0;0;0;;0;0;0;0;;;0;0;1;0;;1;0;1;1;0;0;1;0;0;0;0;1;0;0
TELEMED;2019;710978180;710781360;0;0;0;0;1;0;0;0;0;0;1;0;0;0;0;0;0;0;0;0;0;1;1;0;0;0;0;0;0;1;0;0;0;0;1;0;0
TELEMED;2019;710978230;710781329;1;0;1;0;0;0;0;0;1;0;1;1;0;0;0;0;0;0;0;0;0;1;5;1;0;1;0;0;0;1;0;0;0;0;0;0;0
TELEMED;2019;710978263;710780958;1;0;0;0;0;0;0;0;1;0;0;1;1;1;0;0;0;0;0;0;0;0;;0;0;0;1;1;0;1;0;0;0;0;0;0;0
TELEMED;2019;710978289;710780263;1;1;1;0;0;0;0;0;1;0;1;1;0;0;0;0;0;0;1;0;1;1;13;1;0;0;1;1;0;1;1;0;0;0;0;0;0
TELEMED;2019;710978313;710976705;0;;;;1;;;;0;;1;;0;;;0;;;0;1;;;;0;;;;;;;;;;;;;
TELEMED;2019;710978347;570010181;1;1;1;0;0;0;0;0;0;0;1;1;1;1;0;0;0;0;0;1;1;1;7;0;0;1;1;1;0;1;1;0;0;0;1;0;1
TELEMED;2019;720000033;720000025;1;0;0;0;0;;;;1;1;1;1;1;1;0;0;;;0;0;1;1;12;1;0;0;0;1;0;0;0;0;0;0;1;0;1
TELEMED;2019;720000041;720000058;1;0;1;0;0;0;0;0;1;0;0;0;0;0;0;0;0;0;0;0;0;1;16;0;0;0;0;0;0;1;0;0;0;0;0;0;0
TELEMED;2019;720000124;720000066;0;0;0;0;0;0;0;0;0;0;1;0;0;0;0;0;0;0;0;0;0;0;;0;0;0;0;0;0;0;1;0;0;0;0;0;0
TELEMED;2019;720000470;610780082;0;0;0;0;0;0;0;0;0;0;1;0;0;0;0;0;0;0;0;0;0;0;;0;0;0;0;0;0;0;0;0;0;0;0;0;0
TELEMED;2019;720000819;720002062;0;;;;0;0;0;0;0;;1;0;0;;;1;0;1;0;0;0;0;;0;0;0;0;1;0;1;0;0;0;0;0;0;0
TELEMED;2019;720001569;720007244;0;0;0;0;0;0;0;0;0;0;1;1;0;0;0;1;0;1;0;0;0;0;;0;0;0;0;1;0;1;0;0;0;0;0;0;0
TELEMED;2019;720016179;720016724;0;;;;0;;;;0;;1;1;0;;;0;;;0;0;0;0;;0;0;0;0;0;0;0;0;0;0;0;0;0;0
TELEMED;2019;720017839;440002590;1;1;0;1;0;0;0;0;1;0;0;0;1;1;0;0;0;0;1;0;0;0;;0;0;0;0;1;0;0;0;0;0;0;1;0;1
TELEMED;2019;730000031;730000015;1;;;;0;;;;1;;1;;1;;;0;;;1;1;;;;0;0;0;0;0;0;0;0;0;0;0;0;0;0
TELEMED;2019;730000049;730002839;1;0;1;0;1;0;1;0;0;0;1;1;0;0;0;0;0;0;0;0;0;0;;0;0;0;1;0;0;1;0;0;0;1;1;1;1
TELEMED;2019;730000080;730780103;0;0;0;0;1;0;0;0;0;;1;1;0;;;0;;;0;1;0;0;;0;0;1;0;0;0;1;0;0;0;0;0;0;0
TELEMED;2019;730000247;730780525;1;0;1;0;1;1;1;1;1;1;1;1;0;0;0;1;1;1;0;0;1;1;1;1;0;1;0;0;0;1;0;0;0;0;1;0;1
TELEMED;2019;730000262;730002839;1;0;1;0;0;0;0;0;0;0;1;1;0;0;0;0;0;0;0;1;0;0;;0;0;1;0;0;0;1;0;0;0;0;1;0;0
TELEMED;2019;730000304;730780582;0;;;;0;;;;0;0;1;1;0;;;0;;;0;0;0;0;;0;0;0;0;0;0;0;0;0;0;0;0;0;0
TELEMED;2019;730000924;690796552;1;1;0;0;0;;;;0;;0;;0;;;0;;;1;0;0;0;;0;0;0;0;1;0;0;0;0;0;0;0;0;0
TELEMED;2019;730004298;730010048;0;0;0;0;0;0;0;0;0;0;1;1;0;0;0;1;0;0;0;0;0;0;;0;0;0;0;0;0;1;1;1;0;0;0;0;0
TELEMED;2019;730786233;690796552;0;0;0;0;1;1;0;0;0;0;1;0;0;0;0;1;1;0;0;1;0;0;;0;0;0;0;1;0;0;0;0;0;0;0;0;0
TELEMED;2019;740000237;740781133;1;1;1;0;1;1;1;0;1;1;1;1;1;1;0;1;1;0;0;0;1;1;3;1;0;0;1;0;0;1;0;0;0;0;1;0;0
TELEMED;2019;740000302;740781133;0;0;0;0;1;1;1;0;1;1;1;1;0;0;0;1;1;0;0;0;1;1;3;0;0;0;1;0;0;1;0;0;0;0;0;0;0
TELEMED;2019;740000328;740790381;0;0;0;0;1;0;0;0;1;0;1;1;0;0;0;0;0;0;0;0;0;0;;0;0;0;1;1;0;1;0;0;0;0;0;0;0
TELEMED;2019;740781141;740790258;1;0;1;1;1;0;0;0;1;0;1;1;1;0;0;0;0;0;0;0;0;1;3;0;0;0;1;1;0;1;0;0;0;0;1;1;0
TELEMED;2019;740781224;740001839;0;0;0;0;0;0;0;0;0;0;1;1;0;0;0;0;0;0;0;0;0;0;;0;0;0;0;0;0;0;0;0;0;0;0;0;0
TELEMED;2019;750000499;750062036;0;;;;0;;;;1;1;0;;0;;;0;;;0;0;1;0;;1;1;0;0;0;0;1;0;0;0;0;0;0;0
TELEMED;2019;750000549;750150229;1;0;0;1;0;0;0;0;1;1;1;0;1;0;0;0;0;0;0;0;1;0;;0;0;0;0;0;0;1;0;0;0;0;0;0;0
TELEMED;2019;750041543;750712184;0;;;;0;;;;1;0;1;0;0;;;0;;;0;0;0;0;;0;0;0;0;0;0;0;0;0;0;0;0;0;0
TELEMED;2019;750100018;750712184;0;0;0;0;0;0;0;0;0;1;0;0;1;0;0;0;0;0;0;0;1;0;;0;0;0;0;0;0;0;0;0;0;0;0;0;0
TELEMED;2019;750100042;750712184;0;;;;0;;;;1;0;1;0;1;0;0;0;;;0;0;0;0;;1;0;0;0;0;0;0;0;0;0;0;0;0;0
TELEMED;2019;750100083;750712184;1;0;1;0;0;;;;1;0;0;;1;0;0;0;;;0;0;0;0;;1;0;0;0;0;0;1;0;0;0;0;0;0;0
TELEMED;2019;750100091;750712184;1;1;0;0;1;0;0;0;1;1;1;1;1;0;0;0;;;0;0;0;0;;1;0;0;0;0;0;1;0;0;0;0;0;0;0
TELEMED;2019;750100109;750712184;0;;;;0;;;;1;0;1;0;1;0;0;0;;;1;0;1;0;;1;0;0;0;0;0;0;0;0;0;0;0;0;0
TELEMED;2019;750100125;750712184;1;1;0;0;0;;;;0;;0;;1;1;0;0;;;0;0;1;0;;0;0;0;0;0;0;1;0;1;0;0;0;0;1
TELEMED;2019;750100166;750712184;0;0;0;0;0;0;0;0;1;0;0;0;1;0;0;0;0;0;0;0;1;1;;0;0;0;0;0;0;0;0;0;0;0;0;0;0
TELEMED;2019;750100208;750712184;1;1;0;1;0;0;0;0;1;0;0;0;1;1;0;0;0;0;0;0;1;0;;0;0;1;0;0;0;1;0;0;0;0;0;0;1
TELEMED;2019;750100232;750712184;1;0;0;0;0;;;;1;0;1;0;1;0;0;0;;;0;0;0;0;;1;0;0;0;0;0;0;0;0;0;0;0;0;0
TELEMED;2019;750100273;750712184;1;1;0;1;0;;;;0;0;0;;0;;1;0;;;0;0;1;0;;0;0;0;0;0;0;1;0;0;0;0;0;0;0
TELEMED;2019;750100299;750712184;1;0;1;0;0;;;;0;0;0;;0;0;0;0;;;0;0;0;0;;0;0;0;0;0;0;1;0;0;0;0;0;0;0
TELEMED;2019;750150146;750720609;1;0;1;0;0;0;0;0;1;0;0;0;0;0;0;0;0;0;0;0;1;1;10;1;0;1;0;0;0;1;0;0;0;0;1;0;0
TELEMED;2019;750150237;750006728;0;0;0;0;0;0;0;0;0;0;0;0;1;0;0;0;0;0;0;0;0;0;;1;0;0;0;0;0;0;0;0;0;0;0;0;0
TELEMED;2019;750300360;750026569;1;0;1;0;0;;0;1;0;0;0;0;0;0;;0;0;;1;0;1;1;3;0;0;0;0;0;0;1;0;0;0;0;1;0;0
TELEMED;2019;750801441;750712184;1;0;1;0;1;0;1;0;1;0;1;0;0;0;0;0;0;0;0;0;1;1;;0;0;0;0;0;0;1;0;0;0;0;0;0;0
TELEMED;2019;750803447;750712184;1;1;0;1;0;0;0;0;1;0;0;0;1;1;0;0;0;0;0;0;1;0;;0;0;0;0;0;0;1;0;0;0;0;0;0;0
TELEMED;2019;750803454;750712184;0;;;;0;;;;1;0;1;0;1;0;0;0;;;0;0;0;0;;1;0;0;0;0;0;0;0;0;0;0;0;0;0
TELEMED;2019;760000018;760780023;1;1;0;1;1;1;0;1;1;1;0;;1;1;0;0;0;0;0;0;1;1;8;1;0;1;1;0;0;0;0;0;0;1;1;0;0
TELEMED;2019;760000034;760780049;0;0;0;0;0;0;1;0;0;0;0;0;0;0;0;0;0;0;0;0;0;0;;0;0;1;0;0;0;1;0;0;0;0;0;0;0
TELEMED;2019;760000042;760780056;0;0;0;0;0;;0;0;0;0;1;1;0;0;0;0;0;0;0;0;0;0;;0;0;0;0;0;0;0;0;0;0;0;0;0;0
TELEMED;2019;760000059;760780064;0;0;0;0;1;0;1;0;0;0;1;0;0;0;0;0;0;0;0;0;0;1;1;1;0;1;0;0;0;1;0;0;0;0;0;0;0
TELEMED;2019;760000133;760780213;0;0;0;0;1;0;0;0;0;0;1;0;0;0;0;0;0;0;0;0;0;0;;0;0;1;0;0;0;1;1;0;0;0;1;0;0
TELEMED;2019;760000158;760780239;1;0;1;1;1;0;0;0;1;0;1;0;1;1;0;1;0;0;0;0;1;1;36;1;0;1;1;0;0;1;1;1;1;1;1;0;0
TELEMED;2019;760000166;760780247;0;0;0;0;0;0;0;;0;1;0;;0;;;0;;;0;0;1;0;;0;0;0;0;0;0;0;0;0;0;0;0;0;0
TELEMED;2019;760000190;760780270;1;0;0;0;1;0;0;0;1;0;0;0;1;0;0;0;0;0;0;0;0;1;22;1;0;1;1;0;0;1;0;0;0;0;1;0;0
TELEMED;2019;760000372;760780742;0;;;;0;0;;;0;0;1;0;0;0;0;1;0;0;0;0;1;1;10;0;0;0;0;1;0;0;1;0;0;0;0;0;0
TELEMED;2019;760000620;760782227;1;0;1;0;1;1;1;1;0;0;1;1;0;0;0;1;0;0;0;1;0;0;;0;0;1;0;0;0;1;0;0;0;0;1;0;1
TELEMED;2019;760000802;760782425;0;0;0;0;1;0;1;0;0;0;0;0;0;0;0;0;0;;0;0;0;0;;0;0;1;1;1;0;1;0;0;0;0;1;0;0
TELEMED;2019;760780676;750034589;0;0;0;0;1;0;1;1;0;0;1;0;0;0;0;0;0;0;0;1;0;1;1;0;0;1;0;0;0;1;1;0;0;0;0;0;0
TELEMED;2019;760805770;760780726;1;1;0;0;0;0;0;0;1;1;1;1;1;1;0;0;0;0;1;1;1;1;7;1;0;1;0;1;0;1;0;0;0;0;1;0;0
TELEMED;2019;760921809;760000273;0;;;;0;;;;1;0;0;;0;;;0;;;0;0;1;1;1;0;0;0;0;0;0;0;0;0;0;0;0;0;0
TELEMED;2019;770000149;770021152;0;;;;0;;;;1;0;1;1;1;1;0;1;0;0;0;0;0;0;;0;0;0;0;1;0;0;0;0;0;0;0;0;1
TELEMED;2019;770000156;770110054;0;0;0;0;0;0;0;0;1;0;1;0;0;0;0;0;0;0;0;0;0;0;;0;0;0;0;0;0;0;0;0;0;0;0;0;0
TELEMED;2019;770000164;770021152;0;0;0;0;0;0;0;0;0;0;0;0;0;0;0;0;0;0;0;0;0;0;;0;0;0;0;1;0;0;0;0;0;0;0;0;0
TELEMED;2019;770000172;770110070;0;;;;0;;;;0;;1;1;0;;;0;;;0;0;0;1;1;0;0;0;0;0;0;0;0;0;1;0;1;0;1
TELEMED;2019;770000214;770021152;0;;;;0;;;;0;;1;1;0;;;0;;;0;0;0;0;;0;0;0;1;0;0;0;0;0;0;0;0;0;0
TELEMED;2019;770020477;750720468;1;0;0;0;0;;;;1;0;1;0;0;;;0;;;0;0;0;0;;0;0;0;0;0;0;1;1;0;0;0;0;0;0
TELEMED;2019;770300010;770004299;0;0;0;0;1;1;1;1;0;;1;1;0;;;0;;;0;1;0;0;;0;0;0;0;1;0;0;0;0;0;0;0;0;0
TELEMED;2019;780000329;780110052;1;0;1;0;0;0;0;0;0;0;1;1;1;1;0;0;0;0;0;0;0;1;1;0;0;0;0;1;0;1;0;0;0;0;0;0;0
TELEMED;2019;780000345;780110078;1;0;1;0;0;0;;0;0;0;1;0;0;0;0;0;0;0;0;0;0;1;;1;0;0;0;0;1;1;0;0;0;0;0;0;0
TELEMED;2019;780140075;750721391;0;0;0;0;0;0;0;0;0;0;0;0;0;0;0;0;0;0;0;0;0;0;;0;0;0;0;0;0;0;0;1;0;0;0;0;0
TELEMED;2019;780150066;780808614;1;0;1;0;0;;;;0;0;0;;0;0;0;0;;;0;0;0;1;26;1;0;0;0;0;0;1;0;0;0;0;1;0;0
TELEMED;2019;780300406;780018032;0;;;;1;0;0;0;0;;1;0;0;;;0;;;0;0;0;0;;0;0;0;0;0;0;0;0;0;0;0;0;0;0
TELEMED;2019;780300414;780000675;0;;;;0;;;;0;;0;;1;0;1;1;0;1;0;0;1;0;;1;0;0;0;0;0;1;1;0;0;0;0;0;0
TELEMED;2019;780300422;780002259;0;;;;0;;;;1;0;1;0;1;0;0;1;0;0;0;0;0;0;;0;0;0;0;0;0;0;0;0;0;0;0;0;0
TELEMED;2019;780800256;780110078;1;1;1;1;1;1;1;0;1;1;1;1;1;1;0;1;1;0;0;0;1;1;;0;;;;;;;;;;;;;
TELEMED;2019;800000143;800000028;0;0;0;0;1;0;0;0;0;0;0;0;0;0;0;0;0;0;0;0;0;0;;0;0;0;0;0;0;0;0;0;0;0;0;0;0
TELEMED;2019;800000192;800000044;1;1;0;0;1;0;0;0;1;0;1;0;0;0;0;0;0;0;0;0;0;0;;1;0;0;1;0;0;1;0;0;0;0;0;0;0
TELEMED;2019;800000390;800000085;0;0;0;0;0;0;0;0;0;0;1;1;0;0;0;0;0;0;0;0;0;0;;0;0;0;0;0;0;0;0;0;0;0;0;0;0
TELEMED;2019;800000432;800000093;0;;;;0;;;;0;0;1;1;0;;;0;;;0;0;1;1;7;0;0;0;0;1;0;0;0;1;0;0;0;0;0
TELEMED;2019;800006124;800000044;1;1;0;0;1;0;0;0;1;1;0;0;1;1;0;0;0;0;0;0;0;0;;1;0;0;1;0;0;1;0;0;0;0;0;0;0
TELEMED;2019;800010159;590799995;1;1;0;0;1;1;0;0;1;0;1;0;1;1;0;1;1;0;1;1;0;0;;0;0;0;0;1;0;1;0;0;0;0;0;0;0
TELEMED;2019;800010324;590799995;1;1;0;0;1;1;0;0;1;0;1;0;1;1;0;1;1;0;1;1;0;0;;0;0;0;0;0;0;1;0;0;0;0;0;0;0
TELEMED;2019;810000224;810000471;1;1;1;1;0;0;0;0;0;;0;;1;1;1;0;;;0;0;0;0;;0;0;1;1;0;0;1;0;0;0;0;0;0;0
TELEMED;2019;810000448;810099945;0;0;0;0;0;0;0;0;0;0;1;0;0;0;0;0;0;0;0;0;0;1;4;0;0;0;0;0;0;0;0;0;0;0;0;0;0
TELEMED;2019;810000505;810000331;1;0;1;0;1;0;1;0;1;0;1;1;0;0;0;1;1;0;0;0;0;1;46;0;0;1;1;0;0;0;0;0;1;0;1;0;0
TELEMED;2019;810000521;810000380;1;1;1;0;0;;;;1;0;1;1;1;1;0;1;1;0;0;0;1;1;60;0;0;1;1;0;0;1;0;0;0;0;0;0;0
TELEMED;2019;810000539;810000398;0;0;0;0;1;0;1;0;0;0;1;0;0;0;0;0;0;0;0;0;0;0;;0;0;0;1;0;0;0;0;0;0;0;0;0;0
TELEMED;2019;810000547;810000380;1;1;1;0;0;;;;1;0;1;1;1;1;0;1;1;0;0;0;1;1;60;0;0;0;0;0;0;1;0;0;0;0;0;0;0
TELEMED;2019;810000562;810000455;0;0;0;0;1;1;1;0;0;0;1;1;0;0;0;0;0;0;0;0;1;1;7;0;0;0;0;0;0;1;0;0;0;0;0;0;0
TELEMED;2019;810099838;810000380;1;1;1;0;0;;;;1;0;1;1;1;1;0;1;1;0;0;0;1;1;60;0;0;0;0;0;0;1;0;0;0;0;0;0;0
TELEMED;2019;810100008;;1;0;1;1;1;0;0;0;1;0;0;0;0;0;0;0;0;0;0;0;1;1;7;1;0;1;0;0;0;0;0;0;0;0;0;0;0
TELEMED;2019;810100370;810000380;1;1;1;0;0;;;;1;0;1;1;1;1;0;1;1;0;0;0;1;1;60;0;0;0;0;0;0;1;0;0;0;0;0;0;0
TELEMED;2019;820000420;820000206;0;0;0;0;0;0;0;0;0;0;1;0;0;0;0;1;0;0;0;0;0;0;;0;0;1;0;0;0;1;0;0;0;0;0;0;0
TELEMED;2019;830000287;830100525;0;0;0;0;1;0;0;0;1;0;1;1;0;0;0;0;0;0;0;0;1;1;1;0;0;0;1;1;0;0;1;1;0;0;0;0;0
TELEMED;2019;830000295;830100533;0;;;;0;;;;1;1;1;1;0;;;0;;;0;0;0;0;;0;0;0;0;0;0;1;1;0;0;0;0;0;0
TELEMED;2019;830000311;830100566;1;0;0;0;1;0;0;0;1;0;1;0;0;;;0;;;0;0;0;0;;0;0;0;0;0;0;0;0;1;0;0;0;0;1
TELEMED;2019;830000345;830100616;1;1;0;0;1;1;0;0;1;1;1;1;1;0;0;1;0;0;1;1;1;1;6;0;0;1;1;1;0;1;0;1;0;1;1;0;0
TELEMED;2019;830009528;830100566;1;0;1;0;0;0;0;0;0;0;0;0;0;0;0;0;0;0;0;0;0;0;;0;0;0;0;1;0;0;1;1;0;0;0;0;0
TELEMED;2019;830012548;830002119;0;0;0;0;0;;;;0;0;0;;1;1;0;0;;;0;0;0;0;;0;0;1;0;0;0;1;0;0;0;0;0;0;0
TELEMED;2019;830013819;830002119;0;0;0;0;0;;;;0;0;0;;1;1;0;0;;;0;0;0;0;;0;0;1;0;0;0;1;0;0;0;0;0;0;0
TELEMED;2019;830100012;750712184;0;0;0;0;0;0;0;0;0;0;0;1;0;0;0;0;0;0;0;0;0;0;;0;0;0;0;0;0;0;0;0;0;0;0;0;0
TELEMED;2019;830100558;690781810;0;0;0;0;0;0;0;0;1;0;0;0;0;0;0;0;0;0;0;0;1;0;;0;0;0;0;0;0;1;1;0;0;0;0;0;0
TELEMED;2019;830100574;750821092;1;0;0;0;0;;;;1;1;0;;0;0;0;0;;;0;0;0;0;;1;0;0;1;0;0;1;0;0;0;0;0;0;0
TELEMED;2019;830200507;830013678;0;0;0;0;0;0;0;0;0;0;1;0;0;0;0;0;0;0;0;0;0;0;;0;0;0;0;0;0;0;0;0;0;0;0;0;0
TELEMED;2019;830213617;830002119;0;;;;1;1;0;0;0;0;0;0;0;;0;0;0;0;0;0;0;0;;0;0;1;0;0;0;0;0;0;0;0;0;0;0
TELEMED;2019;840000343;840000012;1;0;1;0;0;0;0;0;1;1;0;0;0;0;0;0;0;0;0;1;0;1;4;1;0;0;0;0;1;0;0;0;0;0;0;0;0
TELEMED;2019;840000483;840000087;0;0;0;0;0;0;0;0;0;1;0;0;0;0;0;0;0;0;0;0;0;0;;0;0;0;0;0;0;0;0;0;0;0;0;0;0
TELEMED;2019;840000491;130041916;0;0;0;0;0;0;0;0;1;0;1;0;0;0;0;0;0;0;0;0;0;0;;0;;;;;;;;;;;;;
TELEMED;2019;840001861;840006597;1;1;1;1;0;;;;1;0;1;1;1;1;1;0;;;0;0;1;1;12;0;0;1;0;0;0;1;1;0;0;0;1;0;0
TELEMED;2019;850000142;850000019;1;1;0;1;1;1;1;0;1;1;1;1;1;1;1;0;0;0;1;1;1;0;;0;0;1;1;1;0;1;1;1;0;0;1;0;0
TELEMED;2019;850000175;850009010;1;1;1;0;1;0;0;0;1;0;0;1;0;0;0;0;0;0;0;0;1;1;15;1;0;1;0;0;0;1;0;0;0;0;1;0;0
TELEMED;2019;850000191;850000043;0;0;0;0;1;0;0;0;0;0;1;0;0;0;0;0;0;0;0;0;0;1;1;0;0;0;0;0;0;0;0;0;0;0;0;0;0
TELEMED;2019;850000233;850009010;0;0;0;0;1;1;1;0;0;0;1;0;0;0;0;0;0;0;0;0;0;0;;0;0;1;0;0;0;1;0;0;0;0;1;0;0
TELEMED;2019;850000241;850000084;0;0;0;0;1;0;0;0;0;0;1;1;0;0;0;0;0;0;0;0;0;0;;0;0;1;0;0;0;1;0;0;0;0;0;0;0
TELEMED;2019;850000258;850000092;1;0;0;0;1;0;0;0;1;0;1;0;0;0;0;0;0;0;0;0;0;0;;1;0;1;0;0;0;0;0;0;0;0;0;0;0
TELEMED;2019;850009333;440002590;0;0;0;0;1;1;0;1;0;0;1;0;0;0;0;1;1;0;0;1;0;0;;0;0;0;0;1;0;0;0;0;0;0;1;0;1
TELEMED;2019;850009630;850000035;1;0;1;0;0;0;0;0;1;0;0;;0;0;;0;0;;0;0;0;1;4;0;0;1;0;0;0;1;0;0;0;0;0;0;0
TELEMED;2019;850011271;440002590;0;0;0;0;1;1;0;1;0;0;1;0;0;0;0;1;1;0;0;1;0;0;;0;0;0;0;1;0;0;0;0;0;0;1;0;1
TELEMED;2019;850022013;850000100;0;0;0;0;1;0;0;0;0;0;0;0;0;0;0;0;0;0;0;0;0;0;;0;0;0;0;0;0;0;0;0;0;0;0;0;0
TELEMED;2019;850022047;440002590;0;0;0;0;1;1;0;1;0;0;1;0;0;0;0;1;1;0;0;1;0;0;;0;0;0;0;1;0;0;0;0;0;0;1;0;1
TELEMED;2019;850023151;440002590;0;0;0;0;1;1;0;1;0;0;1;0;0;0;0;1;1;0;0;1;0;0;;0;0;0;0;1;0;0;0;0;0;0;1;0;1
TELEMED;2019;860000017;860780048;1;0;0;0;0;0;0;0;1;0;0;0;0;0;0;0;0;0;1;0;0;0;;0;0;0;0;0;0;1;0;0;0;0;0;0;0
TELEMED;2019;860000025;860013382;0;;;;0;;;;1;0;1;0;0;;;0;;;0;0;0;0;;0;0;0;1;0;0;0;1;1;0;0;1;0;1
TELEMED;2019;860000033;860013382;0;;;;0;;;;0;;1;1;0;;;0;;;0;0;0;0;;0;0;0;0;0;0;0;1;1;0;0;1;0;1
TELEMED;2019;860000223;860014208;1;1;0;1;1;0;0;0;1;1;1;1;1;1;1;0;1;0;1;1;1;1;;1;0;1;1;1;1;1;1;1;0;1;1;0;1
TELEMED;2019;870000064;870000015;1;0;1;0;0;0;0;0;1;1;0;0;0;0;0;0;0;0;1;0;1;0;;1;0;0;1;0;0;1;0;1;1;1;0;1;1
TELEMED;2019;870000098;870000023;0;;;;0;;;;0;0;1;1;0;;;0;;;0;0;0;0;;0;0;0;0;0;0;0;0;0;0;0;0;0;0
TELEMED;2019;870000270;870000031;0;0;0;0;0;0;0;0;1;1;1;1;0;0;0;0;0;0;0;0;0;0;;0;0;0;1;0;0;1;0;0;0;0;1;0;0
TELEMED;2019;870000288;870017415;1;1;1;1;1;1;1;1;1;1;1;1;0;;;0;;;0;0;1;0;;0;0;0;0;0;0;1;0;0;0;0;0;0;0
TELEMED;2019;870000411;870017415;1;1;1;1;1;1;1;1;1;0;1;0;0;;;0;;;0;0;1;0;;0;0;0;0;0;0;1;0;0;0;0;0;0;0
TELEMED;2019;870000601;870014248;0;0;0;0;0;0;0;0;0;0;1;1;0;0;0;0;0;0;0;0;0;0;;0;0;1;0;0;0;1;0;0;0;0;0;0;0
TELEMED;2019;870001567;870014503;0;0;0;0;1;0;1;0;0;0;0;0;0;0;0;0;0;0;0;0;0;0;;0;0;1;0;0;0;1;0;0;0;0;0;0;0
TELEMED;2019;870006137;870002466;1;0;1;0;0;0;0;0;0;0;0;0;0;0;0;0;0;0;0;0;0;1;2;0;1;1;0;1;0;1;0;0;0;0;1;0;0
TELEMED;2019;870008042;870000015;1;0;1;0;0;0;0;0;0;0;0;0;0;;;0;0;0;0;0;1;1;40;1;0;0;0;0;0;1;0;0;0;0;0;0;0
TELEMED;2019;880000021;880007059;0;0;0;0;0;0;0;0;0;1;1;0;0;0;0;0;0;0;0;0;0;1;3;0;0;0;0;0;0;1;0;0;0;0;0;0;0
TELEMED;2019;880000039;880780069;0;;;;0;;;;0;;1;1;0;;;0;;;0;0;0;0;;0;0;0;0;0;0;0;0;0;0;0;0;0;0
TELEMED;2019;880000047;880780077;1;0;1;0;1;0;1;0;1;1;1;1;1;1;0;1;1;0;0;0;1;1;5;0;0;1;1;1;0;1;0;1;0;1;0;0;1
TELEMED;2019;880000054;880007299;0;0;0;0;0;0;0;0;0;0;1;1;0;0;0;0;0;0;0;1;1;1;3;0;0;1;0;0;0;1;0;0;0;0;0;0;0
TELEMED;2019;880000062;880780093;0;0;0;0;0;0;0;0;0;1;1;0;0;0;0;0;0;0;0;0;0;0;;0;0;0;0;0;0;1;0;0;0;0;0;0;0
TELEMED;2019;880000104;880780259;0;0;0;0;1;0;1;0;0;0;1;0;0;0;0;0;0;0;0;1;0;0;;0;0;0;0;1;0;1;0;1;0;1;1;1;1
TELEMED;2019;880000138;880006325;0;0;0;0;1;0;1;0;0;0;0;0;0;0;0;1;0;0;0;0;0;0;;1;0;1;0;1;0;0;0;0;0;1;0;0;0
TELEMED;2019;880000179;880780325;0;0;0;0;1;0;1;0;0;0;1;0;0;0;0;1;0;0;0;0;0;0;;0;0;1;1;1;0;1;0;1;0;1;1;0;0
TELEMED;2019;880001730;540001112;0;0;0;0;1;1;0;0;0;0;1;0;0;0;0;1;1;0;0;1;0;0;;0;0;0;0;1;0;0;0;0;0;1;0;0;0
TELEMED;2019;880785548;540001112;0;0;0;0;1;1;0;0;0;0;1;0;0;0;0;1;1;0;0;1;0;0;;0;0;0;0;1;0;0;0;0;0;1;0;0;0
TELEMED;2019;890000169;890000151;1;0;0;1;0;;;;0;0;0;;0;0;0;0;;;0;0;0;0;;1;0;1;0;0;0;1;0;0;0;0;0;0;0
TELEMED;2019;890002298;890000672;1;0;1;0;0;0;0;0;1;0;0;0;1;0;0;0;0;0;0;0;0;0;;0;0;0;0;0;0;1;0;0;0;0;0;0;0
TELEMED;2019;890972862;210012290;0;0;0;0;0;0;0;0;0;0;0;0;1;1;0;0;0;0;0;0;0;0;;0;0;0;0;0;0;0;0;0;0;0;0;0;0
TELEMED;2019;890973431;210012290;0;0;0;0;0;0;0;0;0;0;0;0;1;1;0;0;0;0;0;0;0;0;;0;0;0;0;0;0;0;0;0;0;0;0;0;0
TELEMED;2019;890975527;890000037;0;;;;1;0;0;0;0;;0;;0;;;0;;;0;0;0;0;;0;0;0;0;0;0;0;0;0;0;0;0;0;0
TELEMED;2019;890975535;890000409;0;0;0;0;1;0;0;0;0;0;1;1;0;0;0;0;0;0;0;0;0;0;;0;0;0;0;1;0;0;0;0;0;0;1;0;0
TELEMED;2019;890975550;890970569;0;0;0;0;0;;;;1;1;1;1;0;0;0;0;;;0;0;0;1;2;0;0;0;1;1;0;1;0;0;0;0;0;0;1
TELEMED;2019;890975568;890000433;0;0;0;0;1;0;0;0;0;0;1;0;0;0;0;0;0;0;0;0;0;1;1;0;0;1;0;0;0;1;0;0;0;0;0;0;0
TELEMED;2019;900002429;700004096;1;0;0;0;0;;;;0;0;0;;0;0;0;0;;;0;0;1;1;17;0;0;1;0;0;0;1;0;0;0;0;1;0;0
TELEMED;2019;900003039;900000365;1;1;0;0;1;1;0;0;1;0;1;0;0;0;0;0;0;0;0;0;1;0;;0;0;0;0;0;0;1;0;0;0;0;0;0;0
TELEMED;2019;910000298;910110055;0;;;;0;;;;1;1;1;1;0;;;0;;;0;0;0;0;;0;0;0;0;0;0;0;0;0;0;0;0;0;0
TELEMED;2019;910000306;910110055;0;;;;0;;;;1;1;1;1;0;;;0;;;0;0;0;0;;0;0;0;0;0;0;0;0;0;0;0;0;0;0
TELEMED;2019;910000330;910140029;0;0;0;0;1;1;0;0;1;0;1;0;0;0;0;0;0;0;0;0;1;0;;1;0;1;0;0;0;1;0;0;0;0;0;0;0
TELEMED;2019;910018423;910110055;0;;;;0;;;;1;1;1;1;0;;;0;;;0;0;0;0;;0;0;0;0;0;0;0;0;0;0;0;0;0;0
TELEMED;2019;910150069;910000033;1;0;1;0;0;;;;1;0;0;0;0;0;0;1;;;0;0;1;1;34;0;1;1;1;0;0;1;1;0;0;0;0;0;0
TELEMED;2019;910300219;910003888;0;0;0;0;1;0;0;0;0;0;1;1;1;0;0;0;0;0;0;1;0;0;;0;0;0;0;0;0;1;0;0;0;0;1;0;0
TELEMED;2019;910300276;910019702;1;0;1;0;0;0;0;0;0;0;0;0;1;0;0;0;0;0;1;0;0;1;1;0;0;0;0;0;0;0;1;0;0;0;0;0;0
TELEMED;2019;920000619;920009909;0;;;;0;0;0;0;0;;1;0;0;;;0;;;0;0;0;0;;0;0;0;0;1;0;1;0;0;0;0;0;0;0
TELEMED;2019;920000627;920009909;0;;;;0;;;;0;;1;0;0;;;0;;;0;0;0;0;;0;0;0;0;0;0;1;0;0;0;0;0;0;0
TELEMED;2019;920000635;920150026;1;1;0;0;0;0;0;0;0;0;0;1;0;0;0;0;0;0;0;0;0;0;;0;0;0;0;0;0;1;0;0;0;0;0;0;0
TELEMED;2019;920100013;750712184;1;1;0;1;0;;;;0;0;0;;0;0;0;0;;;0;0;1;1;;0;0;0;0;0;0;1;0;0;0;0;0;0;0
TELEMED;2019;920100021;750712184;1;1;1;1;0;;;0;1;1;0;;0;0;0;0;;;0;0;1;1;;0;0;0;0;0;0;1;0;0;0;0;0;0;0
TELEMED;2019;920100039;750712184;1;1;0;0;0;0;0;0;1;0;1;0;0;0;0;0;0;0;0;0;1;0;;1;0;1;0;0;0;1;0;0;0;0;0;0;0
TELEMED;2019;920100047;750712184;1;0;0;0;0;;;;1;0;0;;0;;;0;;;0;0;0;0;;1;0;0;0;0;0;0;0;0;0;0;0;0;0
TELEMED;2019;920100054;750712184;1;1;0;0;0;;;;1;0;0;;0;0;0;0;;;0;0;0;0;;0;0;0;0;0;0;1;0;0;0;0;0;0;0
TELEMED;2019;920120011;750821092;0;0;0;0;0;0;0;0;1;1;0;0;1;1;0;1;1;0;0;0;0;0;;0;0;0;0;0;0;0;0;1;0;0;0;0;0
TELEMED;2019;920150075;780020715;0;0;0;0;0;0;0;0;0;0;0;0;0;0;0;0;0;0;0;0;0;0;;0;0;0;0;1;0;0;0;0;0;0;0;0;0
TELEMED;2019;920300043;920001526;0;;;;1;1;0;0;0;;1;0;0;;;1;1;1;0;0;0;0;;0;0;1;0;0;0;1;0;0;0;0;0;0;0
TELEMED;2019;920300191;920000767;1;1;0;1;0;0;0;0;1;0;0;0;0;0;0;0;0;0;0;0;0;0;;0;0;0;0;0;0;1;0;0;0;0;1;0;0
TELEMED;2019;920310034;920001088;0;0;0;0;1;1;0;0;0;0;1;0;0;0;0;0;0;0;0;0;1;0;;0;0;0;0;0;0;1;0;0;0;0;0;0;0
TELEMED;2019;930100037;750712184;0;0;0;0;0;0;0;0;1;1;0;;0;0;0;0;0;;0;0;0;0;;0;0;0;0;0;0;0;0;0;0;0;0;0;0
TELEMED;2019;930300025;930000393;1;0;0;0;1;0;0;0;1;0;1;0;0;0;0;0;0;0;0;0;0;0;;0;0;0;0;0;0;0;0;0;0;0;0;0;0
TELEMED;2019;930300116;930000427;0;0;0;0;0;0;0;0;0;0;0;1;0;0;0;0;0;0;0;0;0;0;;0;0;0;0;0;0;0;0;0;0;0;0;0;0
TELEMED;2019;930300595;930000658;0;0;0;0;0;0;0;0;1;0;1;0;1;0;0;1;0;0;0;0;0;0;;0;0;0;0;0;0;0;0;0;0;0;0;0;0
TELEMED;2019;940000649;940150014;0;0;0;0;0;0;0;0;0;0;1;0;0;0;0;0;0;0;0;0;0;0;;0;0;0;0;0;0;0;0;0;0;0;0;0;0
TELEMED;2019;940016868;940016819;1;0;0;1;0;0;0;0;0;0;0;0;1;0;0;0;0;0;0;0;0;0;;0;0;0;0;0;0;1;0;0;0;0;1;0;0
TELEMED;2019;940100027;750712184;1;1;1;1;0;;;;1;1;0;;1;1;1;0;;;1;0;1;1;20;1;0;1;1;1;0;1;0;1;0;0;1;0;0
TELEMED;2019;940100043;750712184;1;1;1;1;0;;;;1;1;0;;1;1;0;0;;;0;0;1;1;;0;0;0;0;0;0;1;0;0;0;0;0;0;0
TELEMED;2019;940100050;750712184;1;0;1;0;0;0;0;0;1;0;0;0;0;0;0;0;0;0;0;0;1;1;17;1;0;1;0;0;0;1;0;0;0;0;0;0;0
TELEMED;2019;940100068;750712184;1;1;1;1;0;;;;0;0;0;;0;0;0;0;;;0;0;1;1;;0;0;0;0;0;0;1;0;0;0;0;0;0;0
TELEMED;2019;940120017;750821092;1;1;0;1;0;0;0;0;1;1;0;0;1;1;1;0;0;0;1;1;1;0;0;0;0;0;0;0;0;0;0;0;0;0;1;0;1
TELEMED;2019;940300031;940000706;0;;;;0;;;;0;;1;0;0;;;0;;;0;0;0;0;;0;0;0;0;0;0;0;0;0;0;0;0;0;0
TELEMED;2019;940300270;940000771;1;0;0;0;1;0;0;0;1;0;1;0;1;0;0;1;0;0;0;0;0;0;;0;0;0;0;0;0;1;0;0;0;0;0;0;0
TELEMED;2019;940806490;750810798;0;;;;1;1;0;1;0;;1;1;0;0;0;0;;;0;0;0;0;;0;0;1;1;0;0;1;0;0;1;0;1;1;1
TELEMED;2019;950000307;950110015;0;;;;0;;;;1;0;1;0;1;1;0;0;0;0;0;0;1;0;;0;0;0;0;0;0;1;0;0;0;0;0;0;0
TELEMED;2019;950000315;950001370;0;;;;0;;;;0;;1;1;0;;;0;;;0;0;0;0;;0;0;0;0;0;0;0;0;0;0;0;0;0;0
TELEMED;2019;950000323;950013870;1;1;1;1;1;1;0;0;1;0;1;0;1;1;0;0;0;0;0;0;1;1;7;1;0;1;0;0;0;1;1;0;0;0;0;0;0
TELEMED;2019;950016139;950015289;0;0;0;0;1;0;1;0;0;0;1;1;0;0;0;0;0;0;0;0;0;0;;0;0;0;0;0;0;0;0;0;0;0;0;0;0
TELEMED;2019;950150011;950042994;0;0;0;0;0;0;0;0;0;0;0;0;0;0;0;0;0;0;0;0;0;1;1;0;0;0;0;0;0;0;0;0;0;0;0;0;0
TELEMED;2019;970100137;970100368;0;0;0;0;0;0;0;0;0;0;1;0;0;0;0;0;0;0;0;0;1;1;1;0;0;0;0;0;0;1;1;1;0;0;0;0;0
TELEMED;2019;970100384;970100160;1;1;0;0;1;0;0;0;0;0;1;0;0;0;0;0;0;0;0;0;0;0;;0;0;1;0;0;0;1;0;0;0;0;0;0;0
TELEMED;2019;970100392;970100178;0;;;;1;0;0;1;0;;1;0;0;;;1;0;0;0;0;0;0;;0;0;0;0;0;0;0;0;0;0;0;0;0;0
TELEMED;2019;970100400;970100186;1;0;0;1;1;1;0;1;1;0;1;1;0;0;0;0;0;0;0;0;0;1;1;1;0;1;0;0;0;1;0;0;0;0;1;0;0
TELEMED;2019;970100426;970100202;0;1;0;0;1;0;0;0;0;0;0;0;0;0;0;0;0;0;1;0;1;1;1;1;0;1;1;0;0;1;0;0;1;0;1;0;0
TELEMED;2019;970100442;970100228;0;;;;1;0;0;0;0;;0;;1;0;0;0;;;0;0;1;0;;0;0;0;0;0;0;1;0;0;0;0;0;0;0
TELEMED;2019;970104477;970104451;0;0;0;0;0;0;0;0;1;0;1;0;1;0;0;1;0;0;0;0;0;1;1;0;0;0;0;0;0;1;1;0;0;0;0;0;0
TELEMED;2019;970107587;970103024;0;1;0;0;0;;;;0;0;0;;0;0;0;0;;;0;0;0;0;;0;0;1;0;0;0;1;1;0;0;0;0;0;0
TELEMED;2019;970107637;970103024;0;0;0;;0;;;;0;0;0;;1;1;0;0;;;0;0;0;0;;0;0;1;0;0;0;1;1;0;0;0;0;0;0
TELEMED;2019;970108957;970108932;0;0;0;0;0;0;0;0;1;0;1;0;1;0;0;1;0;0;0;0;1;0;;0;0;0;0;0;0;1;0;0;0;0;0;0;0
TELEMED;2019;970112470;970100186;0;0;0;0;1;1;0;0;0;0;0;;0;0;0;1;0;0;0;1;1;0;;0;0;0;1;0;0;1;0;0;0;0;0;0;0
TELEMED;2019;970211215;970211207;1;0;1;0;0;;;;1;0;0;;0;0;0;0;;;0;0;0;1;1;1;0;1;0;0;0;1;0;0;0;0;0;0;1
TELEMED;2019;970300026;970302022;0;0;0;0;0;0;0;0;1;0;1;1;0;0;0;0;;;0;0;0;0;;1;0;1;0;0;0;1;0;0;0;0;1;0;0
TELEMED;2019;970305637;970305629;0;0;0;0;1;0;0;0;0;0;0;0;0;0;0;1;0;0;0;0;0;0;;0;0;0;1;0;0;0;0;0;0;0;0;0;0
TELEMED;2019;970400024;970408589;1;1;0;1;0;0;0;0;1;1;0;0;1;1;1;0;0;0;1;0;0;0;;1;0;1;1;0;0;1;0;0;0;0;0;0;0
TELEMED;2019;970400057;970408589;1;0;0;0;0;;;;1;0;1;0;1;0;0;0;;;1;0;0;0;;1;0;0;0;0;0;0;0;0;0;0;0;0;0
TELEMED;2019;970400099;970408589;0;;;;1;0;0;0;0;0;0;0;0;;;1;0;0;0;1;0;0;;0;0;0;0;0;1;0;0;0;0;0;0;0;0
TELEMED;2019;970403705;970463592;1;1;0;0;0;0;0;0;0;0;0;0;1;1;0;0;0;0;1;0;0;0;;0;0;0;0;1;0;1;0;0;0;0;0;0;0
TELEMED;2019;970403721;970463592;1;1;0;0;0;0;0;0;0;;0;;1;1;0;0;0;0;1;0;0;0;;0;0;0;0;1;0;1;0;0;0;0;0;0;0
TELEMED;2019;970403747;970463592;1;1;0;0;0;0;;;0;;0;;1;1;0;0;0;;1;0;0;0;;0;0;0;0;1;0;1;0;0;0;0;0;0;0
TELEMED;2019;970403754;970463592;1;1;0;0;0;0;0;0;0;;0;;1;1;0;0;0;0;1;0;0;0;;0;0;0;0;1;0;1;0;0;0;0;0;0;0
TELEMED;2019;970403762;970463592;1;1;0;0;0;0;0;0;0;;0;;0;;;0;;;0;0;0;0;;0;0;0;0;1;0;1;0;0;0;0;0;0;0
TELEMED;2019;970403770;970463592;1;1;0;0;0;0;0;0;0;;0;;1;1;0;0;0;0;0;0;0;0;;0;0;0;0;1;0;1;0;0;0;0;0;0;0
TELEMED;2019;970404158;970463592;1;1;0;0;0;0;0;0;0;;0;;1;1;0;0;0;0;1;0;0;0;;0;0;0;0;1;0;1;0;0;0;0;0;0;0
TELEMED;2019;970405064;970463592;1;1;0;0;0;0;0;0;0;0;0;0;1;1;0;0;0;0;0;0;0;0;;0;0;0;0;1;0;1;0;0;0;0;0;0;0
TELEMED;2019;970405676;970463592;1;1;0;0;0;0;0;0;0;;0;;0;;;0;;0;1;0;0;0;;0;0;0;0;1;0;1;0;0;0;0;0;0;0
TELEMED;2019;970407151;970463592;1;1;0;0;0;0;0;0;0;;0;;1;1;0;0;0;0;1;0;0;0;;0;0;0;0;1;0;1;0;0;0;0;0;0;0
TELEMED;2019;970409991;970463592;1;1;0;0;0;0;0;0;0;;0;;1;1;0;0;0;0;1;0;0;0;;0;0;0;0;1;0;1;0;0;0;0;0;0;0
TELEMED;2019;970410163;970463592;1;1;0;0;0;0;0;0;0;;0;;0;;;0;;;0;0;0;0;;0;0;0;0;1;0;1;0;0;0;0;0;0;0
TELEMED;2019;980500011;980500003;0;0;0;0;1;0;0;0;0;0;1;1;0;0;0;0;0;0;0;1;0;0;;1;0;1;1;1;0;1;0;1;0;0;0;0;0
