BOR;AN;FI;FI_EJ;LIT;JOU;ENT;DECES;URG_EJ;URG_EXT;MCO_EJ;MCO_EXT;GER_EJ;GER_EXT;SSR_EJ;SSR_EXT;PSY_EJ;PSY_EXT;HAD_EJ;HAD_EXT;DOMIC1;PEGER;EMGER;GERPSY;EMPAL;ALZ;EHPAD;VILHOS;RETR
USLD;2019;010000081;010780112;30;10058;24;21;0;;9;;0;;5;;0;;5;;10;0;0;0;92;0;0;0;0
USLD;2019;010000115;010009132;30;10558;44;13;;;9;45;;;16;;;;3;;;;;;;;2;;
USLD;2019;010009314;010780054;94;30902;74;79;;;16;4;;;40;8;;1;1;;3;;;;;;;;
USLD;2019;010009702;010780054;11;3748;13;4;;;;;;;8;;;;;;3;;;;;;;;
USLD;2019;010786259;010008407;18;6416;9;;;;;;;;;;;;;;;;;;;;;;
USLD;2019;010789576;010780096;30;10536;34;;;;;;;;28;;;;;;6;;;;;;11;7;0
USLD;2019;010789717;010008407;17;6243;11;;;;;;;;;;;;;;;;;;;;;;
USLD;2019;020000089;020000022;30;10502;8;6;0;0;0;0;0;0;4;0;0;0;4;0;2;0;0;0;4;0;0;0;0
USLD;2019;020000162;020000063;60;20213;42;22;0;0;0;0;0;0;16;2;0;2;0;0;22;14;0;0;1;0;17;0;1
USLD;2019;020000535;020000287;44;16060;15;13;;;1;1;;;10;1;;;;;3;;;;;;2;1;
USLD;2019;020004677;020000261;50;15813;64;56;;;;;;;;;;;;;;;;;;;;;
USLD;2019;020005476;020000253;41;13387;14;14;;;5;;1;;;;;;;;8;;;;;;1;;
USLD;2019;020009684;020002085;30;10694;11;10;;;;2;;;;2;;;;;7;;;;5;;;;
USLD;2019;030000061;030780092;80;29141;53;37;0;0;19;2;0;0;25;0;0;0;0;0;7;0;0;0;4;0;0;0;6
USLD;2019;030000079;030780100;60;20793;34;26;;;15;;;;5;4;;;;;10;;69;;3;;0;;
USLD;2019;030000087;030780118;115;40038;79;53;;;7;5;4;;20;4;;;;;27;1206;611;;431;;2;;14
USLD;2019;030000160;030780282;40;14198;18;13;;1;;5;;2;;4;3;;;;3;0;0;0;0;0;3;2;0
USLD;2019;040000093;040780215;30;10849;12;12;;0;;0;;1;;6;;0;;2;3;;;;5;;;;
USLD;2019;040780405;040000168;41;11791;18;5;;;;3;;;9;;;5;;;1;;1;;3;;;1;2
USLD;2019;050000132;050007145;25;8811;13;9;;;;;;;;;;;;;;;;;;;;;
USLD;2019;050000231;050000116;30;11120;11;;;;;;;;;;;8;;;3;0;0;0;0;0;0;0;0
USLD;2019;050000256;050000124;30;9483;10;6;;;;;3;;5;;;;;;1;;;;;;3;;
USLD;2019;050000348;050002948;50;17403;43;25;0;0;0;0;7;1;16;2;0;0;0;0;22;;;;;;10;0;0
USLD;2019;060000510;060780954;20;6827;8;5;0;0;3;0;1;0;1;1;0;0;0;0;3;0;0;0;3;0;2;0;0
USLD;2019;060000551;060781010;41;14265;38;28;;0;;22;;2;;2;;;;12;;0;0;0;0;0;11;0;0
USLD;2019;060002102;060791761;30;10510;23;21;;;;;;;;;;;;;23;;;;;;1;1;
USLD;2019;060019213;060005188;34;11184;46;19;;;;15;;;;5;;;;;26;;;;;;3;9;
USLD;2019;060788957;060785011;61;18489;13;;;;;;;;;;;;;;;;;;;;;;
USLD;2019;060790177;060785011;40;13864;10;;;;;;;;8;;;;;;2;;;;;;5;1;
USLD;2019;060790680;060780897;30;10588;21;7;;;2;;2;;12;4;;;;;3;2;;;8;;1;17;2
USLD;2019;060791811;060010808;75;26645;44;40;;;13;1;;;8;11;;;;;11;0;0;0;0;0;4;2;0
USLD;2019;060794021;060780988;54;18906;29;13;5;;1;;3;;11;;;;;;9;29;14;;1;;;;
USLD;2019;070000047;070780127;75;24644;55;26;;;3;16;;;22;;;;;;14;;;;;;4;17;7
USLD;2019;070784517;070002878;60;21396;18;;1;;12;2;;;23;;;;;;4;;;;;;12;1;
USLD;2019;080000110;080000037;43;13498;31;28;;;2;;7;;16;1;;;;;5;9;;;;;3;1;
USLD;2019;080000276;080001969;20;6432;21;13;;;1;;;;10;;;;10;;;;;;;;;;
USLD;2019;080005960;080000615;65;20874;36;32;;;18;2;;;1;11;;;;;4;;;;;;;;
USLD;2019;090000183;090781816;20;6801;16;13;;;;;;;17;5;;;;;11;;;;1;;1;;
USLD;2019;100000116;100000041;30;10640;25;17;;;;;;;17;;;;;;8;;;;;;5;;
USLD;2019;100000140;100000058;30;10524;23;12;;;;;;;;;;;;;;;;;;;;;
USLD;2019;100000801;100006279;40;14600;40;;;;;;;;;;;;;;;;;;;;;;
USLD;2019;100006493;100000017;70;23047;70;58;;;24;;12;;28;;0;;0;;6;;;;;;1;1;0
USLD;2019;110000049;110780087;30;10923;20;25;0;;3;;;;5;1;;;10;;;;;;;;;;
USLD;2019;110000247;110780772;30;10885;15;10;;;;;;;;;;;;;15;;;20;;;2;;
USLD;2019;110006137;110780061;30;10698;16;8;;;;2;;4;;;;;;;10;;;;6;;11;1;
USLD;2019;110781283;110780137;90;32263;59;51;1;;9;4;;;14;4;;;;;28;0;0;20;0;0;14;0;
USLD;2019;110786746;110786324;30;10722;5;4;;;;;;;5;;;;;;;;;15;;;;;
USLD;2019;120000070;120780085;30;11170;28;26;;;1;;;;5;;;;;;35;;;;;;4;;
USLD;2019;120000088;120780093;30;9867;15;6;;;2;3;;;4;1;;3;;;2;;;;;;;;
USLD;2019;120000153;120780291;40;14600;33;19;0;0;0;2;0;0;6;6;0;1;0;0;12;0;0;0;0;0;8;0;0
USLD;2019;120004668;120004619;40;13953;29;26;0;;2;;3;;17;;;1;;0;2;0;0;0;0;0;1;0;0
USLD;2019;120782263;120780069;80;25740;108;79;;;18;1;29;;6;2;;;;;52;;;;;;15;12;
USLD;2019;120783097;120004528;50;17819;10;16;;;;;;;7;;;;;;3;10;;;;;;;
USLD;2019;120786959;120780044;30;9643;29;18;;;4;;3;;16;2;;1;;;3;;;;;;7;;
USLD;2019;130000516;130781339;56;19822;39;40;;;11;8;;;14;;;;;;0;;;;;;1;;
USLD;2019;130000565;130781446;30;10623;9;10;0;;2;;1;;5;;0;;0;;1;0;0;0;1;0;0;0;1
USLD;2019;130001225;130782634;33;11873;15;;;;2;;1;;7;1;;;;;4;;;5;5;1;1;;
USLD;2019;130001258;130028228;30;9673;36;;;;;;;;;;;;;;;;;;;;;;
USLD;2019;130032758;130001514;80;29017;43;31;;;;9;;;;10;;;;;11;;;;;;1;9;0
USLD;2019;130045263;130007487;;789;15;4;;;;;;;;;;;;;;;;;;;;;
USLD;2019;130782097;130000938;19;6839;10;;0;0;0;1;0;0;0;8;0;0;0;0;1;0;0;0;0;0;0;0;0
USLD;2019;130790157;130789316;30;10878;9;;;;;;;;2;;;;;;16;;;;;;;;
USLD;2019;130798358;130041916;70;23783;47;30;;;1;3;;;11;28;;;;;4;;;;;;;2;
USLD;2019;130808843;920030152;30;706;40;11;;;;;;;12;;;;;;;;;;;;8;20;
USLD;2019;130809015;130001928;150;50802;72;91;;;12;;;;27;;;;;;33;;;;;;3;;
USLD;2019;130811102;130007487;5;986;56;;;;;;;;;;;;;;;;;;;;;;
USLD;2019;140000027;140000035;40;12878;27;23;1;;4;1;6;;3;7;;;;;5;;;;;;2;1;1
USLD;2019;140000241;140026279;30;10382;30;29;;;;;;;;;;;;;;;;;;;;;
USLD;2019;140000373;140000159;26;8499;34;33;;;5;6;11;3;4;;;;;;5;;;;;;1;;
USLD;2019;140012196;140000100;100;34225;85;52;;;38;7;;;1;1;;;;;38;;1;;16;;24;2;
USLD;2019;140013830;140000118;60;21808;31;29;;;6;;5;;9;;;;;;11;;;;;;1;1;2
USLD;2019;140017401;140000092;50;17905;24;23;;;17;8;;;13;3;;;;;32;;;;15;;1;;
USLD;2019;150000032;150780088;37;11711;14;9;;;3;1;;;;3;;;;;7;0;0;4;0;0;2;0;0
USLD;2019;150000040;150780096;46;16346;39;14;;;7;;;;20;;4;;;;8;;1;19;5;;10;1;
USLD;2019;150000164;150780468;27;7723;21;18;;;1;1;;;9;;;;;;10;;;;;;;;
USLD;2019;150000180;150780500;30;10032;41;20;;;9;3;22;;;;;;;;7;;;;;;;;
USLD;2019;150002921;150780468;12;3984;27;1;;;;;;;;;;;;;27;;;;;;;;
USLD;2019;160000188;160000121;53;18014;36;;;;3;;;;1;;;2;;;6;;;;;;6;;
USLD;2019;160000253;160000451;30;10348;34;28;;;5;1;20;;3;2;;;;;3;;;;;;3;;
USLD;2019;160000261;160014411;37;11991;37;29;;;6;;5;;20;2;;;;;4;65;3;;;;;;
USLD;2019;160000303;160006037;80;28549;26;24;;;;;;;13;;;;;;13;;;;;;2;;
USLD;2019;160000311;160000485;30;10263;22;21;;;3;3;;;10;;;;;;6;;22;1;8;;;;
USLD;2019;160000360;160000519;51;18615;33;;;;;;;;;;;;;;;;;;;;;;
USLD;2019;170000152;170780225;50;17052;23;21;;;3;1;3;;10;1;;1;;;4;;0;;2;;;;
USLD;2019;170784110;170024194;92;33049;32;32;;;1;;2;;19;;2;;;;4;;10;;10;;;;
USLD;2019;170792220;170780175;45;15720;21;18;0;;21;1;5;;2;0;0;0;0;0;27;;;;;;;;
USLD;2019;170802789;170780191;50;18108;17;11;;;2;;;;7;;;;;;8;;;;;;4;;
USLD;2019;180000176;180001158;40;14188;17;15;;;;1;;;;7;1;;;;8;;;41;8;;1;;
USLD;2019;180000200;180000051;46;16790;33;;8;;27;;;;;;;;;;3;;;;;;;;
USLD;2019;180000333;180000093;30;10391;27;12;;;;;17;;;;;;;;3;;;;;;6;;
USLD;2019;180003287;180000028;60;21110;33;27;;;4;;;;20;;;;;;9;;;;8;;2;;
USLD;2019;180003386;180000069;41;13729;50;31;;;36;;8;;1;;;;;;5;;;;;;4;;
USLD;2019;180007825;180001158;60;21399;9;7;;;;1;;;;2;;1;;;4;;;48;3;;1;;
USLD;2019;190000018;190000042;22;7945;12;8;;;;;13;;2;;;;;;1;;8;;;1;6;;
USLD;2019;190000034;190000067;30;10549;21;10;;;5;1;;3;6;;;;;6;;;;4;;;;;3
USLD;2019;190000091;190000075;30;10899;12;8;0;;0;;0;;0;6;0;;0;;6;;;;;;;;
USLD;2019;190002493;190000059;53;19345;34;21;;;24;;12;;33;;;;1;;;;;;;;;;
USLD;2019;190005140;190002485;30;10018;32;20;0;0;0;1;0;9;0;7;0;1;0;0;14;32;4;0;0;0;6;0;0
USLD;2019;190005165;190002519;71;24606;61;33;;;;;;;;;;;;;;;;;;;;;
USLD;2019;210986329;750043713;30;9580;11;13;;;;;;;;3;;;;;8;;;;;;1;;
USLD;2019;210987574;210012175;30;10019;17;14;0;0;5;2;;0;0;1;;;;;7;;;;;;3;1;
USLD;2019;210987616;210012175;30;9486;26;19;0;0;4;0;1;0;1;0;0;0;0;0;20;;;;;;3;0;0
USLD;2019;210987673;210012142;2;37;2;0;;;;;;;;;;;;;;;;;;;;;
USLD;2019;210987939;210780607;42;15223;7;6;;;;;;;3;;3;;;;1;0;0;0;0;0;0;0;0
USLD;2019;220000095;220000046;60;20890;52;37;;;6;;;;35;1;;;;;10;;;;;;7;;
USLD;2019;220000343;220000079;30;10211;30;31;0;0;6;3;2;1;1;0;0;1;0;0;16;0;0;0;0;0;1;0;0
USLD;2019;220000368;220000103;30;10950;56;52;;;11;2;6;;20;;;;1;;16;;;;;;2;2;
USLD;2019;220000566;220021968;30;10848;23;15;;1;11;;;;6;2;;;;;3;;;1;;;6;2;
USLD;2019;220001259;220005045;60;19612;37;37;;;;;13;;12;;;2;;;10;;;;;;4;;1
USLD;2019;220006423;220000152;30;9585;12;16;;;4;;1;;3;2;;;;;2;;;;;;1;1;
USLD;2019;220014138;220017974;30;9693;31;24;;;;7;;;6;9;;;0;;1;;;;;;;;
USLD;2019;230000259;230780041;50;18250;37;36;;;6;1;;;29;1;;;;;;57;36;6;40;0;;;
USLD;2019;230000838;230780058;30;9674;24;;;;;;;;;;;;;;;;;;;;;;
USLD;2019;230000846;230780066;30;9061;32;24;;;;;;;;;;;;;;0;0;0;23;0;;;
USLD;2019;230000952;230780512;30;9794;15;;;;;;;;;;;;;;;;;;;;;;
USLD;2019;230000960;230780520;30;10086;17;13;;;;4;;;9;1;;1;;;2;;;;;;1;;
USLD;2019;240000372;240000059;50;16866;36;29;0;;16;;4;;14;;0;;0;;2;0;0;0;33;0;0;0;0
USLD;2019;240000471;240000109;30;10792;36;24;;;3;1;;1;17;3;;;;;3;;;1;;;9;;
USLD;2019;240000489;240000117;60;20291;41;33;0;0;4;1;0;0;6;6;0;0;0;1;14;0;0;0;0;0;5;0;0
USLD;2019;240000539;240016055;60;20616;36;23;;;6;1;;;7;9;;;8;;;;;;;;4;;
USLD;2019;240000687;240000448;40;14525;15;8;;;3;;;;4;;1;;;;7;;;;;;0;1;0
USLD;2019;250000627;250000221;30;10761;18;12;;;3;;;;7;;;;;;4;;;;;;3;;
USLD;2019;250000635;250000239;20;7214;15;12;;;3;;;;6;;;;;;6;14;14;9;4;0;1;0;0
USLD;2019;250000882;250002839;30;10665;21;14;;;;;;13;;3;;;;;32;;;;;;6;1;
USLD;2019;250001237;250007598;60;21395;22;25;;;;11;;;;41;;3;;;33;;;;;;;;
USLD;2019;250001252;250007788;91;32748;16;24;;;;;;;;;;;;;;;;;;;;;
USLD;2019;250004009;900000365;30;10872;17;13;0;0;1;0;0;0;15;0;0;0;0;0;1;0;0;0;2;0;2;1;0
USLD;2019;250007234;250000452;30;10891;8;6;;;;;;;;;;;;;;;;;;;;;
USLD;2019;260000013;260000021;74;25925;64;53;;;;;;;;;;;;;;;;;;;;;
USLD;2019;260000138;260000047;40;14446;16;4;;;5;;;;5;;;;1;;5;;0;;;;0;;
USLD;2019;260000195;260006770;58;20081;32;32;;;2;;;;13;11;;;;;6;;;;;;;;
USLD;2019;260000823;260003264;33;11311;11;4;;;;;;;1;;10;;;;;;;;;;8;;
USLD;2019;270000367;270000086;55;19784;25;21;;;1;2;;;4;3;;;;;;;;;2;;1;1;
USLD;2019;270000425;270000102;37;13294;17;;;;;;;;;;;;;;;;;;;;;;
USLD;2019;270000441;270000110;50;16328;49;36;;;11;;;1;15;3;;;;;19;;;;;1;10;;
USLD;2019;270000516;270000177;30;10460;17;16;;;;;;14;3;;;;;;;0;0;0;0;0;4;0;0
USLD;2019;270026107;270023724;30;10295;30;20;;;;;12;;;8;;;;;8;;;;;;3;2;
USLD;2019;280000050;280000142;50;17896;6;6;0;0;0;1;0;0;0;1;3;0;0;0;1;0;0;0;0;0;0;0;0
USLD;2019;280000084;280000183;92;32624;27;14;;;1;;;;18;;;;;;8;;;;25;;;;
USLD;2019;280000100;280000225;36;11943;31;24;;;3;;;;6;7;;;;;15;0;0;0;0;0;4;1;
USLD;2019;280000662;280500075;40;14189;21;14;0;0;1;0;5;0;28;0;0;1;0;0;15;0;0;0;0;0;6;0;0
USLD;2019;290000033;290021542;10;3285;19;12;;;;;2;;5;2;;;;;8;30;0;;2;0;5;;
USLD;2019;290000066;290020700;34;11057;45;38;;;8;3;4;;;20;;;;;10;;;;;;;;
USLD;2019;290000553;290021542;90;32632;22;15;;;;;4;1;8;;5;;;;5;121;0;59;13;;5;;
USLD;2019;290000785;220020739;48;17310;18;22;0;0;0;0;0;0;10;2;0;0;0;0;6;;;;;;0;0;0
USLD;2019;290008853;290000074;30;10212;24;21;4;;1;2;;;6;5;;;;;3;;;;;;;;
USLD;2019;290014687;560005746;30;10755;12;8;;;;;;;;;;;;;;;;;;;;;
USLD;2019;290017946;290000017;118;47831;47;42;0;0;3;0;3;0;5;3;3;0;0;0;3;;;52;12;0;8;0;0
USLD;2019;290024462;290000298;56;19576;14;5;;;;;;;;;9;1;;;3;;;67;;;8;;
USLD;2019;290025113;290020700;30;10518;29;35;;;2;;2;;;8;;;;;17;;;;;;14;;
USLD;2019;290025147;290020700;30;10866;17;12;;;1;;2;;;4;;2;;;8;;;;;;7;;
USLD;2019;2A0000212;2A0000170;30;9589;17;11;0;0;1;5;0;0;4;0;0;0;0;0;7;0;0;0;12;0;0;1;0
USLD;2019;2A0002614;2A0002606;30;8821;16;7;;1;5;;;1;5;;;;;;4;;;;;;;;1
USLD;2019;2A0023271;2A0000014;70;25550;46;22;0;0;7;0;4;0;22;2;0;0;0;0;44;0;0;0;10;0;;;
USLD;2019;2B0000038;2B0004246;10;1983;4;2;;;;;4;;;;;;;;;;;;;;;;
USLD;2019;2B0004089;2B0000020;30;9792;21;8;0;0;0;0;0;0;0;0;0;0;0;0;0;0;0;0;0;0;0;0;0
USLD;2019;2B0005359;2B0005342;20;7075;14;10;;;9;5;;;;;;;;;;0;0;0;0;0;;;
USLD;2019;300000031;300780053;30;10762;10;7;;;2;;;;;;;;;;8;0;0;1;0;0;2;1;0
USLD;2019;300000064;300780087;30;10675;27;13;;;10;8;;;1;1;;;;;7;0;0;0;0;0;2;12;0
USLD;2019;300000072;300780095;30;10853;26;14;;;10;4;;;7;2;;;;;3;;;;;;3;;
USLD;2019;300012481;300780046;27;9782;16;;;;;;;;;;;;;;;;;;;;;;
USLD;2019;300012499;300780046;63;22796;38;;;;;;;;;;;;;;;;;;;;;;
USLD;2019;300782125;300780038;190;65635;194;;;;;;;;;;;;;;;;;;;;;;
USLD;2019;310000310;310780671;60;20084;42;35;;;35;;;;3;1;;;;;3;;;;;;5;;
USLD;2019;310000336;310780713;61;21416;40;23;;;;;;;;;;;;;;;;;;;;;
USLD;2019;310013628;310786256;53;18961;29;24;;;;3;3;;9;11;;;;;3;;;;5;;4;1;
USLD;2019;310021571;310021563;58;20549;32;28;;;;;;6;22;4;;;;;;;;;;;2;;
USLD;2019;310022298;310781406;60;21066;42;36;6;0;1;1;3;0;23;5;0;0;0;0;3;0;0;0;0;0;2;1;0
USLD;2019;310786702;750043713;76;25987;39;43;;;;6;;;18;;;;;;15;;;;;;4;;
USLD;2019;310794094;310780754;80;28165;30;17;;;;;;;;;;;;;;;;;;;;;
USLD;2019;320000086;320780117;70;24799;44;36;0;0;3;0;0;0;26;7;0;0;0;0;4;0;0;8;2;0;3;2;1
USLD;2019;320000102;320780133;35;11057;27;;0;;;27;;;;;;;;;;0;0;0;0;0;;;
USLD;2019;320000128;320780158;30;10656;28;21;;;;;;;10;15;;;3;;;;;;;;;;
USLD;2019;320000144;320780174;30;10660;28;17;0;0;4;2;0;0;18;1;0;2;0;0;0;0;0;6;0;0;2;0;5
USLD;2019;320000177;320780208;30;10334;23;17;;;17;4;;;;;;;;;1;;;;15;;;;
USLD;2019;330000571;330781220;20;6779;17;11;;;;;;4;;;;;;;;;;;;;;;
USLD;2019;330000613;330781261;60;20200;44;32;;;2;8;;;10;16;;;;;8;;;;;;;4;
USLD;2019;330005182;330792862;50;17841;32;25;;;;;;;;6;;1;;;2;0;0;1;0;0;72;;
USLD;2019;330781337;330781196;120;41078;59;47;20;;48;;;;38;;;;;;61;167;;;;;2;;
USLD;2019;330791641;330056540;80;28598;42;;;;;;;;;;;;;;;;;;;;;;
USLD;2019;340000033;340780055;143;49786;118;31;;;;;;;;;;;;;;;;;;;;;
USLD;2019;340000215;340780519;28;9760;27;10;;;4;4;;;4;;;;;;11;;;;;;0;0;0
USLD;2019;340000231;340780535;49;17218;34;31;;;6;5;;2;5;1;;;;;15;;;9;;;3;;
USLD;2019;340008275;340780477;45;21926;35;;1;0;0;0;6;0;2;0;0;0;0;0;25;0;0;2;1;0;9;0;0
USLD;2019;340024512;340001825;80;27502;30;19;;;;;;9;5;;;2;;;14;;;;;;5;;
USLD;2019;340780436;340011295;35;12210;46;;0;0;18;1;9;0;13;0;0;0;0;0;5;;;;;;;;
USLD;2019;340780444;340009893;30;10742;14;12;;;4;;;;5;;;;5;;;;;;;;;;
USLD;2019;340782481;340780477;95;26860;89;;2;0;4;1;13;1;27;6;0;0;0;0;32;0;0;0;1;0;19;0;0
USLD;2019;340796051;340011295;55;19777;36;;1;0;6;1;3;0;15;1;0;0;0;0;9;;;;;;;;
USLD;2019;350000154;350000030;49;17275;15;15;;;;;6;;1;;7;;;;1;;;;3;;0;10;0
USLD;2019;350000162;350000048;30;10794;15;10;;;;1;;;7;;;;;;7;;5;;11;;3;1;
USLD;2019;350000436;350002317;30;9906;26;26;;;8;;;;6;10;;;;;2;0;0;0;0;0;0;0;0
USLD;2019;350002911;220020739;30;10807;22;19;0;0;0;1;;13;3;1;;1;0;;3;0;0;0;0;0;1;0;0
USLD;2019;350005021;440042844;60;21314;60;;;;;;;;;;;;;;;;;;;;;;
USLD;2019;350006771;350005179;120;37593;57;68;;;31;;;10;6;3;;;;;6;;;;12;;1;2;
USLD;2019;350013629;350000022;83;29828;51;;;;;;;;;;;;;;;;;;;;;;
USLD;2019;350016135;350000055;53;17843;47;41;;;1;2;;;39;;;;;;5;;;;;;6;;
USLD;2019;350032280;350000246;80;28650;54;27;;;;15;;;;;14;;;;25;1;;;;;15;;8
USLD;2019;360000160;360000053;30;10273;46;32;13;1;1;;;;11;1;;;14;5;;;;;;;;;
USLD;2019;360000202;360000103;31;9005;24;17;;2;;5;;;7;4;;;;;6;;;1;2;;3;;
USLD;2019;360004618;360000046;30;10271;15;;;;6;;;;1;;;;;;8;;;;;;8;1;
USLD;2019;360006688;360000392;81;27468;75;63;;;16;;;;;21;;;;;11;;;;;;6;0;0
USLD;2019;370000531;370000606;124;44220;61;49;0;0;18;6;0;0;112;3;0;0;30;8;;0;0;0;14;24;7;0;0
USLD;2019;370102659;370013054;80;29033;20;4;;;;;;;;;;7;;;5;;;;;;6;;
USLD;2019;380000026;380780031;30;10756;8;8;0;0;0;0;1;0;0;0;0;0;0;0;7;;;;;;;;
USLD;2019;380000075;380780098;45;16178;17;15;;;;12;;;3;;;;;;2;;;;;;4;;
USLD;2019;380000109;380780213;76;27003;51;41;;;3;13;;;14;9;;;;;12;;;;;;9;;
USLD;2019;380000356;380782698;70;25332;53;39;0;0;0;6;;15;4;14;0;0;0;0;14;;;;;;3;1;
USLD;2019;380020388;380784751;30;10416;26;24;;;2;9;9;;;;;;;;6;54;;;4;;;1;3
USLD;2019;380782722;380780080;165;56189;125;66;;;12;1;20;2;21;2;;;2;;11;;;;;;14;1;0
USLD;2019;380785840;380780049;38;13807;15;16;;;;;;;;;;;;;15;;;;;;;;
USLD;2019;380798520;380780049;47;17094;27;24;;;1;;;;;2;;;;;24;;;;;;3;;
USLD;2019;380802512;380793265;45;16425;28;27;0;;0;;15;;3;;;;10;;28;0;0;0;0;0;0;0;0
USLD;2019;390000040;390780146;81;28727;59;23;;;1;;2;;21;;;;;;4;;;;8;;;;
USLD;2019;390000065;390780161;30;10143;14;16;;;3;;5;1;4;;;;1;;;;;;;;;1;
USLD;2019;390784833;390780609;32;11680;28;23;;;;;;;23;1;;;;;4;;;;7;;2;;
USLD;2019;400000147;400780268;40;14249;45;26;;;4;2;;;18;;;0;;;;;;;;;7;2;
USLD;2019;400000261;400780458;150;54536;65;40;;;;3;;;45;2;;;;;14;;;;42;3;;;6
USLD;2019;400006607;400011177;30;10867;22;21;;;;5;;3;;8;;;;;6;;;;3;;4;;
USLD;2019;400780250;400011177;80;28138;92;55;0;;14;;9;1;43;1;1;;0;;1;;0;2;28;;10;5;0
USLD;2019;400781043;400780193;99;31001;78;54;0;0;3;0;0;0;68;0;0;0;0;0;4;1;0;3;0;0;9;0;3
USLD;2019;410000020;410000087;100;35691;52;35;;;20;;;;23;;;;;;9;;;;;;;;
USLD;2019;410000046;410000103;60;21588;26;18;;;2;;;;9;;;;;;15;;;;;;;;
USLD;2019;420000234;420780652;90;32850;75;61;;;13;;;;52;;;;;;10;;;;;;20;;
USLD;2019;420000275;420780694;30;10776;16;12;;;;;1;;15;;;;;;;;;;;;;;
USLD;2019;420780546;420000168;30;10622;14;8;0;0;0;3;0;5;0;2;0;1;0;0;3;0;0;0;0;0;3;0;0
USLD;2019;420782559;420784878;160;57995;137;114;;;35;5;;;85;3;;;;2;4;;;;15;;10;7;
USLD;2019;420784845;420780033;90;31026;102;67;;;;;;;;;;;;;;;;;;;;;
USLD;2019;420789067;420780710;50;17995;42;34;;;;6;;3;;23;;;;;10;;;;;;7;;
USLD;2019;430000117;430000018;41;15072;24;19;1;;5;;4;;5;2;;;;;10;;0;;;;4;4;9
USLD;2019;430000190;430000034;20;7194;14;11;1;0;1;0;4;0;8;0;0;0;0;0;0;0;0;0;2;0;0;0;0
USLD;2019;430000307;430000067;40;13234;26;32;0;0;12;0;0;5;0;5;0;0;0;0;4;0;0;0;21;;;;
USLD;2019;430000356;430000091;30;10808;15;12;0;;2;;;1;4;;;;;;8;;;;;;2;;
USLD;2019;430007419;630786754;40;14531;12;11;;;;;;;;1;4;;;;7;;;9;;;1;;
USLD;2019;440000180;440000263;30;10886;4;3;;;;;;;;;4;;;;;;;;;;;;
USLD;2019;440000396;440053643;30;10471;35;26;0;0;18;0;0;0;14;0;0;0;0;0;3;3;0;0;12;0;0;0;0
USLD;2019;440000503;440000313;30;10849;9;7;;;;;;;6;2;;;;;1;;;3;2;;2;;
USLD;2019;440000552;440042141;28;7696;24;11;0;0;0;5;0;0;12;1;0;0;0;0;6;0;0;0;0;0;0;0;0
USLD;2019;440000644;440000347;30;10710;17;13;;;;5;;;10;;;;;;1;;;;;;0;0;0
USLD;2019;440000883;440042141;27;8830;20;18;0;0;0;2;0;0;12;0;0;0;0;0;6;;;;;;;;
USLD;2019;440001253;440028538;42;14882;34;15;0;0;8;0;0;0;7;1;0;0;0;0;19;;;;;;13;0;0
USLD;2019;440001295;440000859;39;13953;20;15;;;;;;;11;;;;;;2;;;;;;2;;
USLD;2019;440001964;440003267;30;9644;8;12;;3;;1;;;21;3;;;6;3;;;;;;;1;;
USLD;2019;440002939;440018620;37;13388;15;15;;;;;;8;;4;;;;;3;;;;;;1;;
USLD;2019;440007607;440000057;74;26186;49;47;;;13;2;;;16;12;;;;;5;;1;0;1;1;;;1
USLD;2019;440021202;850009010;30;9651;15;2;0;0;1;0;0;0;2;0;0;0;0;0;1;0;0;0;2;0;;;
USLD;2019;440032399;440041531;28;9955;23;22;;;;;;;20;;;;;;3;;;;;;4;;
USLD;2019;440050458;440000289;10;1418;1;;;;;;;;;;;;;;;;;;;;;;
USLD;2019;440050466;440000289;160;51355;45;;;;;;;5;39;;;;1;;;;;;;;;;
USLD;2019;450000062;450000104;50;15341;27;25;2;;1;;4;;11;1;;;;;7;;;;3;;5;;
USLD;2019;450000070;450000112;48;17256;24;9;;;;;;;18;;;;;;6;;;;;;;;
USLD;2019;450000336;450000179;40;14329;22;23;;;1;1;;;6;3;;;;;4;;;;;;;;
USLD;2019;450010442;450000088;160;56766;80;67;;4;4;;14;;19;14;;1;;;24;;;;;;7;4;2
USLD;2019;450019799;450000104;32;11430;15;6;;;1;;;;1;;2;;;;11;;;;18;;4;;
USLD;2019;460000052;460780091;50;18034;29;28;;;14;3;;;4;;;2;;;6;;;;;;;;
USLD;2019;460785595;460780216;60;20209;22;24;2;;3;;13;;;1;;3;;;;;;;;;;;
USLD;2019;470000431;470000324;41;14286;32;26;;;7;;17;;6;;;;1;;;;;;9;;2;2;
USLD;2019;470000571;470000407;30;10482;38;;;;;;;;;;;;;;;;;;;;;;
USLD;2019;470008780;470016171;36;13086;8;19;;;;;3;;5;;;;;;;4;3;1;1;;;;
USLD;2019;470012931;470001660;27;9691;15;7;;;4;;;;1;;3;;;;;;;;;;3;;
USLD;2019;480000017;480780097;30;9697;23;29;0;0;3;0;2;0;8;1;0;0;0;0;8;0;0;1;9;0;3;0;0
USLD;2019;480000041;480780139;25;7327;19;6;;;3;;;;2;;;;;;;;;;;;;;
USLD;2019;480000074;480780162;30;10823;35;17;;;;;;;;;;;13;0;;;;5;5;;18;11;
USLD;2019;490000353;490000411;35;11451;23;15;;;;;;;9;10;;;4;;;;;;;;7;1;
USLD;2019;490000569;440000313;36;12808;34;23;1;;3;2;;;10;2;;;;;15;;;2;1;;4;9;
USLD;2019;490000635;490000676;34;12210;29;25;;;;;;;;;;;;;;;;;;;;;
USLD;2019;490000650;490007689;30;8490;34;22;;;6;;;;9;4;;1;;;14;;;;;;9;;
USLD;2019;490008604;490001070;90;32045;47;20;;;;14;;5;;3;;;;;25;;;;;;;;
USLD;2019;490531910;490535093;60;21727;34;28;;;;11;;;3;4;;;;;16;;;;;;1;;
USLD;2019;500000021;500000054;70;25041;83;15;;;;;;;2;2;;;;;11;;;1;;47;;;
USLD;2019;500000260;500000054;50;18154;76;16;;;3;;1;;5;;;;;;56;;10;;23;886;3;;1
USLD;2019;500000450;500000112;35;12602;17;15;;;3;1;;;4;2;;;1;;6;;;;;;;;
USLD;2019;500000591;500000393;60;21095;31;16;;;16;2;;;7;1;;;;;5;;;;;;;;
USLD;2019;510000169;510000037;30;9902;20;22;;;;;3;;7;;;;1;;11;;;11;7;;1;1;1
USLD;2019;510000235;510000060;30;10276;35;28;;;3;;5;;;8;;;;;19;;;2;4;;2;3;
USLD;2019;510000466;510000102;30;10587;13;11;;;8;3;5;;6;1;;;;;33;;;7;3;;;;
USLD;2019;510011679;510000029;120;42614;73;64;;;7;2;4;;29;6;1;;;;24;;;180;28;62;7;1;
USLD;2019;510024466;510000128;30;8942;25;23;;;;4;;;7;3;;;;;11;0;0;2;3;0;1;;
USLD;2019;520000019;520780024;32;11393;22;16;;;3;9;;1;1;4;;1;;;3;;;;18;;2;2;
USLD;2019;520000076;520780081;35;12653;30;13;;;;2;;;;3;;;;;11;;;;1;;1;2;
USLD;2019;520782939;520780032;40;14514;28;27;;;2;;3;;10;;;;;;13;;;;;;;;
USLD;2019;530000132;530007202;30;10769;9;5;;;2;2;;;4;;;;;;1;;;;11;;;;
USLD;2019;530000264;530000371;55;18724;30;29;;;6;;8;;8;;;;;;7;;;;17;;;;
USLD;2019;530031384;530000074;47;15277;18;14;0;0;6;0;0;0;8;0;0;0;0;0;4;0;2;0;22;0;0;0;0
USLD;2019;530032788;530000025;56;19953;38;27;;;1;1;3;;8;;;;;;25;;1;;14;;13;;
USLD;2019;540000072;540014081;43;14221;55;56;;;10;12;;;;15;;;;;12;;;;1;3;3;;
USLD;2019;540000155;540000080;30;10607;29;11;;;2;1;;3;;;;;;;20;;;;;;4;;
USLD;2019;540000312;540000114;30;9248;22;12;;;;6;;3;8;;;;;;3;;;;;;;;
USLD;2019;540000395;540000122;60;21321;42;32;;1;9;2;;;23;2;;;;;5;;;;;;;;
USLD;2019;540000668;540006707;56;18982;26;22;;;;5;;1;6;6;;;;;8;;;;;;1;2;1
USLD;2019;540006459;540023264;34;11809;22;22;;;3;;5;;11;;;;;;3;51;;;;;1;0;
USLD;2019;540006665;540019007;31;9484;15;10;;;1;1;;;6;4;;;;;3;;;;;;1;0;0
USLD;2019;540008364;540000049;36;12327;32;23;;;2;3;7;;4;2;;1;;;13;;;;23;;;;
USLD;2019;540009859;570010181;30;9910;27;21;1;;8;2;3;;6;3;0;;0;;4;;;;;;6;;
USLD;2019;540013232;540023264;72;25563;40;38;;;5;;4;;20;5;;;;;7;110;;24;2;0;2;0;
USLD;2019;550000038;550000046;32;10715;18;;;;11;;;;3;;;;;;4;;;;;;;;
USLD;2019;550000251;550000095;30;10896;17;15;;;;3;;5;;;;7;;;2;;;;;;2;;
USLD;2019;550000434;550003354;30;10227;14;14;0;0;0;0;1;0;10;0;0;0;1;0;0;0;0;5;4;0;0;0;0
USLD;2019;550003370;550006795;48;10502;22;17;;;0;5;1;;7;3;;;;;5;;;;4;;;;
USLD;2019;560000127;560023210;60;21651;45;19;0;0;2;1;3;0;31;2;0;0;0;0;5;;;;;;;;
USLD;2019;560000200;560023210;30;10634;22;15;0;0;1;0;1;0;15;0;0;0;0;0;2;;;;;;;;
USLD;2019;560000275;560005746;45;16068;24;21;;;;;;;;;;;;;;;;;;;;;
USLD;2019;560000291;560000085;15;5029;7;4;;;;;;;;;;;;;7;0;0;0;0;0;0;0;0
USLD;2019;560003980;560005746;40;14386;17;18;;;;;;;;;;;;;;;;;;;;;
USLD;2019;560010092;560002032;58;21118;13;;;;;;;;;;5;;0;;4;;;;;;2;;
USLD;2019;560012122;560002677;50;17853;11;11;;;;;;1;;;8;;;;2;;;35;;;;;
USLD;2019;560014219;560014748;30;10172;6;;;;;;;;;;;;;;;;;;;;;;
USLD;2019;560015422;560005746;30;9941;19;15;;;;;;;;;;;;;;;;;;;;;
USLD;2019;560027641;560000077;60;20257;31;33;;;;2;;10;;18;;;;1;10;;;;;;4;1;
USLD;2019;570000109;570000034;41;9497;30;25;0;0;8;3;0;0;17;0;0;0;0;0;2;0;0;0;4;0;0;1;0
USLD;2019;570000166;570010181;30;10332;25;23;;;3;;5;;15;;;;2;;;;;;;;;;
USLD;2019;570000349;570005165;23;7899;9;7;1;;;;;;8;;;;;;;22;40;20;3;0;0;0;0
USLD;2019;570000448;750050759;30;9902;35;24;;;;5;;;;14;;;;;6;;;;1;;2;;
USLD;2019;570000455;570010181;30;9765;29;24;;;18;;;;9;;;;;;2;;;;;;;;
USLD;2019;570000562;570011353;30;10843;37;30;;;;18;;;;14;;;;;5;;;;;;;;
USLD;2019;570000661;570000158;30;10950;30;11;;;;;13;1;16;;;;;;;;;;;;2;;
USLD;2019;570000893;570000141;30;10633;21;8;;;;;;;;;3;;;;17;;;;4;;2;1;
USLD;2019;570000968;570000430;30;9149;40;36;;;3;;;;19;4;;;;;14;;;;;;1;;
USLD;2019;570003079;570010181;60;21055;28;27;;;;1;1;;18;5;;;;;3;;;;;;1;;
USLD;2019;570003947;570023630;30;10736;14;11;;;;;2;;5;;;;7;;;;;;;;;;
USLD;2019;570005215;570005165;37;11611;27;23;;;9;1;4;;12;;;;;;1;;;;;;1;0;2
USLD;2019;570012369;570011387;30;10302;24;15;;;;2;;;18;;;;;;4;;;;;;3;;
USLD;2019;570015776;750050759;60;19484;42;31;;;;;;;;25;;;;;17;;;;;;7;;
USLD;2019;580004836;580780039;108;38499;93;78;;;8;5;;;54;15;;;;;11;;;;;;6;7;
USLD;2019;580972628;580780039;12;4363;2;41;;;;;;;1;;;;;;1;;;;;;1;;
USLD;2019;580972644;580781136;30;10562;25;8;;;1;2;2;4;6;2;;;;;8;;;1;1;;12;;
USLD;2019;580972651;580780047;30;9874;14;12;;;11;2;;;;;;;1;;;;;;;;;3;
USLD;2019;580972677;580780088;30;8346;25;22;0;0;7;1;2;0;11;1;0;0;0;0;0;;;;;;2;0;0
USLD;2019;580972685;580780096;30;3507;30;1;;;;;;;;;;;;;;13;0;3;4;0;;;
USLD;2019;580972701;580970978;30;10709;11;13;0;0;0;0;0;0;0;0;0;0;0;0;0;0;0;0;0;0;0;0;0
USLD;2019;580972719;580780757;0;4958;6;7;0;0;0;0;1;0;0;0;0;0;0;0;5;0;0;0;0;0;0;0;0
USLD;2019;590000014;590780052;30;8882;27;20;0;1;7;4;2;0;4;3;0;0;0;0;6;0;0;0;0;0;1;0;0
USLD;2019;590000121;590780227;60;21355;49;35;0;0;12;1;31;0;24;0;0;0;0;0;29;7;0;6;3;0;3;0;0
USLD;2019;590000428;590781605;58;19908;38;32;;;4;;3;;22;4;;;;;5;;;;;;13;1;
USLD;2019;590000451;590781647;40;14277;16;;;;;;;;;;;;;;;;;;;;;;
USLD;2019;590000469;590781662;30;8192;8;7;;;;;;;8;;;;;;8;0;0;0;0;0;0;0;0
USLD;2019;590000477;590781670;40;14397;26;16;;;;;;;19;;;;;;7;;;;;;4;;
USLD;2019;590000527;590781795;30;9713;27;14;;;4;;;;19;3;;;;;1;0;0;0;0;0;8;2;0
USLD;2019;590000592;590782165;60;20143;38;30;0;0;1;1;2;0;25;4;0;0;0;0;5;0;0;5;10;0;6;0;0
USLD;2019;590001004;590783239;60;18944;47;37;0;0;4;0;0;0;11;6;1;0;0;0;5;;;;8;;19;;
USLD;2019;590001582;590785663;60;17150;30;28;;;;;;3;16;;;;;;11;;;;;;2;3;
USLD;2019;590044632;590782421;60;14178;36;;;;;;;;;;;;;;;;;;;;;;
USLD;2019;590788865;590782421;60;10264;0;;;;;;;;;;;;;;;;;;;;;;
USLD;2019;590791091;590780193;120;30725;35;33;2;;2;;3;;10;;;;;;;;2;2;1;;2;;
USLD;2019;590791323;590782637;60;15417;18;14;;;;1;;;14;;;;;;3;;;;;;1;;
USLD;2019;590804340;590788956;80;27657;38;37;;;5;5;4;;7;3;;;;1;13;;;;;;3;;
USLD;2019;590804696;590781902;60;19105;49;47;1;0;4;1;4;0;12;3;0;0;0;0;23;6;5;0;7;0;8;1;0
USLD;2019;590812186;590782421;30;16673;28;17;;;;;;;;;;;;;;;;;;;;;
USLD;2019;590812749;590782215;90;29872;38;29;0;0;1;8;4;0;8;1;0;0;0;0;16;;;;;;10;0;0
USLD;2019;600000020;600100085;30;10755;16;13;;;;;;;12;;;;;;4;;;;;;;;
USLD;2019;600000046;600100127;30;9136;15;14;0;0;0;0;7;7;5;0;0;0;0;0;2;0;0;0;0;0;0;0;0
USLD;2019;600000053;600101984;73;26220;43;30;;;1;1;;;13;2;;;;;26;;;;15;;5;;
USLD;2019;600000152;600100572;86;31225;22;21;0;0;2;0;0;0;8;8;0;0;0;0;4;0;0;7;8;0;2;0;0
USLD;2019;600000186;600100648;88;31865;52;44;;;1;;;;19;21;;;;;11;;;;;;;1;
USLD;2019;600000285;600100721;47;14907;15;;;;;;;;;;;;;;;;;;;;;;
USLD;2019;600001184;600108948;31;11131;26;12;;0;;5;;2;;5;;0;;0;14;;;;;;;;
USLD;2019;600100101;750712184;96;34775;47;37;;;;;;;46;;;;1;;;;;3;;;10;;2
USLD;2019;600105381;600106611;51;18008;39;35;;;;3;;;14;18;;;;;4;;;;;;2;;
USLD;2019;600107494;600100713;100;36077;47;33;1;0;2;0;1;0;17;5;0;0;0;0;21;0;0;0;12;0;0;0;5
USLD;2019;600107668;600100721;73;23504;18;;;;;;;;;;;;;;8;;;;;;;;
USLD;2019;610000044;610780074;30;10388;15;13;;;;;2;;6;3;;;;;4;15;9;3;2;;2;1;
USLD;2019;610784050;610780082;110;37848;51;33;;;6;4;;;35;1;;;;;6;;;;;;;;
USLD;2019;620000067;620100081;30;10753;30;18;;;;4;;;9;1;;;;1;15;;;;;;10;;
USLD;2019;620000224;620100651;60;20008;55;44;0;;18;;;;18;;;;;;17;;;1;9;;3;2;1
USLD;2019;620000240;620100677;60;20190;49;45;0;0;5;0;15;0;12;11;0;0;0;0;6;0;0;0;0;0;6;1;0
USLD;2019;620000323;620101337;30;9997;24;18;;;;;3;;10;;;;;;2;;;;4;;1;1;
USLD;2019;620000349;620101360;80;27462;58;21;;;16;;;;15;4;;;;;23;;1;;7;;;;
USLD;2019;620000653;620103440;60;21039;24;19;;;2;;1;;9;;;;;;;;;;0;;;;
USLD;2019;620003350;620001834;88;25073;84;68;1;2;3;10;19;;37;6;;;;;6;;;;49;;12;;
USLD;2019;620106625;620020859;40;12662;22;20;;;;1;;;20;;;;;;1;;;;;;;;
USLD;2019;620108357;620103432;25;6020;6;5;;;;;;;;;;;;;;;;;;;;;
USLD;2019;620111195;620100057;110;37530;81;75;;;1;1;;;39;17;;;;;2;;;85;74;;4;;
USLD;2019;630000016;630180032;30;10800;51;20;0;0;13;8;0;0;22;6;0;0;0;0;2;0;0;0;0;0;4;0;0
USLD;2019;630000412;630780997;40;12160;19;23;0;;4;;1;;7;;0;;0;;7;;7;;13;;1;0;0
USLD;2019;630000420;630781003;29;9434;44;28;0;0;7;3;17;0;0;6;0;0;0;0;9;0;0;0;12;0;14;4;0
USLD;2019;630000446;630781029;30;10189;37;31;0;;6;;3;;12;;0;;0;;3;;;;;;13;;
USLD;2019;630000560;630781367;66;23536;53;40;;;13;1;;;27;1;;;;;11;;;;;;5;6;
USLD;2019;630781821;920030269;30;6804;14;6;;;9;;;;;1;4;;;;;;;;;;8;1;
USLD;2019;630783538;630780989;110;37463;55;60;0;0;7;12;8;0;35;;3;0;0;0;14;22;0;27;0;0;5;0;0
USLD;2019;630790384;630786754;44;15767;12;8;0;0;0;2;0;0;0;1;7;1;0;0;1;0;0;0;0;0;0;0;0
USLD;2019;640000162;640780417;96;32194;55;49;;;1;1;8;;12;9;;;;;11;;3;;13;;1;;
USLD;2019;640000402;640780813;55;19643;33;23;0;0;10;0;5;0;11;1;2;0;0;0;5;0;0;0;13;0;3;0;0
USLD;2019;640000410;640780821;42;15930;24;;0;0;5;0;7;0;9;0;0;0;0;0;3;0;0;0;0;0;1;1;2
USLD;2019;640000600;640781290;80;21897;26;26;;;3;;2;;20;;;;;;1;106;0;2;4;0;2;;
USLD;2019;640003836;640791976;20;6809;20;17;;;;3;;;;2;;2;;;6;;;;;;;;
USLD;2019;640780755;640780417;54;19519;26;10;;;;;;;;;;;;;;;;;;;;;
USLD;2019;640786281;640791976;60;21475;30;30;;;;7;;;;3;;8;;;23;;;;;;;;
USLD;2019;650000045;650780158;33;11636;33;30;0;0;1;1;1;0;19;2;0;0;0;0;6;;;1;17;;2;0;0
USLD;2019;650000060;650780174;42;15092;36;30;0;0;1;1;9;0;14;2;2;0;0;;7;;;;;;8;0;1
USLD;2019;650780141;650783160;47;16852;33;29;;;;;;;;;;;;;;;;;;;;;
USLD;2019;650780182;650783160;101;35427;49;40;;;;;;;;;;;;;;;;;;;;;
USLD;2019;650786668;650780166;36;12581;26;14;;;;;;;12;3;;;;;4;;;;;;;;
USLD;2019;660000084;660780180;38;13611;11;9;1;;2;;7;;;;;;;;1;;;;;;2;;
USLD;2019;660000167;660780271;40;14514;33;16;;;8;1;;;6;3;;;;;10;;;;;;8;;
USLD;2019;660007261;660010059;15;5432;4;4;;;1;;;;3;;;;;;;;;;;;;;
USLD;2019;660009341;660786799;60;2464;39;2;;;;8;;;14;10;;;;;7;;;;;;3;3;
USLD;2019;660781444;660780180;160;56841;66;60;;;8;;4;;33;7;;;;;14;;;;;;4;;1
USLD;2019;670000041;670780071;30;10063;27;25;;;;4;;;14;4;;;;;5;;3;;;;;;
USLD;2019;670000058;670013366;72;25866;32;30;;;;4;;;;4;14;;;;9;;;;;;;;
USLD;2019;670000157;670780337;31;10767;19;18;;;;;4;;12;2;;;1;;;;4;;5;;;;
USLD;2019;670000165;670780345;30;10617;29;22;;;7;1;;;14;1;2;;;;4;;;4;;;2;;
USLD;2019;670000215;680000643;45;15864;34;;;;;;;;;;;;;;;;;;;;;;
USLD;2019;670000306;670780584;104;34890;67;71;0;0;9;12;10;1;11;11;0;0;0;0;13;0;0;33;111;0;6;3;0
USLD;2019;670000348;670780642;30;10195;18;15;;;;;;2;10;1;;;1;4;;;;;;;;;
USLD;2019;670000397;670017755;45;16227;19;16;;;;1;;;;1;;;;;17;;;;3;;2;;
USLD;2019;670000603;670781152;40;14082;22;23;0;0;0;5;0;0;0;5;3;0;0;0;9;0;0;4;1;0;3;0;0
USLD;2019;670002278;920030269;50;15826;58;29;;;;21;;1;10;8;;1;;;17;;;;;;7;2;
USLD;2019;670014992;670780139;31;10485;37;32;;;15;;;;11;4;;;;;7;;;;;;3;1;
USLD;2019;670799550;670780055;124;42276;92;74;1;;40;3;16;;17;7;;;;;;;;25;;;4;;
USLD;2019;680000122;680020336;30;9528;36;29;;;7;;;;16;7;;;;;;6;;;;;1;5;
USLD;2019;680000312;680015963;30;9222;26;25;;;9;;;;7;;;;;;10;;;;;;0;0;0
USLD;2019;680000544;680020336;25;8090;20;23;;;2;;9;;4;;;1;;;4;1;;3;;;;2;
USLD;2019;680000627;680020336;30;9613;14;8;;;1;;3;;6;;;;;;;;;;;;1;;
USLD;2019;680000767;680001088;48;17226;43;39;;;18;;2;;21;;;;0;;2;0;0;12;2;1;0;1;0
USLD;2019;680000833;680001138;46;16343;46;28;;;;7;;;29;;;;;;10;;;;;;11;;
USLD;2019;680000882;680000643;30;10738;28;24;;;;;9;4;6;3;;;;;6;;;;;;5;;
USLD;2019;680004553;680020336;108;38342;73;51;;;9;;25;;17;;;;;;6;1;;1;;;3;4;
USLD;2019;680020427;680014495;80;27892;75;49;;;;7;;;31;6;;;;;31;;;;;;13;12;
USLD;2019;690000245;690780432;100;34350;71;56;0;0;0;0;0;0;71;0;0;0;0;0;0;0;0;0;0;0;0;0;0
USLD;2019;690000773;690782925;85;30806;56;45;;;3;;;;38;;1;;;;10;;;1;;;;;
USLD;2019;690780150;690000104;30;10373;27;21;0;0;1;7;0;0;10;3;0;0;0;0;6;0;0;0;0;0;2;0;0
USLD;2019;690782420;690793633;33;11939;17;9;;;;12;;;2;1;;;;;2;;;;;;;;
USLD;2019;690784194;690781810;54;19386;21;21;;;4;;;;16;1;;;;;;0;0;0;0;0;1;0;0
USLD;2019;690787429;690781810;59;21186;35;;;;8;1;;;20;2;;;;;2;;;2;2;;;;
USLD;2019;690787452;690781810;150;54333;73;;;;25;0;;;46;0;;;;;2;;;;;;;;
USLD;2019;690787478;690781810;125;44861;43;;;;;;;;37;2;;;;;4;30;30;60;40;;;5;
USLD;2019;690791132;690001912;60;20072;56;43;;;;;;;;;;;;;;;;;;;;;
USLD;2019;690797873;690043237;30;10171;43;14;0;0;1;13;0;0;23;0;0;0;0;0;6;0;0;0;0;0;15;9;2
USLD;2019;690801709;690802715;60;21900;23;21;0;;2;;3;;10;;0;;0;;8;0;3;2;0;0;;;
USLD;2019;690802251;690782222;40;14408;29;27;;;2;1;;;12;4;;;;;10;;;1;;10;2;;
USLD;2019;690802913;690044714;60;21747;21;19;;;;4;;;;7;;;;;10;;;4;;;1;;
USLD;2019;690803093;690780564;30;10462;13;16;;;;;;;;;;;;;;;;;;57;151;;
USLD;2019;700784341;700004096;30;10766;11;22;;;;;;;;;6;;;;5;;;;;;4;;
USLD;2019;710972365;710780644;70;24815;39;28;;;;;3;;21;6;;;;;6;;;;;;2;;
USLD;2019;710972423;710780263;79;27391;24;11;;;1;;1;;2;1;;;;;17;;;;;;12;1;
USLD;2019;710978248;710781451;54;17747;47;;;;8;1;5;;26;1;;;;;6;;;;;;2;;
USLD;2019;720000033;720000025;64;23266;27;13;0;;7;;2;;14;;0;;0;;4;0;0;0;4;0;3;0;0
USLD;2019;720000124;720000066;30;10406;24;12;;;13;;;;3;;;;;;8;;;;;;;;
USLD;2019;720000314;720000090;20;7211;11;6;;;;;;;7;;;;;;4;;;;;;4;;
USLD;2019;720000470;610780082;30;10432;12;9;;;;;;;3;;;1;;;8;;;;;;;;
USLD;2019;720000520;720000140;55;17936;18;16;;;;5;;;8;;;;;;5;;;;;;2;;
USLD;2019;720000801;720002054;30;10867;15;15;;;;4;;;;2;;;;;8;;;;;;;;
USLD;2019;720005909;720000025;126;45397;49;40;0;;10;1;9;;10;9;0;;;;10;0;0;0;1;0;4;0;0
USLD;2019;730000049;730002839;30;10745;32;23;;;4;;7;;11;;;;;;10;0;0;0;9;0;7;;
USLD;2019;730000080;730780103;30;11051;30;28;;;16;2;;;1;6;;;;;5;;;;23;;;;1
USLD;2019;730000098;730000015;30;10950;29;;;;4;;2;;5;0;;;;;1;;;;;;2;;
USLD;2019;730783552;730000015;53;29181;64;;;;;;;;;;;;;;;;;;;;;;
USLD;2019;730785276;730002839;30;10847;22;17;;;2;1;1;2;6;;;;;;10;0;0;0;0;0;0;0;0
USLD;2019;740000286;740781190;30;10051;42;29;;;;;;;;;;;;;;;;;;;;;
USLD;2019;740000302;740781133;30;1036;0;2;0;0;0;0;5;0;0;0;0;0;0;0;0;;;;;;1;;
USLD;2019;740000401;740781893;50;17128;30;27;;;;13;;;;12;;;;5;;;;;;;3;;
USLD;2019;740001847;740780168;40;10856;11;12;0;0;1;3;0;0;0;0;0;0;0;0;7;0;0;0;0;0;1;0;0
USLD;2019;740011481;740781133;80;21852;50;20;0;0;1;0;8;0;5;0;0;0;0;0;1;;;3;4;;2;0;0
USLD;2019;740788070;740790381;30;10613;20;12;;;;;5;;;;;;;;10;;;;;;;;
USLD;2019;740789532;740781208;45;15340;23;25;;;;;;;14;2;;;;;7;;;;;;;;
USLD;2019;750041543;750712184;60;20972;35;;0;0;0;0;0;0;0;0;0;0;0;0;;0;0;0;0;0;8;0;0
USLD;2019;750100042;750712184;78;26988;32;;3;;4;;2;;26;;;;;;;;;;;;;;
USLD;2019;750100083;750712184;32;10764;11;17;;;;;;;11;;;;;;;;;;;;5;;
USLD;2019;750100125;750712184;37;13262;11;;;;;;;;11;;;;;;;;;;;;;;
USLD;2019;750100216;750712184;137;43286;60;34;;;;;;;;;;;;;;;;;;;2;;
USLD;2019;750100299;750712184;261;65446;76;91;1;;12;2;12;;42;5;;;;;2;;;;;;2;;2
USLD;2019;750150377;750721334;78;25720;71;44;;;;;;;;;;;;;;;;;;;;;
USLD;2019;750801441;750712184;246;95555;103;92;;;;;;;;;;;;;;;;;;;;;
USLD;2019;760000133;760780213;39;13689;19;20;0;0;0;3;0;0;12;0;0;0;0;0;4;0;0;0;0;0;3;0;0
USLD;2019;760000141;760780239;145;52572;31;29;;;7;;;;15;;;;;;9;;;0;0;;;;
USLD;2019;760000356;760780726;154;49604;84;68;0;;38;;5;;46;;6;;;;34;;;50;5;;7;4;0
USLD;2019;760000380;760780759;35;12679;26;24;;;;2;;;7;;;;;;17;2;;;2;;;;
USLD;2019;760023671;760780239;70;25152;29;27;;;2;;;;14;;;1;;;12;;;;2;;;;
USLD;2019;760783530;760780239;90;32307;33;32;;;2;;;;13;;;1;;;16;;;8;1;;;;
USLD;2019;760800938;760780023;130;45814;92;66;0;;2;;12;;19;;5;;0;;10;;;;;;1;0;0
USLD;2019;760806950;760780734;40;14334;25;24;;;3;1;;;14;;;;;;7;;;;;;;;
USLD;2019;770000156;770110054;41;13099;30;26;;;;;4;1;;1;;;;;24;;;;;;;;
USLD;2019;770000164;770021152;51;18344;49;;;;1;1;1;;7;1;;;;;4;;;;;;1;;
USLD;2019;770150027;750720575;12;71;1;0;;;;;;;;1;;;;;;0;0;0;0;0;0;0;0
USLD;2019;770813814;770021145;114;30200;37;37;;;4;;2;1;11;4;;;;;15;;;;;;1;;
USLD;2019;770814622;770021145;57;19391;48;;;;;;;;26;;;;;;3;;;5;2;;;;
USLD;2019;780000287;780110011;50;16890;19;16;0;0;1;0;0;0;5;5;0;;0;;8;0;0;0;0;0;;;
USLD;2019;780000303;780024113;64;20336;34;25;0;0;0;0;1;6;14;3;0;0;0;0;10;;;;22;;1;1;0
USLD;2019;780000311;780001236;90;31013;27;25;;;2;1;;;12;8;;;4;;;;;;;;5;1;
USLD;2019;780000337;780001236;20;7187;8;9;;;;;;;2;1;;;;;5;;;;;;0;0;0
USLD;2019;780000352;780110094;42;13815;0;11;;;;;;;;;;;;;;;;;;;;;
USLD;2019;780000360;780130019;40;13599;34;32;;;;11;;;;10;;;;;13;2;;5;10;;2;;2
USLD;2019;780000378;780130027;30;10210;43;35;0;0;9;11;0;0;0;0;0;0;0;0;19;0;0;0;0;0;1;0;0
USLD;2019;780150033;780020715;40;10071;33;;;;30;;;;;;;;3;;33;;;;;;;;
USLD;2019;780822748;780002697;32;11060;22;23;;;1;;1;;8;1;0;4;;;2;0;0;0;7;0;0;0;0
USLD;2019;790000087;790000012;71;16337;22;20;;;2;;1;;11;;6;;;;;;;;11;;;1;
USLD;2019;790000103;790006654;67;22419;66;35;1;;8;;;;25;;;;;;22;;;;;;6;10;
USLD;2019;790000111;790019491;35;12178;29;24;;5;6;;39;;;;;;;;10;;;;;;4;;
USLD;2019;790000145;790000079;30;9019;35;29;0;0;0;0;0;0;29;5;0;0;0;0;1;0;0;0;0;0;2;0;0
USLD;2019;800000200;800000051;30;9825;36;29;0;0;12;3;0;13;0;5;0;0;0;0;16;;;;;;;;
USLD;2019;800000226;800000069;35;12775;20;17;;;;;1;;10;3;;;;;5;0;0;0;0;0;;;
USLD;2019;800000275;800000077;30;10187;24;25;;;3;;;;16;1;;;;;20;;;;;;14;;3
USLD;2019;800000390;800000085;30;10903;36;13;1;0;2;1;0;0;9;0;0;0;0;0;23;;;;;;0;1;0
USLD;2019;800000432;800000093;30;10600;12;;;;;1;;;6;;;;;;5;;;;;;2;;
USLD;2019;800000507;800000135;98;34299;44;37;;;17;13;;;8;3;;;;;3;;;;;;;;
USLD;2019;800000614;800000044;190;61993;92;83;;;9;5;3;;45;11;;;;;19;;;;;;;;
USLD;2019;800009417;800000085;35;11659;12;9;0;0;0;0;0;0;5;0;0;0;0;0;7;0;0;0;0;0;0;0;0
USLD;2019;810000505;810000331;74;25028;61;54;;;6;9;10;;;21;;13;;;6;;;;;;9;;
USLD;2019;810000513;810000349;30;8885;25;18;;;11;2;;;;;1;;;;11;;;;;;3;1;
USLD;2019;810000562;810000455;60;21691;36;33;0;0;1;0;0;0;5;2;0;0;0;0;28;4;0;0;0;0;3;;
USLD;2019;810099838;810000380;50;17731;30;21;;;12;;;;13;;;;;;5;;;;;;8;;
USLD;2019;810100370;810000380;70;25394;18;15;;;1;;;;11;;;;;;6;;;;;;4;;
USLD;2019;820000032;820000016;30;9994;31;34;0;;14;;16;;5;;;;;;25;0;0;0;0;0;2;0;0
USLD;2019;820000438;820000214;35;11254;54;17;;;;18;;;;10;;;;;26;;;;;;9;10;
USLD;2019;820000461;820000248;25;9012;29;19;;;;;;;9;1;;;;;19;;;2;2;;3;;
USLD;2019;820009611;820004950;30;10406;15;13;;;2;1;;;3;;;;7;;7;;;;;;1;1;
USLD;2019;830000279;830100517;46;15737;11;;;;;;;;;;;;;;;;;;;;;;
USLD;2019;830000337;830100590;40;13607;34;35;0;0;22;2;0;0;0;2;0;0;0;0;8;0;0;0;0;0;0;4;0
USLD;2019;830009528;830100566;30;10255;16;11;;;;;3;;7;1;;;;;5;;;;;;;1;
USLD;2019;830013629;130002041;26;9269;7;2;;;1;;;;4;;;;2;;;;;;;;;;
USLD;2019;830017372;750721235;100;34705;41;31;;;;5;;12;19;;;;;1;4;;;;;;3;;
USLD;2019;830100608;830100616;14;4971;5;1;1;;10;;;;2;;;;;;3;;;;;;1;;
USLD;2019;830100764;440052041;40;14550;18;20;;;;2;;;13;;;;;3;;;;;;;;;
USLD;2019;830202743;830100616;36;12601;20;15;1;;10;;;;2;;;;;;7;;;;47;;6;;
USLD;2019;830206983;830008819;30;10235;23;12;;0;;6;;0;6;3;;;8;;;;;;;;;;
USLD;2019;830212783;830002432;23;8047;6;5;;;;;;1;;3;;;;;2;;;;;;2;;2
USLD;2019;830213989;830100525;35;12610;16;15;;;2;2;;;;4;;;;;4;35;;;2;;4;;
USLD;2019;840000392;840000046;30;10884;28;22;;;13;1;4;;;8;;;;;2;;;;;;6;;
USLD;2019;840000418;840004659;33;11467;58;17;0;0;1;1;0;0;18;2;0;0;0;0;2;;;;;;0;0;0
USLD;2019;840000483;840000087;30;10774;23;16;;;14;;;;4;;;;;;5;;;;;;4;;
USLD;2019;840000491;130041916;50;17837;27;18;;;2;;;;13;;;;;;12;;;;;;;1;
USLD;2019;840001861;840006597;67;24299;16;14;;;;;;;;;;;;;;;;;;;;;
USLD;2019;840007579;840000012;40;13942;61;16;1;;2;;;;11;1;;;;;4;;1;;1;;13;2;
USLD;2019;850000142;850000019;80;28954;30;32;0;;0;;0;;28;;0;;0;;1;;;7;11;;;1;
USLD;2019;850000209;850000019;30;10527;16;17;;;4;;1;;10;1;;;;;;;;;;;;;
USLD;2019;850000233;850009010;30;10576;23;1;0;0;2;0;1;0;5;0;0;0;0;0;0;0;2;2;0;0;18;0;0
USLD;2019;850000647;850025867;42;14480;34;19;;;3;4;;;13;3;;3;;;8;;;;;18;;;
USLD;2019;850003377;850009010;30;10731;14;3;0;0;1;0;1;0;3;0;0;0;0;0;2;0;1;3;2;0;;;
USLD;2019;850021049;850000084;60;20800;57;50;0;;9;;2;;34;;0;;0;;12;0;0;0;1;0;4;0;0
USLD;2019;850021866;850000092;25;8878;6;3;;;;;;;;;4;;;;2;;9;32;;;3;;
USLD;2019;850022013;850000100;21;6693;15;;;;;4;;;16;;;;;;11;;;;;;;;
USLD;2019;860000025;860013382;60;21372;75;58;;;10;1;8;;26;;;1;1;;20;;;;;;5;4;
USLD;2019;860000033;860013382;30;10473;16;10;;;2;;;;8;;;;;;6;;;;;;;1;
USLD;2019;860000058;860014208;32;10176;30;31;;;15;1;;;8;1;;;;;5;;;;;;2;1;
USLD;2019;860000223;860014208;61;21166;66;56;;;3;;1;;58;;;;;;4;;;;;;6;5;
USLD;2019;860011014;860014208;30;10111;26;21;;;1;;4;;9;2;;;;;10;;;;;;3;1;
USLD;2019;870000270;870000031;40;14303;50;40;;;7;3;;;31;;;1;;;8;0;0;0;1;0;6;4;
USLD;2019;870000551;870014503;39;12940;26;22;;0;9;2;;;8;2;;1;;;4;;;;15;;4;;
USLD;2019;870000601;870014248;30;10616;55;26;;6;40;;;;7;;;;;;2;;;;;;28;2;
USLD;2019;870001567;870014503;45;15504;48;25;;;7;3;;;11;2;;6;;;18;;;;2;;12;;
USLD;2019;870003514;870000015;80;28985;68;52;0;0;2;0;0;0;58;0;0;0;0;0;8;7;0;0;3;0;5;1;1
USLD;2019;870005931;870000023;60;21020;52;44;;;3;4;;;26;2;;2;;;14;;;;;;7;;
USLD;2019;870008042;870000015;168;60800;122;104;0;0;5;2;3;0;90;3;0;1;0;0;18;12;0;0;5;0;;;
USLD;2019;880000039;880780069;24;8441;18;18;;;2;;4;;8;;;;;;4;;;;;;;;
USLD;2019;880000070;880007299;30;9611;31;28;;;9;;;;18;;;;;;4;;;2;26;;2;4;
USLD;2019;880000104;880780259;30;9591;18;18;;;;2;;3;6;;;;;;7;;;;7;;2;;
USLD;2019;880000336;880007059;30;9353;23;21;;;4;;;;15;;;;;;2;;;;17;;;;
USLD;2019;880786637;880780093;24;8332;24;21;;;;;;;;;;;;;;;;;;;;;
USLD;2019;880786645;880780077;30;9547;33;20;;;;;3;;5;;;;;;25;;;;;;;;
USLD;2019;890971583;890000417;64;21262;32;30;0;0;5;3;4;0;3;4;0;0;0;0;13;;;;;;;;
USLD;2019;890975527;890000037;29;8871;15;12;;;2;;;;10;2;;;;1;;;;;;;;;
USLD;2019;900000647;900004698;123;43908;55;64;;;;;;8;;38;;;;;9;;;;;;;;
USLD;2019;910000272;910110014;48;16472;16;12;;;2;1;2;;6;;;;;;5;;;;;;;;
USLD;2019;910000280;910019447;30;7817;9;12;;;1;;;;4;;;;;;4;;;;;;;;1
USLD;2019;910001973;910019447;40;11558;20;15;;;2;;0;;14;;;;;;4;;;;;;1;1;
USLD;2019;910100015;750712184;166;40062;41;33;;;;;;;18;;;;;;22;;;;32;;21;;
USLD;2019;910100023;750712184;54;15094;15;6;;;;;9;;;;;;6;;;;;17;128;;4;;
USLD;2019;910150069;910000033;60;21573;40;33;;;4;1;;;25;3;;;;;7;;;;;;2;;
USLD;2019;920000577;920110020;80;21459;7;11;1;;;1;;;1;;;;;;1;5;0;0;8;0;;;
USLD;2019;920000593;920026374;88;29820;49;45;;;13;;;;28;;;;;;8;;;;;;;;
USLD;2019;920000619;920009909;70;24117;47;31;0;0;9;27;4;;11;7;;;;;19;;;;;;;;
USLD;2019;920001369;920710654;75;25717;32;28;;;;16;;;;;;;;;16;;;;;;1;1;1
USLD;2019;920024205;920808037;110;40018;42;30;;;;7;;;11;2;;;;;7;;;12;;;1;;
USLD;2019;920100047;750712184;40;13084;9;12;;;;;;;7;1;1;;;;;;;10;5;;;;
USLD;2019;920100062;750712184;103;38911;21;29;;;;;;;;;;;;;;;;;;;3;;
USLD;2019;930000294;930021480;41;14642;17;14;;;;;;2;10;0;;;;;5;;;;;;1;1;
USLD;2019;930100011;750712184;179;57970;40;;;;1;;;;22;1;;;;;;;;;;;7;;2
USLD;2019;930150057;750034589;35;11136;22;19;;;;4;5;9;;1;;1;;;2;0;0;0;0;0;0;0;0
USLD;2019;930706239;930110051;100;35484;53;33;;;;;;;;;;;;;;;;;;;;;
USLD;2019;930815501;750062036;114;41686;16;;;;;;;;;;;;;;;;;;;;;;
USLD;2019;940000615;940140023;42;14935;8;3;0;0;0;0;0;0;0;0;11;4;0;0;33;0;0;48;0;0;;;
USLD;2019;940100027;750712184;24;8499;2;3;;;1;;;;;;;;;;;;;;;;;;
USLD;2019;940100035;750712184;152;54063;39;39;;;;;;;39;;;;;;;0;0;0;0;0;8;;
USLD;2019;940100050;750712184;390;102674;140;95;;;;;;;138;2;;;;;;;;;9;;52;;
USLD;2019;940100068;750712184;183;65446;41;44;0;;20;;0;;21;;0;;0;;0;;;;;;6;;1
USLD;2019;940812506;940110042;46;15765;20;22;;;22;30;;;;;;;;;40;;;;;;1;;1
USLD;2019;950000307;950110015;94;33040;37;36;;;4;;2;;22;5;;;;;4;;;;8;;;;
USLD;2019;950000323;950013870;101;31448;58;57;0;0;12;2;0;0;21;14;2;7;0;0;6;0;0;0;22;0;0;0;0
USLD;2019;950000331;950110049;120;41429;39;43;0;0;2;2;2;0;23;6;0;0;0;0;4;0;0;0;4;0;1;0;0
USLD;2019;950000406;950150037;40;14069;29;25;;;5;;;;15;9;;;;;;;;;;;;;
USLD;2019;950000695;950001370;43;14114;22;8;;;;;;;19;2;;;;;;;;;;;;;
USLD;2019;950016139;950015289;60;21328;28;19;;;;;;2;18;2;;;;;6;;;2;12;;5;;
USLD;2019;970100418;970100194;30;10208;7;5;0;0;0;2;0;0;6;0;0;0;0;0;2;0;0;0;0;0;0;0;0
USLD;2019;970100459;970100244;15;5082;8;7;;;;1;;;2;2;;;;;3;;;;;;;;
USLD;2019;970112033;970100210;120;39220;21;30;;;;12;;;;;;;;;9;;;;;;33;;
USLD;2019;970211215;970211207;90;26263;49;45;;;;;13;;;;;;;;;;;;;1000;;;7
USLD;2019;970211223;970211207;20;7296;10;9;;;3;;;;;;;;;;;;;;;;;;
USLD;2019;970211231;970211207;25;8375;3;2;;;;;;;;;;;;;;;;;;;;;
USLD;2019;970300026;970302022;30;10714;16;11;;;;;;;;;;;;;;;;;;;;;
USLD;2019;970400156;970403606;55;15731;14;12;;;4;;;;6;;;;3;;;;;;;;;;
USLD;2019;970463139;970408589;40;11358;14;10;;;;;;;;;;;;;;;;;;;;;
