BOR;AN;FI;RS;FI_EJ;BIO_A1;BIO_A2;BIO_A3;BIO_A4;BIO_A5;BIO_A6;BIO_A7;BIO_A8;BIO_A9;BIO_A10;BIO_A11;BIO_A12;BIO_A13;BIO_A14;BIO_A15;BIO_A16;BIO_A17;BIO_A18;BIO_B1;BIO_B2;BIO_B3;BIO_B4;BIO_A19;BIO_A20;BIO_B19;BIO_B20;BIO_B21;BIO_C19;BIO_C20;BIO_G22;BIO_G23;BIO_G24;BIO_G25;BIO_G26;BIO_G27;BIO_G28;BIO_G29;BIO_G30;BIO_F22;BIO_F23;BIO_F24;BIO_F25;BIO_F26;BIO_F27;BIO_F28;BIO_F29;BIO_F30;BIO_D22;BIO_D23;BIO_D25;BIO_E22;BIO_E23;BIO_E25
BIO;2023;010000024;CH DE FLEYRIAT;010780054;1;1;0;1;1;1;0;1;0;0;1;0;1;0;0;0;0;0;0;1565036;102051;77900;10224;2295;8348;17;29;5587;5376;;;;;;;;;;;4.95;;;;3.87;0.37;5.73;2.77;;0;1;;0;1
BIO;2023;020000162;CH SAINT-QUENTIN;020000063;1;1;0;1;1;0;0;1;0;0;1;1;1;0;0;0;0;0;1;1638876;257040;238845;6120;879;19111;4;23;640;0;0;0;;;;0;;;;3.1;0;1.15;32.88;6.02;2;;5.15;2.5;0;0;1;1;1;0
BIO;2023;020000394;CH LAON;020000253;1;1;0;1;1;1;1;1;0;0;1;1;1;0;0;0;0;0;1;891137;173611;114670;;;;;;;;;;;;;;;;;3;;;12.8;3;;;;;0;;0;1;;0
BIO;2023;020000519;CH SOISSONS;020000261;1;1;0;1;1;1;1;1;0;0;1;1;1;1;0;0;0;0;1;825293;25953;0;0;;0;;;;;;;;;;;;;;3.03;;0.08;18.46;6.92;;;;;0;0;1;1;1;1
BIO;2023;020001061;CH CHÂTEAU-THIERRY;020004404;1;1;0;1;1;1;0;0;0;0;1;1;1;0;0;0;0;0;1;689279;166757;141016;;;;;;;;;;;;;;;;;;2.8;1;17.8;6.8;;;;;0;0;1;1;1;0
BIO;2023;030000061;CH DE MOULINS;030780092;1;1;0;1;1;0;0;0;0;0;1;1;1;1;0;0;0;0;1;725934;187675;76871;;;;;;;;;;;;;;;;;0.8;3;0;25.75;9.75;;;;;0;0;1;1;1;0
BIO;2023;030000079;CH DE MONTLUCON;030780100;1;1;0;1;1;1;0;1;0;0;1;1;1;1;0;0;0;0;0;1775685;235984;86443;0;0;0;0;0;0;0;;;;;;;;;;1;2;1;26.65;10.02;;;;;0;0;1;1;1;0
BIO;2023;030000087;CH JACQUES LACARIN VICHY;030780118;1;0;0;1;1;1;0;0;0;0;1;1;1;1;0;0;0;0;1;1067338;61166;0;;;;;;;;0;0;0;0;0;0;0;0;0;0;4.13;0.08;29.61;7.4;0;0;0;0;0;0;0;0;1;0
BIO;2023;040000135;CHI DES ALPES DU SUD SITE DE SISTERON;050002948;1;1;0;1;1;0;0;0;0;0;1;1;1;1;0;0;0;0;1;147562;36827;24149;;;;;;;;;;;;;;;;;0.61;0.13;0.1;7.06;;;;;;;;;;;
BIO;2023;050000231;CH DES ESCARTONS DE BRIANCON;050000116;1;1;1;1;1;1;0;0;0;0;1;1;1;1;0;0;0;0;1;283894;134124;31531;;;;;;;;;;;;;;;;;2.65;;0.55;14.95;0.05;;;;;;;;;;
BIO;2023;050000348;CHI DES ALPES DU SUD SITE DE GAP;050002948;1;1;0;1;1;0;1;0;0;0;1;1;1;1;0;0;0;0;1;732982;19359;365;;;;;;;;;;;;;;;;;3.76;0.4;1.1;21.64;1.87;;;;;;;;;;
BIO;2023;060000478;CENTRE HOSPITALIER DE GRASSE;060780897;1;1;0;1;1;1;0;0;0;0;1;1;1;1;0;0;0;0;1;941523;26741;0;;;;;;;;0;0;0;0;0;0;0;0;0;0.16;2.79;1.06;23.91;5;0;0;0;0;0;0;1;1;1;0
BIO;2023;060000510;CH D'ANTIBES JUAN LES PINS;060780954;1;1;0;1;1;0;0;0;0;0;1;1;1;1;0;0;0;0;1;1107350;6695;996;;;;;;;;;;;;;;;;;3;2;1;33.93;8.05;;;;;0;0;;1;1;
BIO;2023;060000528;CENTRE ANTOINE LACASSAGNE;060780962;1;1;0;0;0;0;0;0;0;0;0;0;0;1;1;1;0;0;0;1662;430;355;5100;183;8280;;850;;432;;;;;;;;;;;1.79;0.5;4.74;2.92;3.92;0.5;8.91;2.64;0;0;0;0;0;0
BIO;2023;060000544;CH DE CANNES SIMONE VEIL;060780988;1;0;0;1;1;0;0;0;0;0;1;0;1;1;0;0;0;0;0;1193380;128;128;;;;;;;;;;;;;;;;;1.02;4.07;0.88;28.33;6.41;;;;;0;0;1;1;1;
BIO;2023;060785003;CHU DE NICE HOPITAL PASTEUR;060785011;;;;;;;;;;;;;;;;;;;;2896902;;;;;;;;;;;;;;;;;;;17.79;0.75;;96.93;63.62;3.4;;13.79;18.11;0;0;;1;1;
BIO;2023;060789195;CHU DE NICE HOPITAL DE L'ARCHET;060785011;1;1;0;1;1;1;1;1;1;0;1;1;1;1;1;1;0;0;1;2073222;;;;;;;;;;;;;;;;;;;32.75;1;;113.44;66.16;2.15;;5.72;4.4;0;0;;1;1;
BIO;2023;070000013;CH DE PRIVAS ARDECHE;070002878;1;1;0;1;1;0;0;0;0;0;1;1;1;1;0;0;0;0;1;354517;69930;31714;69930;;148398;;;;;;;;;;;;;;0.86;;0.9;10.65;1.72;;;;;0;0;0;1;0;1
BIO;2023;070000179;CH ARDECHE NORD;070780358;1;1;0;1;1;1;0;0;0;0;1;1;1;1;0;0;0;0;1;587487;53177;3101;;;;;;;;0;0;0;0;0;0;0;0;0;1;2.14;0;17.01;3.22;0;0;0;0;0;0;1;1;1;0
BIO;2023;070000609;CH ARDECHE MERIDIONALE - AUBENAS;070005566;1;0;0;1;1;1;0;1;0;0;1;1;1;1;0;0;0;0;1;760757;378409;58083;;;;;;;;;;;;;;;;;3.63;;0.25;17.66;12.48;;;;;0;;1;1;;0
BIO;2023;080000425;CH CHARLEVILLE - HOPITAL MANCHESTER;080011174;1;1;0;1;1;0;1;1;0;0;1;1;1;1;0;0;1;1;1;1560804;263287;96377;1549;17;8280;0;200;61;1;;;;;;1;;;;2.5;3.7;0.93;49.1;18.01;0.12;0.1;2;1.6;0;0;1;1;1;1
BIO;2023;090000175;CHIVA SITE ST JEAN DE VERGES;090781774;1;0;0;1;1;1;0;0;0;0;1;1;1;1;0;0;0;0;1;595214;81708;34604;;;;;;;;;;;;;;;;;1.43;1.29;0.97;28.67;3.37;;;;;0;0;1;1;1;
BIO;2023;100000090;CENTRE HOSPITALIER DE TROYES;100000017;1;0;0;1;1;1;1;1;0;0;1;1;1;1;1;1;0;0;1;1945339;179490;42429;7550;909;7628;8;47;13935;1146;;;;;;;;;;0.8;6.73;0.09;47.67;8.41;4.99;0;9.52;3.48;0;0;1;0;0;1
BIO;2023;100000199;CENTRE HOSPITALIER DE ROMILLY/SEINE;100006279;1;1;0;1;1;1;0;0;0;0;0;0;1;0;0;0;0;0;1;325932;56238;1931;;;;;;;;;;;;;;;;;1.6;2;0.3;;;;;;;0;;0;1;;1
BIO;2023;110000023;CH CARCASSONNE;110780061;1;0;0;1;1;0;1;1;1;0;1;1;1;1;0;0;0;0;0;824271;69970;43947;;;;;;;;;;;;;;;;;0;4.4;0.77;24.22;6;;;;;0;0;1;0;1;0
BIO;2023;110000056;CH NARBONNE;110780137;1;1;0;1;1;0;0;0;0;0;1;1;1;1;0;0;0;0;1;718175;43246;39326;;;;;;;;;;;;;;;;;0.15;3.57;0.5;21.88;3.77;;;;;;0;1;;1;0
BIO;2023;120000039;CH DE RODEZ HOPITAL JACQUES PUEL;120780044;1;0;0;1;1;0;0;0;0;0;1;1;1;1;0;0;0;0;1;1095824;132284;120466;4005;553;6395;24;11;1773;169;;;;;;;;;;;4.12;1.01;24;2.37;;0.5;5.56;3.11;;0;;;1;
BIO;2023;120000054;CH VILLEFRANCHE SITE CHARTREUSE;120780069;1;1;0;1;1;1;0;0;0;0;0;0;1;1;0;0;0;0;;205632;;;;;;;;;;;;;;;;;;;2.7;;0.99;12.05;3.85;;;;;0;;1;1;;
BIO;2023;120000070;CH PIERRE DELPECH DECAZEVILLE;120780085;1;1;0;1;1;1;0;0;0;0;1;1;1;0;0;0;0;0;1;86795;125249;86902;;;;;;;;;;;;;;;;;1.67;;0.75;13.69;2.96;;;;;;;0;;;1
BIO;2023;120004569;CH MILLAU;120004528;1;0;0;1;1;1;0;0;0;0;1;0;1;0;0;0;0;0;1;281890;122301;44376;;;;;;;;;;;;;;;;;;2.56;0.6;12.8;2.9;;;;;;;1;;;
BIO;2023;120004668;CH EMILE BOREL ST AFFRIQUE;120004619;1;0;0;1;1;1;0;0;0;0;0;0;0;0;0;0;0;0;1;136797;15478;134;;;;;;;;;;;;;;;;;;1.9;0.33;7.05;3.2;;;;;0;;0;1;;1
BIO;2023;130000409;CHI SITE D'AIX EN PROVENCE;130041916;1;1;0;1;1;0;1;1;0;0;1;1;1;1;0;0;0;0;1;1564761;538255;396510;17455;1209;10594;19;300;10430;374;;;;;;;;;;1.8;7.71;1.3;50.19;6.2;3.45;0;4.8;6.02;0;0;1;1;1;0
BIO;2023;130000565;CENTRE HOSPITALIER GENERAL D'AUBAGNE;130781446;1;1;0;1;1;0;0;0;0;0;1;1;1;1;0;0;0;0;1;566802;52932;40548;;;;;;;;;;;;;;;;;;4.9;1;20.7;5.6;;;;;;0;1;;1;0
BIO;2023;130001225;HOPITAL DU PAYS SALONAIS;130782634;1;1;0;1;1;1;0;0;0;0;1;1;1;1;0;0;0;0;;679188;209329;17508;;;;;;;;;;;;;;;;;3.37;;0.88;16.21;5.05;;;;;0;;1;1;;0
BIO;2023;130001647;INSTITUT PAOLI CALMETTES;130784127;0;0;0;1;0;1;0;0;0;0;0;0;0;0;1;1;0;0;0;19381;8819;538;14857;0;13255;0;330;4532;0;;;;;;;;;;4.83;10.01;2.8;43.86;15.14;8.53;1.55;20.47;8.16;0;0;0;1;1;1
BIO;2023;130002215;CENTRE HOSPITALIER GENERAL LA CIOTAT;130785512;1;1;0;1;1;1;0;0;0;0;1;1;1;1;0;0;0;0;1;323165;27760;;;;;;;;;;;;;;;;;;1.3;0.4;0.8;10.7;2;;;;;;;1;1;1;
BIO;2023;130002827;CH JOSEPH IMBERT D'ARLES;130789274;1;1;0;1;1;0;0;0;0;0;1;1;1;1;0;0;0;0;1;69016;163;;;;;;;;;;;;;;;;;;2.65;;0.08;19.72;3.91;;;;;;;;;;
BIO;2023;130002835;CH DE MARTIGUES HOPITAL DES RAYETTES;130789316;1;1;0;1;1;0;0;1;0;1;1;1;1;1;0;0;0;0;1;;;;0;;0;;;;;;;;;;;;;;7.2;;0.91;21.45;11.45;;;;;0;;1;1;;0
BIO;2023;130780521;APHM HOPITAL NORD;130786049;1;0;0;1;1;0;0;0;0;0;0;0;0;0;0;1;0;0;1;2452725;7259;1407;9148;1545;13294;155;284;761;6;;;;;;;;;;2.02;6.65;1.3;48.37;7.99;3.96;1;10.55;6.17;0;0;;0;0;
BIO;2023;130783236;APHM HOPITAL DE LA CONCEPTION;130786049;1;0;0;1;1;0;1;1;0;0;0;0;0;0;0;1;1;1;1;137327;81;3;;;;;;;;;;;;;;;;;14.48;0.52;1.28;13.11;12.71;;;;;0;0;;1;1;
BIO;2023;130783293;APHM HOPITAL LA TIMONE;130786049;1;1;1;1;1;0;1;1;0;1;1;1;1;1;1;1;0;0;1;6768699;309521;169798;14309;0;36541;0;746;6808;;;;;;;;;;;43.7;13.23;9.75;316.55;76.91;8.24;0.92;23.62;10.15;0;0;;1;1;
BIO;2023;130783665;CLINIQUE DE BONNEVEINE;130043722;1;0;0;0;1;0;0;0;0;0;1;1;1;1;0;0;0;0;1;31349;96958;;;;;;;;;;;;;;;;;;2;;;4;1.3;;;;;0;0;0;0;0;0
BIO;2023;130785652;HOPITAL SAINT JOSEPH;130014228;1;1;0;1;1;0;1;1;0;0;1;1;1;0;1;1;1;1;1;2664526;300518;300518;;;;;;;;;;;;;;;;;0.25;;1.5;43.38;11.26;;;;;0;;0;0;;0
BIO;2023;130786742;HIA LAVERAN;750821092;1;0;0;1;1;1;0;1;0;0;1;0;1;0;0;0;0;0;1;632890;71670;;;;;;;;;;;;;;;;;;2;3.16;1;24.52;4.17;;;;;0;0;1;1;1;0
BIO;2023;140000027;CENTRE HOSPITALIER DE LISIEUX;140000035;1;1;0;1;1;1;1;1;0;0;1;1;1;1;0;0;1;0;1;889858;148018;30625;;;;;;;;;;;;;;;;;0;5;0.87;26.53;6.5;;;;;0;0;1;0;1;1
BIO;2023;140000209;CHU COTE DE NACRE - CAEN;140000100;1;1;0;1;1;0;1;1;1;0;1;1;1;0;0;0;1;1;1;6034845;507275;244303;18661;523;18075;26;0;1559;0;;;;;;;;;;37.73;14.21;7.36;76.05;51.32;9.36;0.95;13.17;6.25;0;0;0;1;1;1
BIO;2023;140000233;CENTRE HOSPITALIER DE FALAISE;140000118;1;;0;1;1;1;0;0;0;0;1;1;1;1;0;0;0;0;1;211917;48956;44;;;;;;;;;;;;;;;;;;2;0.85;10.81;3.78;;;;;;;1;;1;
BIO;2023;140000555;CRLCC FRANCOIS BACLESSE - CAEN;140000639;1;0;0;1;1;0;0;1;0;0;0;0;0;0;1;1;0;0;1;347786;6170;0;7030;26;11694;1;286;796;0;0;0;0;0;0;0;0;0;0;0.97;4.77;2;14.2;5.19;5.48;0.75;11.26;2.87;0;0;0;0;0;0
BIO;2023;140024886;CENTRE HOSPITALIER - AUNAY-BAYEUX;140000092;1;0;0;1;1;1;0;0;0;0;1;1;1;1;0;0;0;0;1;355055;136096;0;;;;;;;;;;;;;;;;;;3.98;1.33;18.19;6.29;;;;;;0;1;;1;0
BIO;2023;150000040;CH HENRI MONDOR;150780096;1;1;0;1;1;1;0;0;0;0;1;1;1;1;0;0;0;0;1;1309120;271860;514;;;;;;;;;;;;;;;;;2;2.6;0.3;18.49;11.34;;;;;;;;1;1;
BIO;2023;160000253;CENTRE HOSPITALIER D'ANGOULEME;160000451;1;1;0;1;1;1;0;1;0;0;1;1;1;1;0;0;0;0;1;1085878;290482;226487;5106;1384;6761;13;130;1079;178;;;;;;;;;;4.6;1.7;0.33;35.13;10.13;2.99;;3.25;1.5;1;;;;;
BIO;2023;170000087;HOPITAL SAINT-LOUIS - LA ROCHELLE;170024194;1;1;0;1;1;0;1;1;0;0;1;1;1;1;0;0;0;0;1;1581130;79426;51885;6664;772;12505;17;403;7224;215;;;;;;;;;;2.7;6.75;;45.71;10.62;4.6;;7.06;3.38;0;0;;1;1;
BIO;2023;170000095;CENTRE HOSPITALIER ST-JEAN D'ANGELY;170780167;1;1;0;1;1;1;1;1;0;0;1;1;1;1;0;0;0;0;1;691389;3312;0;;;;;;;;2;7;2;47;18;;;;;2;6.84;2;47.26;17.91;;;;;0;0;0;1;1;1
BIO;2023;170000152;CENTRE HOSPITALIER ROCHEFORT;170780225;1;1;0;1;1;1;0;0;0;0;1;1;0;1;0;0;0;0;1;83226;20490;620;0;;0;;;0;;;;;;;;;;;0.2;1.95;0.6;14.75;4.3;;;;;0;0;;1;1;
BIO;2023;180000010;CH BOURGES - JACQUES COEUR;180000028;1;1;0;1;1;0;0;1;0;0;1;1;1;1;0;0;0;0;1;1399000;107560;84990;4075;1364;4324;6;114;;;;;;;;;;;;1;3.8;1;26.51;6.7;2;;2.89;1;0;0;1;1;1;0
BIO;2023;190000018;CENTRE HOSPITALIER DUBOIS BRIVE;190000042;1;0;0;1;1;1;0;1;0;0;1;1;1;1;0;0;0;0;1;1205088;40458;1031;;;;;;;;;;;;;;;;;4.36;;0.5;25.07;12.05;;;;;0;;;1;;
BIO;2023;190000026;CENTRE HOSPITALIER COEUR DE CORREZE;190000059;1;1;0;1;1;1;1;1;0;0;1;1;1;1;0;0;0;0;1;607540;91399;24946;0;0;3143;;58;0;0;;;;;;;;;;2.27;;1;15.6;6.42;0.7;;2.58;1;;0;;;1;
BIO;2023;210987558;HOPITAL LE BOCAGE CHRU DIJON;210780581;1;1;1;1;1;0;1;1;0;1;1;1;1;1;1;1;1;1;1;4020890;138223;;7939;383;27836;27;445;1611;3;0;0;0;0;0;0;0;0;0;13;38.09;4.72;190.18;71.75;8.49;0.5;18.54;5;1;1;1;1;1;0
BIO;2023;210987657;HOSPICES CIVILS DE BEAUNE;210012175;1;1;0;1;1;1;0;0;0;0;1;1;1;1;0;0;0;0;1;345301;25382;0;0;;0;;;;;;;;;;;;;;2.97;;;16.25;6.78;;;;;1;;0;1;;0
BIO;2023;210987699;CENTRE HOSPITALIER ROBERT MORLEVAT;210780706;1;1;0;1;1;1;0;0;0;0;1;1;1;1;0;0;0;0;1;330776;186298;144957;;;;;;;;;;;;;;;;;4.4;0;0.84;14.86;7.85;;;;;0;;;1;;
BIO;2023;210987731;CLCC GEORGES-FRANCOIS LECLERC;210780417;1;0;0;1;1;1;0;0;0;0;0;0;1;0;1;1;0;0;1;373326;7143;722;3722;110;10005;0;934;6782;3893;0;0;0;0;0;0;0;0;0;3;;1;2.8;1;4.4;1;7.3;6.5;;;;;;
BIO;2023;220000012;CENTRE HOSPITALIER YVES LE FOLL;220000020;1;0;0;1;1;0;0;1;0;0;1;1;1;1;0;0;0;0;1;1562624;46772;15243;;;;;;;;;;;;;;;;;;6.1;2.3;57.62;26.38;;;;;;0;1;;1;0
BIO;2023;220000343;CENTRE HOSPITALIER GUINGAMP;220000079;1;1;0;1;1;1;0;0;0;0;1;;;;0;0;0;0;1;380012;23535;8121;0;;0;;;;;;;;;;;;;;;3;;14.51;4.47;;;;;0;0;1;1;1;0
BIO;2023;220000368;CENTRE HOSPITALIER LANNION;220000103;1;0;0;1;1;1;0;0;0;0;1;1;1;1;0;0;0;0;1;363777;99943;67520;;;;;;;;;;;;;;;;;2.6;0.7;1.08;16.73;4.56;;;;;0;0;1;1;1;0
BIO;2023;220000541;CENTRE HOSPITALIER PAIMPOL;220000152;1;0;0;1;1;1;0;0;0;0;1;1;1;0;0;0;0;0;1;172161;121252;70109;;;;;;;;;;;;;;;;;1.5;;;14.28;3.72;;;;;0;0;1;1;1;0
BIO;2023;230000820;CENTRE HOSPITALIER GUERET;230780041;1;1;0;1;1;0;0;1;0;0;1;1;1;1;0;0;0;0;1;495676;290642;214935;2182;950;3134;6;55;1437;0;;;;;;;;;;4.97;;0.52;23.71;2.99;1.53;0.05;2;2;;;;;;
BIO;2023;240000190;POLYCLINIQUE FRANCHEVILLE;240000596;1;1;0;1;1;1;1;1;0;0;1;1;1;1;0;0;1;1;1;199332;;;;;;;;;;2;;;;;2;;;;;;;;;;;;;;;;;;
BIO;2023;240000372;C.H DE BERGERAC;240000059;1;1;0;1;1;1;0;0;0;0;1;0;1;0;0;0;0;0;1;355905;156696;;;;;;;;;;;;;;;;;;0.56;1.67;0.08;14.71;1.02;;;;;0;;;1;;
BIO;2023;240000489;CENTRE HOSPITALIER DE PERIGUEUX;240000117;1;1;0;1;1;0;1;1;0;0;1;1;1;1;0;0;0;0;1;1674232;60779;39683;5300;1087;8346;8;100;2133;545;0;0;0;0;0;0;0;0;0;3.5;1.33;0.78;28.78;12.77;3;0.25;4.66;2.93;0;0;1;1;1;0
BIO;2023;250000700;CHI HC SITE RIVES DU DOUBS PONTARLIER;250000452;1;1;0;1;1;1;0;0;0;0;1;1;1;1;1;0;0;0;0;;;;;;;;;;;;;;;;;;;;1.03;;;10.33;3.1;;;;1.25;0;0;0;0;0;0
BIO;2023;250006954;CHU JEAN MINJOZ BESANCON;250000015;1;1;0;1;1;0;1;1;0;0;1;1;1;1;1;1;1;1;1;3546741;89369;50619;21469;1239;42580;31;277;1201;3;0;0;;;;0;;;;42.65;9.57;5.13;139.82;44.47;4.57;1.49;21.26;7.48;0;0;1;1;1;1
BIO;2023;260000013;CH DE VALENCE;260000021;1;1;0;1;1;0;0;1;0;0;1;1;1;1;0;0;0;0;1;1201018;96730;;6845;463;12466;129;68;21099;723;;;;;;;;;;7.84;;1.8;39.24;11.42;6.7;0.8;13.37;5.02;0;0;1;1;1;0
BIO;2023;260000120;HOPITAUX DROME NORD - ROMANS-SUR-ISERE;260016910;1;0;0;1;1;1;0;1;0;0;1;1;1;0;0;0;0;0;1;1278457;57513;44754;;;;;;;;;;;;;;;;;4.8;;0.8;18;7;;;;;0;;;1;;
BIO;2023;260000138;CH PORTES PROVENCE MONTELIMAR;260000047;1;1;0;1;1;1;0;1;0;0;1;1;1;1;0;0;0;0;1;848072;4740;76;0;;0;;;;;0;0;0;0;0;0;0;0;0;6.33;0;0;25.88;8.6;0;0;0;0;0;0;1;1;0;0
BIO;2023;270000359;CH EVREUX CH EURE-SEINE;270023724;1;1;0;1;1;1;0;1;0;0;1;1;1;1;0;0;1;1;1;706860;133041;94300;5093;715;8269;9;;2921;1;;;;;;;;;;1;3;0.72;27.87;15.83;1;0.33;3.13;2.66;0;0;;1;1;
BIO;2023;270000367;CH GISORS;270000086;1;0;0;1;1;1;0;0;0;0;1;1;1;1;0;0;0;0;1;201290;5582;;0;;0;;;;;0;0;0;0;0;0;0;0;0;1.96;0;0;10.47;2.17;0;0;0;0;0;;1;1;;0
BIO;2023;270000458;CH VERNON CH EURE-SEINE;270023724;1;1;0;1;1;1;0;1;0;0;1;1;1;1;0;0;0;0;1;250813;48959;19015;;;;;;;;;;;;;;;;;;2;1;10.23;7.38;;;;;;0;;;1;
BIO;2023;270000912;HOPITAL LA MUSSE ST SEBASTIEN/MORSENT;750814030;1;0;0;1;1;0;0;0;0;0;1;0;0;0;0;0;0;0;1;345019;9925;0;;;;;;;;0;0;0;0;0;;;;;0;1.2;0;4;0;;;;;0;0;0;0;0;0
BIO;2023;280000084;CH DREUX;280000183;1;1;0;1;1;1;1;;;;1;1;1;1;;;1;1;;1303103;475994;83109;0;;0;;;;;;;;;;;;;;3.51;2;1;27.55;11.65;0;0;0;0;;1;;1;;
BIO;2023;280504267;CH CHARTRES LOUIS PASTEUR-LE COUDRAY;280000134;1;1;;1;1;0;0;1;0;0;1;1;1;1;0;0;1;1;1;1209538;495132;481627;853;0;7950;0;32;827;0;;;;;;;;;;6.98;0;1.2;35.02;6.25;2;0.1;5.64;2.2;0;0;0;1;1;0
BIO;2023;290000025;CHIC QUIMPER;290020700;1;1;0;1;1;0;0;1;0;0;1;1;1;1;1;1;1;1;1;1654866;843662;687801;;;;;;;;;;;;;;;;;4.5;1.8;2;44.75;13.51;;;;;0;0;1;1;1;
BIO;2023;290000033;C.H. DES PAYS DE MORLAIX;290021542;1;0;0;1;1;1;0;0;0;0;1;1;1;1;0;0;0;;0;890337;98115;98115;;;;;;;;;;;;;;;;;4.74;;1;32.46;5.43;;;;;0;0;;1;0;
BIO;2023;290000173;CH FERDINAND GRALL LANDERNEAU;290000041;1;0;0;1;1;1;0;0;0;0;0;0;0;0;0;0;0;0;0;213600;609;0;0;;0;;;;;;;;;;;;;;1.06;;0.41;8.86;0.4;;;;;0;;1;1;;
BIO;2023;290000181;CENTRE HOSPITALIER DOUARNENEZ;290000074;0;0;0;0;0;0;0;0;0;0;0;0;0;0;0;0;0;0;1;106760;;;;;;;;;;;;;;;;;;;;0.2;;5;0.45;;;;;0;0;0;0;1;1
BIO;2023;290000728;HOPITAL INSTRUCTION DES ARMEES;750821092;1;1;0;1;1;1;0;0;0;0;1;1;1;1;0;0;0;0;0;386055;55143;499;;;;;;;;;;;;;;;;;1;2;1;20;2;0;0;0;0;0;0;1;1;1;0
BIO;2023;290000785;ETABLISSEMENT DE SOINS HOTEL DIEU;220020739;1;0;0;1;1;0;0;0;0;0;0;0;0;0;0;0;0;0;1;442470;0;0;;;;;;;;;;;;;;;;;1.1;;0.33;6.33;6.35;;;;;;;1;1;;0
BIO;2023;290000934;GHBS - HOPITAL LA VILLENEUVE;560005746;1;0;0;1;1;0;0;0;0;0;0;0;0;0;0;0;0;0;1;290947;10676;10663;;;;;;;;;;;;;;;;;;0.4;;6.29;4.17;;;;;0;0;0;1;1;0
BIO;2023;290004324;CHRU BREST SITE HOPITAL CAVALE BLANCHE;290000017;1;1;0;1;1;0;1;1;1;0;1;1;1;1;1;1;1;1;0;3741163;167009;;12540;467;25016;2;474;9651;10;;;;;;;;;;9.27;13.32;6.58;89.82;19.27;;;;;0;0;;1;1;
BIO;2023;2A0004842;CH ND LA MISERICORDE;2A0000014;1;1;0;1;1;1;0;0;0;0;1;1;1;1;0;0;0;0;1;910632;107006;57626;1082;0;4426;0;19;11;0;;;;;;;;;;2;;0.5;29.51;7.77;2.74;0.08;4.64;3;0;0;0;1;1;0
BIO;2023;2B0000012;CENTRE HOSPITALIER DE BASTIA;2B0000020;1;1;0;1;1;1;0;1;0;0;1;1;1;0;0;0;0;0;0;1102761;48039;2356;;;;;;;;;;;;;;;;;3;;0.8;24.44;4;;;;;0;0;1;1;1;0
BIO;2023;300000023;CH ALES CEVENNES;300780046;1;0;0;1;1;0;0;0;0;0;1;1;1;1;0;0;0;0;1;1078985;157260;85337;;;;;;;;0;0;0;0;0;0;0;0;0;4.16;0;1.1;25.75;6.58;0;0;0;0;0;0;1;1;1;0
BIO;2023;300000031;CH LOUIS PASTEUR BAGNOLS SUR CEZE;300780053;1;1;0;1;1;1;0;0;0;0;1;1;1;1;0;0;0;0;1;651431;276187;41460;;;;;;;;;;;;;;;;;;2;;16.27;3.4;;;;;0;0;1;1;1;0
BIO;2023;300782117;CHU NIMES CAREMEAU;300780038;1;1;0;1;1;0;1;1;0;0;1;1;1;1;1;1;1;1;1;4657930;40000;;9153;433;26730;15;355;41;;;;;;;;;;;28.5;;4;85.9;36.95;4.68;;31.92;20.56;0;0;;1;0;
BIO;2023;310000310;CH COMMINGES PYRENEES SITE ST PLANCARD;310780671;1;1;0;1;1;1;0;0;0;0;1;1;1;0;0;0;0;0;1;60959;6903;;;;;;;;;;;;;;;;;;2.88;0.12;;17.4;3.09;;;;;;;;;;
BIO;2023;310016977;HOPITAUX MERE & ENFANTS CHU TOULOUSE;310781406;0;0;0;0;0;0;0;1;0;0;0;0;0;0;0;0;1;1;;15040;;;;;;;;;;;;;;;;;;;2.4;0.58;;14.35;19.85;;0;0;0;0;0;;;;
BIO;2023;310025333;ONCOPOLE CHU TOULOUSE;310781406;0;0;0;1;1;0;0;0;0;0;0;0;0;0;0;0;0;0;1;93513;78462;;10872;1525;47446;107;1020;39578;531;;;;;;;;;;;;;30.29;12.33;;;23.29;18.43;1;1;1;1;;1
BIO;2023;310782347;ONCOPOLE CLAUDIUS REGAUD TOULOUSE;310789136;1;1;0;0;0;0;0;0;0;0;0;0;0;0;1;1;0;0;0;521818;404375;404375;;;;;;;;;;;;;;;;;6.09;1.4;4.14;25.47;6.7;;;;;;;;;;
BIO;2023;310783048;HOPITAL PURPAN CHU TOULOUSE;310781406;1;1;0;1;1;0;1;1;1;0;1;1;1;1;1;1;0;0;1;3518541;548202;;;;;;;;;;;;;;;;;;33.59;8.2;2.63;197.94;28.99;;;29.25;;1;1;;1;1;
BIO;2023;310783055;HOPITAL DE RANGUEIL CHU TOULOUSE;310781406;1;1;0;1;1;0;0;0;0;0;0;0;0;0;0;0;0;0;1;2516832;7179;;;;;;;;;;;;;;;;;;;;;56.54;9.3;;;;;;;;;;
BIO;2023;320000086;CH AUCH EN GASCOGNE;320780117;1;1;0;1;1;1;0;1;0;0;1;1;1;1;0;0;0;0;1;932990;59718;29499;0;0;0;0;0;0;0;0;0;0;0;0;0;0;0;0;4;0;1;22.77;6.96;0;0;0;0;0;0;0;1;1;1
BIO;2023;330000555;CENTRE HOSPITALIER D'ARCACHON;330781204;1;1;0;1;1;1;0;0;0;0;1;1;1;1;0;0;0;0;1;711883;29886;29710;;;;;;;;;;;;;;;;;3.67;4.52;;14.97;1.99;;;;;0;0;;1;1;
BIO;2023;330000589;CH SUD GIRONDE - SITE LANGON;330027509;1;1;0;1;1;1;0;0;0;0;1;1;1;1;0;0;0;0;1;413239;81536;62795;;;;;;;;;;;;;;;;;2.73;;1;14.5;2.16;;;;;0;0;;1;1;
BIO;2023;330000605;CTRE HOSPIT.R.BOULIN-LIBOURNE;330781253;1;1;0;1;1;1;1;1;0;0;1;1;1;1;0;0;0;0;1;1502717;64723;0;3722;353;8684;75;74;2764;173;0;0;;;;;;;;1.8;6.6;1;34.82;14.45;;0;5.37;3.79;0;0;1;1;1;0
BIO;2023;330000662;INSTITUT BERGONIE;330781329;1;0;0;1;1;1;0;1;1;0;0;0;1;1;1;1;0;0;1;389352;23056;321;;;;;;;;;;;;;;;;;2.9;0.5;;11.19;1;14.94;4.54;23.71;4.28;0;0;0;0;0;0
BIO;2023;330781303;HIA ROBERT PICQUE;750821092;1;1;0;1;1;1;0;0;0;0;1;1;1;1;0;0;0;0;1;348039;318029;117108;0;0;0;0;0;0;0;;;;;;;;;;3.15;0;1;12.25;4.1;;;;;0;0;0;0;1;0
BIO;2023;330781352;HOPITAL SAINT-ANDRE - CHU;330781196;1;0;0;1;1;0;0;0;0;0;0;0;1;0;0;0;0;0;0;613543;86775;691;;;;;;;;;;;;;;;;;0.55;;;;;0.2;0;0;0;;;;;;
BIO;2023;330781360;GROUPE HOSPITALIER PELLEGRIN - CHU;330781196;1;1;0;1;1;1;1;1;1;1;1;1;1;1;1;0;1;1;1;5644423;1313669;254459;2206;;22616;;294;3523;;;;;;;;;;;37.3;2.08;3.94;241.07;102.74;10.87;0.1;21.56;7.4;0;0;0;1;1;0
BIO;2023;330783648;HOPITAL HAUT-LEVEQUE - CHU;330781196;1;0;0;1;1;1;0;0;0;0;1;0;1;0;0;1;0;0;0;2099302;178303;44292;10918;1484;22199;21;311;10874;22;;;;;;;;;;10.22;;2.05;59.69;12.29;10.95;;16.27;5.99;;;;;;
BIO;2023;340000033;CH BEZIERS;340780055;1;0;0;1;1;0;0;0;1;0;1;1;1;1;0;0;0;0;1;1028989;33500;374;3403;488;8230;26;49;1359;511;;;;;;;;;;2.96;0.8;0.54;30.22;5.64;3.26;1.15;4.79;4.05;;;;;;
BIO;2023;340000207;ICM MONTPELLIER;340780493;;;;;;;;;;;;;;;;;;;;;;;4360;;12207;;438;511;;;;;;;;;;;;;;;;6.57;1.05;16.95;2.48;;;;;;
BIO;2023;340000223;HOPITAL ST CLAIR HBT SETE;340011295;1;1;;1;1;0;0;0;0;0;1;1;1;1;0;0;1;0;1;1128863;311534;0;3421;1078;4351;2;20;;;0;0;0;0;0;0;0;0;0;1;2.8;0.8;17.45;4.39;0.76;0;1.35;0;;;;1;1;
BIO;2023;340015502;CL DU MILLENAIRE MONTPELLIER;340000512;1;1;0;1;1;1;1;1;1;1;1;1;1;1;1;1;1;1;1;1091527;311223;63937;;;;;;;;3;0;;;;;;;;;;1;9;21;;;;;0;0;0;1;0;1
BIO;2023;340022979;POLYCL ST ROCH MONTPELLIER;340000306;1;1;1;1;1;1;1;1;0;0;1;1;1;1;1;0;1;1;1;151930;158731;0;0;0;0;0;0;0;0;3;1;0;0;0;0;0;0;0;;;1;11;15;0;0;0;0;0;0;1;1;1;0
BIO;2023;340780675;CL CLEMENTVILLE MONTPELLIER;340000298;1;1;0;1;1;1;1;1;0;0;1;1;1;1;1;1;0;0;1;3500802;2585051;;;;;;;;;;;;;;;;;;;0.5;0.5;3;5.5;;;;;;;1;;1;
BIO;2023;340782036;HOPITAL ST ELOI CHU MONTPELLIER;340780477;1;;;1;1;1;1;1;1;;;1;;1;;;;;;1501797;91908;;;;;;;;;;;;;;;;;;17.3;0.9;2.45;77.79;12.81;;;;;0;0;;1;1;
BIO;2023;340782085;HOPITAL GUI DE CHAULIAC CHU MTP;340780477;;;;;;;;;;;;;;;;;;;;;;;13773;786;33604;24;728;6567;202;;;;;;;;;;;;;;;8.6;0.4;16.78;2.29;;;;;;
BIO;2023;340785161;HOPITAL LAPEYRONIE CHU MONTPELLIER;340780477;1;1;;;;;;;;;;;;1;;;;;0;4038347;261779;;;;;;;;;;;;;;;;;;8.05;2.1;2.11;59.55;11.57;;;;;0;0;;1;1;
BIO;2023;340796663;HOPITAL ARNAUD DE VILLENEUVE CHU MPT;340780477;;;;;;;;;;;1;;1;;1;1;1;1;0;271003;22256;;;;;;;;;;;;;;;;;;21.04;1.75;2.71;80.68;27.88;;;;;0;0;;1;1;
BIO;2023;350000147;CENTRE HOSPITALIER SAINT-MALO;350000022;1;1;0;1;1;1;1;1;0;0;1;1;1;1;0;0;0;0;1;1256268;71382;33273;;;;;;;;;;;;;;;;;5.59;4.99;0.2;45.85;9.12;;;;;0;0;;1;1;
BIO;2023;350000154;C.H FOUGERES;350000030;1;1;0;1;1;1;0;0;0;0;1;1;1;1;0;0;0;0;1;280956;13648;1313;0;;0;;;;;;;;;;;;;;2.25;;0.7;14.36;5.44;;;;;0;0;1;0;0;0
BIO;2023;350000337;C.H. GUILLAUME REGNIER RENNES;350000246;1;1;0;1;1;0;0;0;0;0;1;0;1;0;0;0;0;0;0;217552;0;0;0;;0;;;;;;;;;;;;;;;2.2;;5.02;1.5;;;;;;0;0;;0;0
BIO;2023;350000741;CHRU RENNES SITE PONTCHAILLOU;350005179;1;1;0;1;1;1;1;1;1;0;1;1;1;1;1;1;0;0;1;4785420;356184;;14564;1049;20633;253;214;14830;2978;;;;;;;;;;36.1;20.71;6.79;197.88;73.9;8.07;1;21.55;8.84;0;0;1;1;1;1
BIO;2023;350002812;C.R.L.C.C. EUGENE MARQUIS;350023503;1;0;0;1;1;0;0;0;0;0;0;0;1;0;0;1;0;0;1;160353;62218;111;;;;;;;;;;;;;;;;;1.07;1.57;;1;6.2;0.2;;;;;;;;;
BIO;2023;350007084;CHRU RENNES SITE HOPITAL SUD;350005179;1;0;0;1;1;0;0;0;0;0;1;0;0;0;0;0;1;1;1;441904;7125;2528;0;0;0;0;0;0;0;;;;;;;;;;5.83;0.83;1;15.09;8.24;;;;;1;0;1;0;0;0
BIO;2023;370000861;CHRU BRETONNEAU - TOURS;370000481;1;1;0;1;1;0;1;1;0;0;1;1;1;1;1;1;1;1;1;2185446;394860;389715;7523;875;13816;3;505;3644;0;;;;;;;;;;20.89;7.32;1;101.81;71.6;4.79;0;22.81;10.37;0;0;1;1;1;0
BIO;2023;370004467;CHRU TROUSSEAU - CHAMBRAY;370000481;1;1;0;1;1;0;0;0;0;0;1;0;1;0;0;1;0;0;1;1934434;204858;204858;13061;0;12187;0;352;2581;0;;;;;;;;;;7.44;0.6;0.96;44.72;17.62;7.12;1;10.35;3.6;0;0;1;1;1;0
BIO;2023;380000034;CH PIERRE OUDOT BOURGOIN JALLIEU;380780049;1;1;0;1;1;1;0;0;0;0;1;1;1;1;0;0;0;0;1;1370661;472902;173873;;;;;;;;;;;;;;;;;5.26;0.32;;30.38;6.14;;;;;0;;;1;;
BIO;2023;380000067;HOPITAL NORD - CHU38;380780080;1;1;1;1;1;1;1;1;0;1;1;1;1;1;1;1;1;1;;5022613;263610;0;12468;;27969;;;1273;;;;;;;1;;;;17.69;22.96;6.8;223.9;105;8.82;1.2;24.2;7.7;0;0;0;1;1;0
BIO;2023;380000174;CH LUCIEN HUSSEL DE VIENNE;380781435;1;0;0;1;1;1;0;1;0;0;1;1;1;1;0;0;0;0;1;666392;53297;46704;0;;0;;;;;;;;;;;;;;0.8;2.6;0.33;25.2;2.98;;;;;0;0;1;1;1;0
BIO;2023;380000406;HOPITAL DE VOIRON - CHU38;380780080;1;1;0;1;1;1;0;0;0;0;1;1;1;1;0;0;0;0;1;538761;0;;;;;;;;;;;;;;;;;;3.03;0.97;;;;;;;;0;0;;1;1;
BIO;2023;380012658;GROUPE HOSPIT. MUTUALISTE DE GRENOBLE;380012609;1;0;0;1;1;1;0;0;0;0;1;1;1;0;0;0;0;0;1;541355;216415;76151;;;;;;;;0;0;;;;;;;;0.8;4.3;1;19.6;7.8;;;;;0;0;1;1;1;0
BIO;2023;380786442;CLINIQUE BELLEDONNE;380798025;1;1;0;1;1;1;1;1;;;1;1;1;1;0;0;1;1;1;189581;401560;;;;;;;;;3;2;;;;;;;;;;1;13;14.4;;;;;1;1;1;1;1;0
BIO;2023;390000040;CH LONS;390780146;1;0;0;1;1;1;0;0;0;0;1;1;1;1;0;0;0;0;1;632470;68692;9517;;;;;;;;;;;;;;;;;;3.4;;;;;;;;;;;;;
BIO;2023;390000065;CH LOUIS JAILLON SAINT CLAUDE;390780161;1;0;0;1;1;0;0;0;0;0;0;0;0;0;0;0;0;0;1;171348;18511;0;;;;;;;;;;;;;;;;;;;;;;;;;;0;0;0;1;1;1
BIO;2023;390000222;CH LOUIS PASTEUR DOLE;390780609;1;1;0;1;1;1;1;1;0;0;1;1;1;1;0;0;0;0;1;708404;77531;36027;;;;;;;;;;;;;;;;;;3.72;;18.23;6.08;;;;;;0;1;;1;0
BIO;2023;400000105;CENTRE HOSPITALIER DAX;400780193;1;1;0;1;1;0;0;1;0;0;1;1;1;1;0;0;0;0;1;934358;34858;14385;4259;559;10026;1;227;6568;80;;;;;;;;;;4.79;;1;25.58;10.12;2.3;;6.23;1.3;0;0;0;1;0;0
BIO;2023;400000139;CHI MONT DE MARSAN ET PAYS DES SOURCES;400011177;1;1;0;1;1;0;0;0;0;0;1;1;1;1;0;0;0;0;1;733434;64990;24096;4479;1140;10167;244;1204;1470;0;0;;;;;0;;;;4.09;;0;23.78;11.31;0.59;;1.8;1.62;0;0;;1;0;
BIO;2023;410000020;CH BLOIS SIMONE VEIL;410000087;1;0;0;1;1;0;0;1;0;0;1;1;1;1;0;0;0;0;1;1182293;125084;326;5224;508;9016;15;95;8522;2587;0;0;0;0;0;0;0;0;0;2.55;1.6;0.45;25.6;7.68;3.4;0.11;4.6;5;0;0;1;1;1;1
BIO;2023;420000010;CH DE ROANNE;420780033;1;1;0;1;1;0;0;1;0;0;1;1;1;1;0;0;0;0;1;803049;274829;33942;5716;506;5785;5;419;1470;400;;0;;;;;;;;3.68;1.51;0.9;32.46;9.49;2.7;0.1;4.81;2.49;0;0;0;1;1;0
BIO;2023;420000226;CH DU FOREZ SITE DE MONTBRISON;420013831;1;0;0;1;1;1;0;0;0;0;1;0;1;0;0;0;0;0;1;627537;60391;2837;;;;;;;;0;0;0;0;0;0;0;0;0;2.58;0;0.88;12.21;7.78;0;0;0;0;0;0;0;1;0;1
BIO;2023;420000234;CH DE FIRMINY;420780652;1;1;0;1;1;1;0;0;0;0;1;1;1;1;0;0;0;0;1;561886;67261;54412;;;;;;;;;;;;;;;;;2.6;;1;20.13;5.28;;;;;;;1;1;;
BIO;2023;420011413;HOPITAL PRIVE DE LA LOIRE;420011405;1;0;0;1;1;1;0;0;0;0;1;1;1;1;0;0;1;0;0;425600;244400;53500;;;;;;;;0;2;;;;;;;;;;1;13;6;;;;;1;1;1;1;1;0
BIO;2023;420785354;HOPITAL NORD - CHU42;420784878;1;1;0;1;1;1;1;1;;1;1;1;1;1;1;1;1;1;1;3140609;787288;;11956;4;24581;0;501;2778;1;;;3;172;54;;0;22;8;24.46;8.02;2.8;150.38;45.37;8.92;0;18.19;7.21;0;0;0;1;1;1
BIO;2023;430000117;CH EMILE ROUX LE PUY;430000018;1;0;0;1;1;0;0;1;0;0;1;1;1;0;0;0;0;0;1;1235525;238094;55350;0;;0;;;;;0;0;0;0;0;0;0;0;0;4.4;0;1;38.5;8.83;0;0;0;0;0;;1;1;;0
BIO;2023;440000016;CH DE SAINT NAZAIRE;440000057;1;0;0;1;1;0;0;1;0;0;1;1;1;1;0;0;1;1;1;1386581;456925;279064;5499;449;8460;0;120;16596;0;;;;;;;;;;3;4.43;1.99;48.59;16.9;2.83;0.3;5.59;4.93;0;0;;1;1;
BIO;2023;440000271;CHU DE NANTES SITE HOTEL DIEU HME;440000289;1;1;0;1;1;1;1;1;1;0;1;1;1;1;1;1;1;1;1;5583327;163057;130505;8261;156;31276;18;165;2205;;;;;;;;;;;9.35;28.33;3.27;155.84;59.2;10.19;0;20.7;6.22;0;0;;1;1;
BIO;2023;440001113;ICO - SITE GAUDUCHEAU;490017258;1;1;0;1;1;0;0;1;0;0;0;0;0;0;0;1;0;0;;218544;35;0;3089;54;8800;1;314;2143;;;;;;;;;;;1.5;2.22;0.99;10.56;0.64;2.8;;4.99;2.56;0;0;0;0;0;0
BIO;2023;440017598;CHU DE NANTES SITE LAENNEC;440000289;1;0;0;1;1;0;0;0;0;0;1;0;0;0;0;0;0;0;0;1518855;23659;23559;0;;0;;;0;;;;;;;;;;;0.22;2.11;1.02;21.01;24.27;;0;0;0;0;0;;1;1;
BIO;2023;450000047;CH DEZARNAULDS - GIEN;450000096;1;1;0;1;1;1;0;0;0;0;1;1;1;1;0;0;0;0;1;179998;8294;0;;;;;;;;;;;;;;;;;0.78;;;4;1;;;;;;;;;;
BIO;2023;450000062;CH AGGLOMERATION MONTARGOISE;450000104;1;0;0;1;1;1;0;0;0;0;1;1;1;1;0;1;0;0;0;628069;13117;10066;;;;;;;;;;;;;;;;;;4.3;;20.85;6.02;;;;;;0;1;;1;0
BIO;2023;450000070;CH PITHIVIERS;450000112;1;1;0;1;1;0;0;0;0;0;0;0;0;0;0;0;0;0;1;145568;16758;8614;;;;;;;;;;;;;;;;;;;;;;;;;;;0;0;;1;0
BIO;2023;450002613;CHR ORLÉANS - HÔPITAL DE LA SOURCE;450000088;1;1;0;1;1;0;1;1;1;0;1;1;1;1;1;1;1;1;1;2899101;245065;233729;10449;549;17493;3;235;12579;1182;;;;;;;;;;7.2;7.2;50.75;73.73;1.2;7.4;0.83;12.14;3.41;0;0;0;1;1;1
BIO;2023;460000102;CH JEAN COULON GOURDON;460780208;1;1;0;1;1;0;0;0;0;0;0;0;0;0;0;0;0;0;0;2088986;;;;;;;;0;;;;;;;;;;;0.2;;0.1;5;;;;;;0;0;0;0;0;1
BIO;2023;460000110;CH JEAN ROUGIER CAHORS;460780216;1;1;0;1;1;0;0;1;0;0;1;1;1;1;0;0;1;0;1;574988;132112;67263;;;;;;;;0;0;0;0;0;0;0;0;0;0;3.61;0.66;26.15;8.09;0;0;0;0;0;0;1;0;1;0
BIO;2023;470000423;CH AGEN NERAC - HOPITAL SAINT-ESPRIT;470016171;1;1;0;1;1;0;0;1;0;0;1;1;1;1;0;0;0;;1;1127420;86388;28216;;;;;;;;;;;;;;;;;3;3;1;24.93;;;;;;0;0;1;1;1;0
BIO;2023;470000431;CH VILLENEUVE -POLE SANTE VILLENEUVOIS;470000324;1;1;0;1;1;0;0;0;0;0;0;0;0;1;0;0;0;0;1;464924;71844;14879;;;;;;;;;;;;;;;;;1;3.51;0.75;17.08;2.43;;;;;;;;;;
BIO;2023;470000480;CENTRE HOSPITALIER DE MARMANDE - CHIC;470001660;1;1;0;1;1;1;0;0;0;0;1;1;1;1;0;0;0;0;1;313017;39404;0;;;;;;;;;;;;;;;;;;2.6;1.42;14.79;4.41;;;;;0;0;1;0;1;
BIO;2023;480000017;HOPITAL LOZERE SITE VALLEE DU LOT;480780097;1;1;0;1;1;1;0;0;0;0;1;1;1;1;0;0;0;0;1;483000;150097;77641;0;0;0;0;;;;;;;;;;;;;1;2.8;1;15.49;5.81;;;;;0;0;0;1;1;0
BIO;2023;490000049;CHR ANGERS SITE LARREY;490000031;1;1;0;1;1;0;1;1;1;0;1;1;1;1;1;1;1;1;1;3952373;1343992;379890;10293;1014;22103;8;258;1408;74;;;;;;;;;;27.74;21.49;4.67;152.85;57.8;7.7;1;25.51;11.09;;;1;1;;1
BIO;2023;490000155;ICO - SITE PAUL PAPIN;490017258;1;1;0;1;1;0;0;0;0;0;0;0;0;0;1;1;0;0;;96308;4414;0;2979;51;4728;1;58;4132;;;;;;;;;;;1;2.67;;13.88;3.54;2.71;;8.82;1.99;;;;;;
BIO;2023;490000635;CH DE CHOLET;490000676;1;1;0;1;1;1;0;1;0;0;1;1;1;1;0;0;0;0;1;1596571;193632;53933;;;;;;;;;;;;;;;;;6.5;;1;32.65;10.48;;;;;0;;0;1;;1
BIO;2023;490001765;CH DE SAUMUR;490528452;1;0;0;1;1;1;0;0;0;0;1;1;1;1;0;0;0;0;1;474725;40054;19252;;;;;;;;;;;;;;;;;2.78;0.1;1;16.52;5.48;;;;;0;0;0;1;1;0
BIO;2023;500000021;CHAG - SITE AVRANCHES;500000054;1;1;0;1;1;1;0;0;0;0;1;1;1;1;0;0;0;0;1;726857;216924;119930;;;;;;;;;;;;;;;;;4.6;;;36.87;15.26;;;;;0;0;1;1;0;0
BIO;2023;500000187;CHPC - SITE CHERBOURG;500000013;1;1;0;1;1;1;1;1;0;0;1;1;1;1;0;0;0;0;1;1212804;126532;28061;7354;637;5594;4;130;0;0;;;;;;;;;;2.6;3.3;0.88;38.96;8.5;2.46;;5.75;4.04;0;0;1;1;1;0
BIO;2023;500000450;CH MEMORIAL - SAINT-LO;500000112;0;1;1;1;1;1;1;1;0;0;1;0;1;0;0;0;0;0;1;1437710;241463;;;;;;;;;;;;;;;;;;4;0.76;1;27.84;11.98;;;;;0;0;;1;1;
BIO;2023;500002357;POLYCLINIQUE DU COTENTIN;500002233;1;;;1;1;1;1;;;;1;1;1;1;;;1;1;1;6804;;;1391;;5124;;8;;;1;;;;;15;;;;;;;3;2;;;;;0;;0;1;;1
BIO;2023;510000169;CENTRE HOSPITALIER LEON BOURGEOIS;510000037;1;1;0;1;1;1;0;0;0;0;1;1;0;0;0;0;0;0;1;517905;26356;26338;0;;0;;;;;;;;;;;;;;1.15;;0.1;12.59;1.37;;;;;;;;;;
BIO;2023;510000235;CENTRE HOSPITALIER D'EPERNAY;510000060;1;1;0;1;1;1;0;0;0;0;1;1;0;1;0;0;0;0;1;322486;37053;;;;;;;;;;;;;;;;;;;1.8;1;11.1;4.98;;;;;0;0;1;1;1;0
BIO;2023;510000516;INSTITUT GODINOT;510000136;0;0;0;0;0;0;0;0;0;0;0;0;0;0;0;0;0;0;0;0;0;0;4065;36;4328;12;17;9824;737;;;;;;;;;;;;;;;1.23;0.5;7.8;1;;;0;;;0
BIO;2023;510002447;HOPITAL ROBERT DEBRE CHU REIMS;510000029;1;1;0;1;1;0;1;1;1;0;1;1;1;1;1;1;1;1;0;4015867;237245;;14456;1499;22787;44;405;741;27;;;0;0;0;;0;0;0;31.45;5.5;4.5;156.82;42.77;5.75;1.42;19.79;12.22;0;0;1;1;1;1
BIO;2023;520000068;CH GENEVIEVE DE GAULLE ANTHONIOZ;520780073;1;1;0;1;1;1;1;1;0;0;1;1;1;1;0;0;0;0;1;655464;12919;9549;;;;;;;;;;;;;;;;;4;2.5;1;39;7.8;;;;;1;1;1;1;1;1
BIO;2023;540001286;INSTITUT DE CANCEROLOGIE DE LORRAINE;540003019;0;0;0;0;0;0;0;0;0;0;0;0;0;0;;1;0;0;0;872;4733;4733;3010;27;8055;24;137;796;171;;;;;;;;;;;1.51;;2.96;;5.16;;11.04;0.32;;;;;;
BIO;2023;540002698;CHRU NANCY - HOPITAUX DE BRABOIS;540023264;1;1;0;1;1;0;1;1;1;0;1;1;1;1;1;1;1;1;0;4423804;754118;749815;14092;2063;31719;14;458;3766;1;;;;;;;;;;32.13;10.58;6.71;215.03;65.2;6.2;1;22;0.85;0;0;1;1;1;1
BIO;2023;550000012;CH VERDUN/ST MIHIEL-HOP ST NICOLAS;550006795;1;1;0;1;1;1;1;1;0;0;1;1;1;1;0;0;0;0;1;845493;24960;;;;;;;;;;;;;;;;;;3.2;;1.1;23.66;4;;;;;;;;1;;
BIO;2023;560000127;CHBA SITE DE VANNES;560023210;1;1;0;1;1;0;1;1;0;0;1;1;1;1;0;0;0;0;1;1321327;375304;319065;10949;704;12921;25;267;3137;6;;;;;;;;;;1;7;1.32;47.84;18.57;4.8;0.2;8.75;2.05;0;0;0;1;1;1
BIO;2023;560000135;GHBS- HÔPITAL DU SCORFF;560005746;1;1;0;1;1;0;0;1;0;0;1;1;1;0;0;0;0;0;1;1314965;89160;88459;;;;;;;;;;;;;;;;;3.21;4;1;46.59;15.32;;;;;0;0;1;1;1;0
BIO;2023;560000143;CHCB- SITE KÉRIO;560014748;1;1;0;1;1;1;0;0;0;0;1;1;1;1;0;0;0;0;1;688407;22775;3824;;;;;;;;;;;;;;;;;2.6;1;1;17.83;5.61;;;;;0;0;1;1;1;0
BIO;2023;570000059;CH MARIE-MADELEINE DE FORBACH;570025254;1;1;0;1;1;1;1;0;0;0;1;1;1;1;0;0;0;0;1;597173;16139;149;;;;;;;;;;;0;0;0;0;0;0;2;0.1;0;16.4;3.16;0;0;0;0;0;0;1;1;0;0
BIO;2023;570000117;CH SAINT-NICOLAS DE SARREBOURG;570015099;1;0;;1;1;1;0;0;0;0;1;1;1;1;0;0;0;0;1;379818;118008;55152;;;;;;;;;;;;;;;;;1;2;1;16.6;3.8;;;;;;;1;1;1;
BIO;2023;570000349;HOPITAL BEL AIR DE THIONVILLE - CHR;570005165;1;1;0;1;1;1;1;0;0;0;0;0;0;1;0;0;0;0;1;1091784;28688;5781;;;;;;;;;;;;;;;;;4.2;0;0;38.72;9.1;;;;;0;0;0;0;0;0
BIO;2023;570000901;HOPITAL ROBERT PAX DE SARREGUEMINES;570000158;1;1;0;1;1;1;1;0;0;0;1;1;1;1;0;0;0;0;1;672893;58931;4364;;;;;;;;;;;;;;;;;3;1;1;16.1;1.48;;;;;0;0;;1;0;
BIO;2023;570026252;HOPITAL ROBERT SCHUMAN DE VANTOUX -HPM;570023630;1;0;0;1;1;1;0;1;0;0;1;1;1;1;0;0;0;0;1;907011;155358;0;;;;;;;;;;;;;;;;;4.75;0;1;15.58;3.25;;;;;0;0;0;1;0;1
BIO;2023;570026682;HOPITAL DE MERCY - CHR METZ THIONVILLE;570005165;1;0;0;1;1;1;0;1;0;0;1;1;1;1;1;1;0;0;1;1960351;426789;399710;11622;1838;23490;30;254;3055;290;;;0;0;0;0;0;0;0;12;2;1.86;64.24;15.79;2.08;1;19.14;6.6;0;0;0;1;1;1
BIO;2023;580972685;CH DECIZE;580780096;1;1;0;1;1;0;0;0;0;0;0;0;0;0;0;0;0;0;1;175776;5241;4811;;;;;;;;;;;;;;;;;1;;;;;;;;;0;;;1;;
BIO;2023;580972693;HOPITAL PIERRE BEREGOVOY;580780039;1;1;0;1;1;0;0;1;0;0;1;1;1;1;0;0;0;0;1;740130;187759;116581;;;;;;;;;;;;;;;;;5.67;;0.92;36.34;6.33;;;;;;;;;;
BIO;2023;590000121;CH SECLIN;590780227;1;0;0;1;1;1;0;0;0;0;1;1;0;0;0;0;0;0;1;812118;18813;18813;0;;0;;;;;;;;;;;;;;1.61;0.16;1.26;17.65;6.51;;;;;0;0;1;1;1;0
BIO;2023;590000188;CLCC OSCAR LAMBRET LILLE;590780334;0;0;0;0;0;0;0;0;0;0;0;0;0;0;1;1;0;0;0;1456;1157;1157;6016;120;11749;0;436;1115;0;;;;;;;;;;3.67;;1;11.21;;4.81;2;14.34;7.2;0;0;0;0;0;0
BIO;2023;590000337;CH DUNKERQUE;590781415;1;1;0;1;1;1;1;1;0;0;1;1;1;1;0;0;0;0;1;1211877;103019;61857;;;;;;;;0;0;;;;;;;;1.53;4.8;1.02;35.77;7.67;;;;;0;0;0;1;1;1
BIO;2023;590000428;CH CAMBRAI;590781605;1;0;0;1;1;1;1;1;1;0;1;1;1;0;0;0;0;0;1;817532;34600;5092;;;;;;;;;;;;;;;;;4.6;;0.68;23.77;5.28;;;;;0;;;1;;
BIO;2023;590000535;CH DE MAUBEUGE MCO;590781803;1;1;0;1;1;1;0;0;0;0;0;0;1;1;0;0;0;0;1;816454;40744;;;;;;;;;;;;;;;;;;2.8;6;;;;;;;;0;0;;1;1;
BIO;2023;590000618;CH VALENCIENNES;590782215;1;1;0;1;1;0;1;1;0;1;1;1;1;1;1;0;0;0;1;2723621;;;8294;1111;17215;111;148;9242;626;;;;;;;;;;;17.13;3.33;85.9;49.74;6.38;;14.62;8.13;;;;;;
BIO;2023;590000758;CH ARMENTIERES;590782637;1;1;0;1;1;1;1;1;0;0;1;1;1;1;0;0;0;0;0;787923;300100;299592;;;;;;;;;;;;;;;;;1;4.3;1.25;32.71;3;;;;;0;0;0;1;1;0
BIO;2023;590001004;CH DOUAI DECHY;590783239;1;0;0;1;1;1;1;1;0;0;1;1;1;1;0;0;0;0;1;1417149;78298;49985;;;;;;;;;;;;;;;;;4.97;;1;27.71;6.62;;;;;0;;;1;;
BIO;2023;590780284;GCS GHICL HÔPITAL ST PHILIBERT;590051801;1;1;0;0;1;1;1;1;1;1;1;1;1;1;0;0;0;0;1;1771330;41820;41820;;;;;;;;;;;;;;;;;8.41;;1.03;36.95;10.8;;;;;;;;;;
BIO;2023;590796975;HÔPITAL SALENGRO CHU LILLE;590780193;1;1;0;1;1;0;1;1;1;0;1;1;1;1;1;1;1;1;1;11040101;3352226;1190274;17458;2316;43128;42;1164;7622;1;;;;;;;;;;66.56;53.45;;379.49;230.32;14.33;;33.04;24.76;1;1;0;1;1;1
BIO;2023;590797353;GCS GHICL HOPITAL SAINT VINCENT -;590051801;1;1;0;1;1;1;1;1;1;1;1;1;1;1;0;0;0;0;1;214992;;;3656;154;7372;3;;18384;27;;;;;;;;;;1.82;;1.03;8.68;3.23;4.54;;4.34;1.25;;;;;;
BIO;2023;590801106;HOPITAL VICTOR PROVO;590782421;1;0;0;1;1;1;1;1;0;0;1;1;1;1;0;0;0;0;1;2183637;179212;108251;556;0;356;;63;0;;;;;;;;;;;6.7;1;1;39.28;15.32;2;1;3.9;2.6;0;0;;1;1;
BIO;2023;590804696;CENTRE HOSPITALIER DE TOURCOING;590781902;1;0;0;1;1;1;1;1;0;0;1;1;1;1;0;0;0;0;1;969495;82287;77891;;;;;;;;;;;;;;;;;5.42;6.93;1.1;25.73;10.69;;;;;0;0;;1;1;0
BIO;2023;590813507;POLYCLINIQUE DU VAL DE SAMBRE;590000485;1;1;0;1;1;1;1;0;0;0;1;1;1;1;0;0;0;0;1;55556;176110;;;;;;;;;;1;;;;;;;;;;1;7;;;;;;;;;;1;1
BIO;2023;600000053;CH GHPSO SENLIS;600101984;1;0;0;1;1;1;0;0;0;0;1;0;0;0;0;0;0;0;1;251681;69966;45574;582;;2873;;;;;;;;;;;;;;;1.63;0.5;8.63;3;;;;;;0;1;;0;1
BIO;2023;600000194;CH BEAUVAIS;600100713;1;1;0;1;1;1;0;0;0;0;1;1;1;1;0;0;0;0;1;1828074;556780;470872;7983;941;5322;10;101;1949;381;;;;;;;;;;7.5;;;51.23;6.27;2;0.25;4.72;0.8;0;0;1;;1;1
BIO;2023;600000467;CH GHPSO CREIL;600101984;1;0;0;1;1;0;1;1;0;0;1;1;1;1;0;0;0;0;1;761955;89091;70871;1352;1;3259;0;10;39;0;;;;;;;;;;;3.14;1;36.31;9.67;2.6;;3;1;;0;1;;1;0
BIO;2023;600113476;CH CHICN COMPIÈGNE;600100721;1;1;0;1;1;1;1;1;0;0;1;1;1;1;0;0;0;0;1;1183397;170975;14448;;;;;;;;;;;;;;;;;4.24;0.16;1;42.49;15.43;;;;;;;;;;
BIO;2023;610000051;CHICAM - SITE ALENCON;610780082;1;1;0;1;1;1;0;0;0;0;1;1;1;1;0;0;0;0;1;922986;249822;166193;;;;;;;;;;;;;;;;;;6.17;0.4;24.68;12.3;;;;;0;0;1;1;1;0
BIO;2023;610000119;CH  JACQUES MONOD  - FLERS;610780165;1;1;0;1;1;1;0;0;0;0;1;1;1;1;0;0;1;1;1;581485;397473;356266;0;;0;;;0;;;;;;;;;;;2.98;;;20.39;5.25;;;;;;;;;;
BIO;2023;620000034;CH ARRAS;620100057;1;1;0;1;1;1;1;1;0;0;1;1;1;1;0;0;0;0;1;1483384;249733;73632;0;0;0;0;;0;0;;;;;;;;;;;6.79;45.69;12;;0;0;0;0;;0;1;;1;0
BIO;2023;620000224;CH BETHUNE;620100651;1;1;0;1;1;1;1;1;0;0;1;1;1;1;0;0;0;0;0;1550236;153905;98154;;;;;;;;;;;;;;;;;;5.85;;;;;;;;;0;;;1;
BIO;2023;620000257;CH LENS;620100685;1;1;0;1;1;1;1;1;0;0;1;1;1;1;1;0;0;0;1;2148755;298264;255714;793;;1161;;;;;;;;;;;;;;2;7.58;1.29;38.76;4.73;;0.1;5.8;2.1;0;0;;1;1;
BIO;2023;620000323;CH CALAIS;620101337;1;1;0;1;1;1;0;0;0;0;1;1;1;1;0;0;1;1;1;799512;62873;20125;;;;;;;;;;;;;;;;;;8;0.87;16.04;11.51;;;;;;1;1;;1;1
BIO;2023;620000349;CH REGION DE ST OMER;620101360;1;1;0;1;1;1;0;1;0;0;1;1;1;1;0;0;0;0;1;903867;5294;14519;;;;;;;;;;;;;;;;;;3.58;;25.78;;;;;;;;;;;
BIO;2023;620000653;CH BOULOGNE-SUR-MER;620103440;1;1;0;1;1;1;0;1;0;0;1;1;1;1;0;0;0;0;1;1836193;64458;4353;;;;;;;;;;;;;;;;;0.4;3.4;1;33.99;11.24;;;;;;;;;;
BIO;2023;620003202;CH ARRONDISSEMENT DE MONTREUIL;620103432;1;1;0;1;0;0;0;0;1;;1;1;1;;;;;;1;562513;172081;84855;0;0;0;;;;;;;;;;;;;;2.64;;;16.16;1.64;;;;;0;;0;1;;1
BIO;2023;630000016;CH DU MONT DORE;630180032;1;0;0;1;1;0;0;0;0;0;0;0;0;0;0;0;0;0;0;2763;0;0;0;0;2763;0;0;0;0;;;;0;;;;;;0.2;;;1.6;;;;;;1;;1;0;0;0
BIO;2023;630000404;HOPITAL GABRIEL MONTPIED - CHU63;630780989;1;1;0;1;1;0;1;1;1;0;1;1;1;1;1;1;1;1;1;4277650;824620;811277;14817;1254;23064;13;480;2488;0;;;;;;;;;;37.29;1.41;3.59;186.1;111.9;5.91;0.72;20.15;6.2;0;0;0;1;0;0
BIO;2023;630000479;CENTRE LUTTE CONTRE LE CANCER J.PERRIN;630781110;0;0;0;0;0;0;0;0;0;0;0;0;0;0;1;1;0;0;0;4170;3290;15;7189;18;11699;5;427;669;;;;;;;;;;;1;0;2.77;12.19;8.94;5.23;4;15.92;3.27;0;0;0;0;0;0
BIO;2023;630781839;HOPITAL PRIVE LA CHATAIGNERAIE;630000826;1;0;0;1;1;1;;1;0;0;1;1;1;1;1;1;1;1;1;;;;;;13807;0;31;;;2;1;1;;;4;;;;;;;;;;;;;;;;;;
BIO;2023;640000162;CH COTE BASQUE;640780417;1;1;1;0;1;1;0;1;1;0;1;1;1;1;1;0;0;0;1;1971821;447607;119649;;;;;;;;;;;;;;;;;7.09;1;1.19;45.87;13.13;;;;;0;0;0;1;1;0
BIO;2023;640000410;CENTRE HOSPITALIER OLORON;640780821;1;1;0;1;1;1;0;0;0;0;1;1;1;0;0;0;0;0;1;160956;7174;0;;;;;;;;;;;;;;;;;1.3;;0.2;8.5;1;;;;;0;0;0;1;1;0
BIO;2023;640000600;CENTRE HOSPITALIER DE PAU;640781290;1;1;0;1;1;0;0;1;0;0;1;1;1;1;0;0;0;0;1;1756484;114880;61438;3174;1;7583;2;97;2646;;;;;;;;;;;8.1;;1;50.34;19.88;3.1;;4.72;2.77;0;;;1;;
BIO;2023;650000045;CH TARBES LOURDES SITE LOURDES;650783160;1;0;0;1;1;1;1;1;0;0;0;0;1;0;0;0;0;0;;254639;10361;;;;;;;;;;;;;;;;;;2.6;2;1;11.16;0.43;;;;;0;0;;1;1;
BIO;2023;650000417;CH TARBES LOURDES GESPE SITE TARBES;650783160;1;1;0;1;1;0;0;0;0;0;1;1;0;0;0;0;0;0;1;692977;20067;1940;8211;1039;8855;9;73;2911;422;;;;;;;;;;5.6;7.8;1;29.08;6.83;4;;4.5;2.17;0;0;1;1;1;0
BIO;2023;660000084;CH PERPIGNAN;660780180;1;1;0;1;1;0;1;1;0;0;1;1;1;1;0;0;0;0;1;2306816;31509;7438;6932;455;17386;80;565;113;11;;;;;;;;;;6.9;1;3.02;43.29;11.88;4;;6;3.92;;;;;;
BIO;2023;660000092;CHS LEON JEAN GREGORY THUIR;660780198;1;1;0;0;0;0;0;0;0;0;0;0;1;0;0;0;0;0;0;67158;661;661;;;;;;;;;;;;;;;;;1;;;3.86;;;;;;0;0;0;0;0;0
BIO;2023;670000025;HOPITAL CIVIL / NOUVEL HOPITAL CIVIL;670780055;1;1;1;1;1;0;1;1;1;0;1;1;1;1;0;0;0;0;1;2694365;748658;151567;3559;;1180;;21;4605;;;;;;;;;;;8.57;14.04;3.41;180.4;58.58;;;0.8;2.73;0;0;1;1;1;1
BIO;2023;670000157;CENTRE HOSPITALIER DE HAGUENAU;670780337;1;0;0;1;1;1;0;0;0;0;1;1;1;1;0;0;0;0;1;898812;106287;84256;;;;;;;;;;;;;;;;;0;3.7;0;34.88;9.42;;;;;0;0;1;1;1;0
BIO;2023;670000165;CH SAINTE-CATHERINE DE SAVERNE;670780345;1;1;0;1;1;1;0;1;0;0;1;1;1;1;0;0;0;0;1;605536;55051;36855;;;;;;;;;;;;;;;;;;2.9;1;17.45;7.6;;;;;;0;1;;1;0
BIO;2023;670000272;CH INTERCOMMUNAL DE LA LAUTER;670780543;1;0;0;1;1;1;0;0;0;0;1;1;1;1;0;0;0;0;1;196928;6935;0;;;;;;;;;;;;;;;;;1.7;;0.3;9.46;;;;;;0;;0;1;;0
BIO;2023;670000397;CENTRE HOSPITALIER DE SELESTAT;670017755;1;1;0;1;1;1;0;0;0;0;1;1;1;1;0;0;0;0;1;549279;11331;2577;;;;;;;;;;;;;;;;;0.74;2;0.9;18.16;3.07;;;;;0;0;0;1;1;1
BIO;2023;670783273;HOPITAL DE HAUTEPIERRE;670780055;1;1;0;1;1;0;0;0;0;0;0;0;0;0;1;1;0;0;1;2298539;829926;49244;20507;1903;31922;432;1227;8739;479;;;;;;;;;;7.35;9.9;1.59;80.58;55.99;;1;30.11;7.03;0;0;1;1;1;0
BIO;2023;680000494;CLINIQUE DIACONAT ROOSEVELT;680000643;1;0;0;1;1;1;0;0;0;0;1;1;1;0;0;0;1;1;;1268619;532760;;;;;;;;;;;;;;;;;;1.25;;;33.27;;;;;;;;;;;
BIO;2023;680000684;HOPITAL LOUIS PASTEUR;680000973;1;1;0;1;1;0;0;1;1;0;1;1;1;1;0;0;0;0;1;2485984;190519;117717;8629;923;17331;4;137;4997;316;;;;;;;;;;5.7;;3.25;77.01;27.79;;0.17;11.87;11.72;0;0;;0;0;
BIO;2023;680004546;HOPITAL EMILE MULLER;680020336;1;1;0;1;1;0;1;1;1;0;1;1;1;1;1;1;1;1;1;2891077;299970;217729;11251;2632;13566;15;296;149;77;;;;;;;;;;7.63;1;2.98;76.98;46.04;2.47;0.82;12.02;5.76;;;0;1;;
BIO;2023;690000575;CH NORD OUEST - VILLEFRANCHE;690782222;1;0;0;1;1;1;0;1;0;0;1;1;1;1;0;0;0;0;1;1294919;218800;141690;;;;;;;;;;;;;;;;;4.67;1.8;0.68;35.79;9.95;;;;;0;0;1;1;1;0
BIO;2023;690000880;CENTRE LEON BERARD;690783220;0;0;0;0;0;0;0;0;0;0;0;0;0;0;1;1;0;0;0;;;;4974;278;17874;518;165;10335;;;;;;;;;;;;;;;;16.53;2.81;31.37;11.96;0;0;0;0;0;0
BIO;2023;690007539;HOPITAL FEMME MERE ENFANT - HCL;690781810;1;0;0;1;1;0;0;0;0;1;0;0;0;1;1;0;1;1;1;5230596;1134129;1134129;13507;820;38429;34;948;4165;19;;;;;;;;;;36.54;;5.3;184.6;77.07;9.4;1;34.7;12.16;0;;1;1;;0
BIO;2023;690783154;HOPITAL EDOUARD HERRIOT - HCL;690781810;1;0;0;0;0;;0;0;1;0;0;0;0;1;0;0;0;0;1;201357;10750;10750;;;;;;;;;;;;;;;;;3.6;;1.53;16.73;6.96;;;;;0;0;1;1;1;0
BIO;2023;690784137;HOPITAL LYON SUD - HCL;690781810;1;1;0;1;1;0;1;1;1;0;1;0;0;0;1;1;0;0;1;3647742;385946;385946;9843;402;44573;592;409;12617;173;;;;;;;;;;23.78;;2.8;142.45;38.92;10.38;0.27;32.41;8;0;;1;1;;0
BIO;2023;690784152;HOPITAL CROIX-ROUSSE - HCL;690781810;1;1;0;1;1;0;0;0;0;1;1;1;1;1;0;0;0;0;1;3270289;307205;307205;0;0;0;0;83;1;0;;;;;;;;;;31.32;;3.07;157.78;47.51;0.81;0.1;;;0;;1;1;;0
BIO;2023;690805361;CH ST JOSEPH ST LUC;690805353;1;1;0;1;1;1;0;1;0;0;1;1;1;1;0;0;0;0;1;1134067;466542;267784;;;;;;;;;;;;;;;;;;3.15;0.57;24.41;7.98;;;;;;0;1;;1;0
BIO;2023;700000011;GH HAUTE SAONE SITE GRAY;700004591;1;0;0;1;1;1;0;0;0;0;1;1;0;0;0;0;0;0;0;81755;434;0;;;;;;;;1;;;;;;;;;1.3;;;;1;;;3;;;;;1;;
BIO;2023;700000029;GH HAUTE SAONE SITE VESOUL;700004591;1;1;0;1;1;1;1;1;0;0;1;1;1;1;0;0;0;0;1;1184708;5199;242;;;;;;;;;;;;;;;;;2.8;1;1;23.96;7.24;;;;;;;;;;
BIO;2023;710978263;CH WILLIAM MOREY CHALON SUR SAONE;710780958;1;0;0;1;1;0;0;0;0;0;1;1;1;1;0;0;0;0;1;1406423;434934;414930;;;;;;;;;;;;;;;;;5.6;;1;32.71;9;;;;;0;;;1;;
BIO;2023;710978289;CH LES CHANAUX MACON;710780263;1;0;0;1;1;1;0;0;0;0;1;1;1;1;0;0;0;0;1;918053;104863;19133;;;;;;;;;;;;;;;;;6.79;;;;;;0.79;23.62;8.43;0;;;1;;
BIO;2023;710978313;CENTRE HOSPITALIER JEAN BOUVERI;710976705;1;1;0;1;1;1;0;0;0;0;1;0;1;1;0;0;0;0;1;311685;29535;24470;;;;;;;;;;;;;;;;;1.76;;1;13.91;5.9;;;;;0;;1;1;;0
BIO;2023;720000033;CENTRE HOSPITALIER DU MANS;720000025;1;1;0;1;1;0;1;1;1;0;1;1;1;1;0;0;0;0;1;2798219;541229;383109;10276;0;8895;0;206;1643;0;0;0;;;;0;;;;6.84;5.86;1.19;71.64;31.25;5.07;0.02;7.58;2.66;0;0;1;1;1;0
BIO;2023;720016179;POLE SANTE SARTHE ET LOIR;720016724;1;1;0;1;1;1;0;0;0;0;1;1;1;1;0;0;0;0;1;203047;25533;6966;;;;;;;;;;;;;;;;;2.7;;;;;;;;;;;;;;
BIO;2023;730000031;CHMS CHAMBERY NH;730000015;1;1;0;1;1;0;1;1;1;0;1;1;1;1;1;1;0;0;1;1449137;200226;34249;11096;1334;17636;24;573;3579;547;;;;;;;;;;;10;1.02;58.46;20.67;;0.5;8.84;5.74;;;;;;
BIO;2023;730000098;CHMS AIX GRAND PORT;730000015;1;0;0;1;1;0;0;0;0;0;1;1;0;1;0;0;0;0;1;201255;15959;;;;;;;;;;;;;;;;;;;1.3;0.25;7.89;1.59;;;;;;;;;;
BIO;2023;740000237;CH ANNECY-GENEVOIS SITE ANNECY;740781133;1;1;0;1;1;0;0;1;0;0;1;1;1;1;0;1;1;0;1;1351277;163669;34100;;;;;;;;;;;;;;;;;7.47;1;1.61;;23.96;;;;;0;0;1;1;1;0
BIO;2023;740000328;HOPITAUX DU LEMAN;740790381;1;1;0;1;1;1;0;0;0;0;1;1;0;1;0;0;0;0;0;750717;59700;59700;;;;;;;;;;;;;;;;;1.65;1.85;1;14.98;3;;;;;0;0;1;1;1;0
BIO;2023;740781224;HOPITAUX DU MONT BLANC SITE SALLANCHES;740001839;1;1;0;1;1;1;0;0;0;0;1;0;1;1;0;0;0;0;1;665484;71235;21105;0;;0;;;;;;;;;;;;;;2.6;;1;15.85;3.65;;;;;0;;0;1;;0
BIO;2023;750000481;CHNO DES QUINZE VINGTS PARIS;750110025;1;0;0;1;1;0;1;0;0;0;1;1;1;1;0;0;0;0;1;107396;14633;4724;512;0;1637;0;21;1;0;;;;;;;;;;1.37;1.9;0.4;10.11;6.32;0.6;0.1;1.69;0.7;1;1;0;1;1;0
BIO;2023;750000499;CH SAINTE ANNE;750062036;1;1;0;1;1;1;0;0;1;0;1;1;1;1;0;0;0;0;1;767503;17505;2510;50;;1950;;;2418;;;;;;;;;;;4.75;;;;;3.13;;;;1;1;;;;0
BIO;2023;750000523;GH PARIS SITE SAINT JOSEPH;750150120;1;1;0;1;1;1;1;1;0;0;1;1;1;1;1;1;0;0;1;2953515;916369;815602;5529;0;32974;0;527;3792;0;;;;;;;;;;15.3;11.4;;41;22.3;8.7;;27.3;9.9;;;;;;
BIO;2023;750100042;HU SAINT LOUIS SITE LARIBOISIERE APHP;750712184;1;1;1;1;1;1;1;1;0;1;1;1;1;0;0;0;0;0;1;2195920;143707;143707;5446;805;8723;16;;1314;679;;;;;;;;;;9;11;7;78;31;7;1.25;12;9.2;1;1;1;;;
BIO;2023;750100075;HU SAINT LOUIS SITE SAINT LOUIS APHP;750712184;1;;;1;1;1;;;1;1;1;1;1;1;1;1;;;0;2654916;519360;38011;17017;0;16618;0;;78;0;;;;;;;;;;23;68;11;201;81;10.9;0.25;23.2;9.7;1;1;1;1;1;1
BIO;2023;750100091;HU EST PARISIEN SITE ST ANTOINE APHP;750712184;1;;;1;1;1;;;;;1;1;1;1;;;;;1;3249780;458504;;1216;12;12957;3;155;5415;3;;;;;;;;;;69;;10;168.1;71.7;7.3;;11.3;4.5;1;;1;;;
BIO;2023;750100109;HU EST PARISIEN SITE TROUSSEAU APHP;750712184;1;;;;;;1;;;;;;;1;1;;;;;1004727;198320;;1250;343;3956;3;104;1240;730;;;;;;;;;;33.2;0;5.9;65;29.3;4.9;;4.5;4;1;;1;;;
BIO;2023;750100125;HU PITIE SALPETRIERE APHP;750712184;1;1;;1;1;;;1;;1;1;1;1;1;1;1;;;0;6932385;1310760;;7719;;25427;;929;600;;;;;;;;;;;136.2;;22.48;287.89;110.57;11.4;2;20.99;6;1;;1;;;
BIO;2023;750100166;HU PARIS CENTRE SITE COCHIN APHP;750712184;1;1;0;1;1;1;1;1;0;1;1;1;1;1;1;1;1;1;1;3715116;75632;75632;16172;1864;22845;248;468;3248;852;0;0;0;0;0;0;0;0;0;19.52;51.67;7.08;190.82;83.95;18.6;1;24.5;10.8;1;1;1;0;0;0
BIO;2023;750100208;HU NECKER ENFANTS MALADES APHP;750712184;1;1;1;1;1;1;1;1;1;1;1;1;1;1;1;1;1;0;0;3218892;71788;71788;894;0;7399;0;20;9039;0;0;0;0;0;0;0;0;0;0;28.4;30.1;6;162.66;45.58;9.6;1;15.5;3.6;0;0;1;1;1;1
BIO;2023;750100232;HU PARIS NORD SITE BICHAT APHP;750712184;1;1;0;1;1;1;1;1;0;1;1;1;1;1;1;1;1;1;;3449437;371536;371536;7985;571;17600;48;;153;655;;;;;;;;;;11;61;12;184;75;9.9;1.25;19;7;1;1;1;;;
BIO;2023;750100273;HU EST PARISIEN SITE TENON APHP;750712184;1;;;1;;;;;;;;;1;1;;;1;1;;1816528;491382;;6730;;13602;;197;1442;;;;;;;;;;;28.3;0;4.5;60.1;42.8;4.9;1;11.7;7.8;;;;;;
BIO;2023;750150104;INSTITUT MUTUALISTE MONTSOURIS;750720476;1;1;0;1;1;1;0;0;0;0;1;1;1;1;0;0;1;1;1;844823;557378;463809;3763;0;16484;0;475;5;0;;;;;;;;;;10;;4;38.22;12.83;6.5;1;6.12;2.99;1;1;1;;;
BIO;2023;750160012;CLCC INSTITUT CURIE;750813321;;;;;;;;;;;;;;;0;0;;;0;26586;8094;0;0;;16616;;215;2859;;;;;;;;;;;9.22;3.77;3.25;57.81;44.27;12.91;3;23.47;8;0;0;0;0;0;0
BIO;2023;750803447;HU PARIS OUEST SITE G POMPIDOU APHP;750712184;1;1;0;1;1;1;0;1;0;0;1;1;1;1;1;1;0;0;0;2577509;44247;44247;5339;315;20008;283;386;760;118;0;0;;0;0;0;0;0;0;10.85;22;4.45;99.92;43.6;13.1;1;14.5;5.8;1;1;1;1;1;1
BIO;2023;750803454;HU ROBERT DEBRE APHP;750712184;1;1;;1;1;1;1;1;1;;1;1;1;1;1;1;;;0;1411612;;;;;559;0;;966;0;;;;;;;;;;10;39;8;124;56;3;0.5;7;0.5;1;1;1;;;
BIO;2023;760000018;CH DIEPPE;760780023;1;0;0;1;1;0;0;0;0;0;1;1;1;0;0;0;0;0;0;149506;2766;1487;;;;;;;;;;;;;;;;;;7.53;1;23.39;7.55;;;;;0;0;1;1;1;0
BIO;2023;760000141;HOPITAL SAINT JULIEN CHU ROUEN;760780239;1;0;0;1;1;0;0;0;0;0;0;0;0;0;0;0;0;0;0;102135;7186;;0;;0;;;;;;;;;;;;;;;;;;;;;;1;;;;;;
BIO;2023;760000158;HOPITAL CHARLES NICOLLE CHU ROUEN;760780239;1;1;0;1;1;0;1;1;1;1;1;1;1;1;1;1;1;1;1;6334835;343172;343172;12038;265;24077;96;462;22988;220;;;;;;;;;;14.14;37.27;1.42;176;86.02;14.9;0.7;23.89;10.01;;;;1;1;
BIO;2023;760000166;CRLCC HENRI BECQUEREL ROUEN;760780247;1;1;0;1;1;0;0;1;0;0;1;1;1;0;0;1;0;0;1;797710;10199;;4379;279;6863;1;853;2001;0;0;0;0;0;0;0;0;0;0;1.9;4.9;1.6;26.45;9.81;4.5;1.1;8.4;3.15;0;0;0;0;0;0
BIO;2023;760000463;CH LES FEUGRAIS CHI ELBEUF;760024042;1;1;0;1;1;1;0;1;1;0;1;1;1;1;0;0;0;0;1;1113281;94921;28648;;;;;;;;;;;;;;;;;;;1;27.76;9;;;;;0;0;1;1;1;0
BIO;2023;760805770;HOPITAL JACQUES MONOD CH LE HAVRE;760780726;1;1;;1;1;;1;1;;;1;1;1;1;;;1;1;0;1949772;212168;195046;;;;;;;;;;;;;;;;;;;3.5;58.66;16.88;;;4.31;2.6;0;0;;0;0;
BIO;2023;770000131;CH DE COULOMMIERS;770021145;1;1;0;1;1;1;0;0;0;0;1;1;0;1;0;0;0;;;425602;32300;15465;;;;;;;;;;;;;;;;;2.71;;;16.34;8.28;;;;;0;;;1;;
BIO;2023;770000149;CH SUD SEINE ET MARNE FONTAINEBLEAU;770021152;1;0;0;1;1;1;0;0;0;0;1;0;1;0;0;0;0;0;1;92102;73005;34565;;;;;;;;;;;;;;;;;1;5.8;1;;1;;;;;0;0;1;1;1;0
BIO;2023;770000156;CH DE MELUN SITE SANTEPOLE;770110054;1;1;;1;1;;1;1;;;1;1;1;1;;1;;;1;1457527;125550;34289;;;;;;;;;;;;;;;;;10.31;0;;;;;;;;;;;;;
BIO;2023;770000164;CH SUD SEINE ET MARNE SITE MONTEREAU;770021152;1;0;0;1;1;1;0;0;0;0;1;0;1;0;0;0;0;0;1;57948;73005;34565;;;;;;;;;;;;;;;;;1;5.8;1;;1;;;;;0;0;1;1;1;0
BIO;2023;770000172;CH DE PROVINS LEON BINET;770110070;1;1;0;1;1;1;0;0;0;0;1;1;1;1;0;0;0;0;1;435151;18412;;;;;;;;;;;;;;;;;;3.14;;;15.53;4.96;;;;;;;;;;
BIO;2023;770000214;CH SUD SEINE ET MARNE SITE DE NEMOURS;770021152;;;;;;;;;;;;;;;;;;;;40649;73005;34565;;;;;;;;;;;;;;;;;;;;;;;;;;;;;;;
BIO;2023;770000446;CH DE MEAUX SITE SAINT FARON;770021145;1;1;0;1;1;0;0;0;0;0;1;1;0;1;1;1;0;0;;1037752;21234;1234;;;;;;;;;;;;;;;;;2.99;1.67;1;23.8;10.02;;;;;0;0;;1;1;
BIO;2023;770019032;GHEF MARNE LA VALLEE SITE JOSSIGNY;770021145;1;1;0;1;1;1;1;1;0;0;1;1;1;1;1;1;0;0;;1108654;295245;280000;14500;1585;37250;;330;2360;;;;;;;;;;;6;;;51.97;10.08;;;8.62;1.8;0;;;1;;
BIO;2023;780000287;CH FRANCOIS QUESNAY MANTES;780110011;1;1;;1;1;1;;1;;;1;1;1;1;;;;;1;1523798;171301;31581;3383;512;6175;17;150;778;553;;;;;;;;;;6.1;;1.5;27.87;5.67;2.58;;3;2.26;;;;;;
BIO;2023;780000295;CHI DE MEULAN LES MUREAUX;780002697;1;1;0;1;1;1;0;0;0;0;1;1;1;1;0;0;0;0;1;587019;27303;13412;950;166;1803;1;12;14;;;;;;;;;;;;3;;13.53;3.04;;;2.56;1;;;;;;
BIO;2023;780000311;CHI POISSY ST GERMAIN SITE DE POISSY;780001236;1;0;0;1;1;0;0;1;0;0;1;1;1;1;1;1;1;1;1;1715412;266407;191954;4995;89;8081;1;122;788;2;;;;;;;;;;;;;;;;;;;;;;;;
BIO;2023;780000329;CH DE RAMBOUILLET;780110052;1;1;0;1;1;1;1;0;0;0;1;1;1;1;0;0;0;0;1;649136;204257;114405;;;;;;;;;;;;;;;;;0.6;2.7;0.99;20.12;7.41;;;;;0;0;1;1;1;0
BIO;2023;780800256;CH DE VERSAILLES SITE ANDRE MIGNOT;780110078;1;1;0;1;1;0;1;1;1;0;1;1;1;1;1;1;0;0;1;;;;3248;;9746;;74;6400;;;;;;;;;;;8.92;14.02;2.83;67.21;21.18;4.3;0.34;6.59;3.79;1;1;1;0;0;0
BIO;2023;790000087;CENTRE HOSPITALIER DE NIORT;790000012;1;1;0;1;1;1;0;1;0;0;1;1;1;1;0;0;0;0;1;;;;8244;696;10290;18;92;1486;1171;;;;;;;;;;5.95;5.77;0.66;43.53;14.99;;;6.9;2.98;0;0;1;1;1;0
BIO;2023;790019848;SITE HOSPITALIER FAYE L'ABBESSE;790006654;1;1;0;1;1;1;0;0;0;0;1;1;1;1;0;0;0;0;1;381642;21652;13944;0;;0;;;;;;;;;;;;;;1.86;1;1.67;17.58;3.21;;;;;;;1;1;1;
BIO;2023;800000143;CH ABBEVILLE;800000028;1;0;0;1;1;1;0;0;0;0;1;1;1;0;0;0;0;0;1;1200365;;;;;;;;;;;;;;;;;;;;2.9;1;22.29;4.81;;;;;0;0;0;1;1;0
BIO;2023;800000192;CHU AMIENS NORD;800000044;;;;;;;;;;;;;;;;;;;;;;;13975;1097;28437;34;621;3165;230;;;;;;;;;;;;;;;6.36;0.71;15.02;5.9;;;;;;
BIO;2023;800000226;CH DOULLENS;800000069;1;1;0;0;1;1;0;0;0;0;1;0;1;0;0;0;0;0;1;268460;46606;;;;;;;;;;;;;;;;;;1.14;;0.08;6.01;;;;;;0;;0;0;;1
BIO;2023;800000390;CH CHIMR MONTDIDIER;800000085;1;0;0;1;1;1;0;0;0;0;1;1;1;0;0;0;0;0;1;137948;206744;122455;;;;;;;;0;0;;;;;;;;0;2;;;;;;;;;0;;;1;
BIO;2023;800006124;CHU AMIENS SUD;800000044;1;1;1;1;1;1;1;1;1;1;1;1;1;1;1;1;1;1;1;4494168;149987;103366;;;;;;;;;;;;;;;;;11.34;20.49;6.1;143.68;41.28;;;;;1;1;1;1;1;1
BIO;2023;810000505;CH ALBI;810000331;1;1;0;1;1;0;0;0;0;0;1;1;1;1;0;0;0;0;1;463639;120656;62325;;;;;;;;;;;;;;;;;1;3.86;0.7;20.62;8.47;;;;;1;0;;1;1;
BIO;2023;810000521;CHIC CASTRES MAZAMET SITE AUTAN;810000380;1;1;0;1;1;0;0;1;0;0;1;1;1;1;0;0;0;0;1;675809;70345;16542;3483;7;129;0;0;0;0;;;;;;;;;;1;3.9;0.9;20.9;7.6;;;;;0;0;1;1;1;0
BIO;2023;820000032;CH MONTAUBAN;820000016;1;0;0;1;1;0;0;0;0;0;1;1;1;1;0;0;0;0;1;653565;104923;50354;0;0;0;0;0;0;0;;;;;;;;;;4;;0.09;21.82;8.77;0.3;;;;0;;;1;;
BIO;2023;830000279;CH JEAN MARCEL DE BRIGNOLES;830100517;1;1;0;1;1;1;0;0;0;0;1;1;1;1;0;0;0;0;0;349117;157610;909;0;;0;;;;;;;;;;;;;;14.72;;0.36;11.17;1.36;;;;;;;0;;;0
BIO;2023;830000287;CH LA DRACENIE DE DRAGUIGNAN;830100525;1;1;0;1;1;1;0;0;0;0;1;1;1;1;0;0;0;0;1;661232;20330;46;0;;0;;;;;;;;;;;;;;0.8;3.43;0.67;19.86;5.07;;;;;0;0;;1;1;
BIO;2023;830000303;HOPITAL LEON BERARD;830100541;1;0;0;1;1;0;0;0;0;0;1;1;0;0;0;0;0;0;0;137551;0;0;;;;;;;;;;;;;;;;;;2;1.2;4.2;1.02;;;;;;0;;;0;
BIO;2023;830000311;CHI DE FREJUS SAINT RAPHAEL;830100566;1;0;0;1;1;1;0;0;0;1;1;1;1;1;0;0;0;0;1;691444;11746;56;;;;;;;;0;0;;;;;;;;0;2.43;1;27.03;7.98;;;;;0;0;;;1;
BIO;2023;830000345;CHITS CH SAINTE MUSSE;830100616;1;1;0;1;1;0;1;1;0;0;1;1;1;1;1;1;1;0;0;1558926;610137;394788;5119;1185;15590;18;270;10375;;;;;;;;;;;;;1.88;64.08;13.64;;0.55;10.16;4.45;;;;;;
BIO;2023;830100574;HIA SAINTE ANNE;750821092;1;1;0;1;1;1;0;0;0;0;1;1;1;1;0;0;0;0;1;1696081;31367;1425;4674;0;9071;0;111;0;0;;;;;;;;;;3.5;3.4;1;42.9;5;0.5;0;1;1;0;0;1;1;1;0
BIO;2023;840000418;CHI DE CAVAILLON LAURIS;840004659;1;1;0;1;1;0;1;1;0;0;1;1;1;1;0;1;0;0;0;15714;;;;;;;;;;;;;;;;;;;;;;7;2.3;;;;;;1;;;1;
BIO;2023;840001861;CH D'AVIGNON HENRI DUFFAUT;840006597;1;1;0;1;1;0;1;1;1;0;1;1;1;1;0;0;0;0;1;2506227;1843;301;4631;379;15134;18;337;4663;280;;;;;;;;;;;9.89;1.3;52.73;15.05;6.1;1;7.7;7.16;;;;;;
BIO;2023;850000142;CHD SITE LA ROCHE SUR YON;850000019;1;1;0;1;1;0;0;1;0;0;1;1;1;0;0;0;0;0;1;1378353;151359;77555;12858;2602;16585;84;273;6197;1459;;;;;;;;;;0;0;1.5;47.39;12.2;7.36;;11.48;6.03;0;0;;0;0;
BIO;2023;850000175;CH LVO - SITE DE CHALLANS;850009010;1;1;0;1;1;1;0;0;0;0;1;0;0;1;0;0;0;0;1;506819;25713;;0;;0;;;0;;;;;;;;;;;2.44;;;13.9;3.65;;;;;;;;1;;
BIO;2023;850000209;CHD-SITE DE LUCON;850000019;1;1;0;1;1;0;0;0;0;0;0;0;0;0;0;0;0;0;0;103432;0;0;;;;;;;;;;;;;;;;;0.59;;;5.56;0.5;;;;;;;;;;
BIO;2023;850009630;CH FONTENAY SITE POLE SANTE SUD VENDEE;850000035;1;1;0;1;1;1;0;0;0;0;1;0;0;1;0;0;0;0;1;257856;104757;20650;;;;;;;;;;;;;;;;;0.8;;0.6;9.85;4;;;;;0;;1;0;;0
BIO;2023;860000223;CHU LA MILETRIE;860014208;1;1;0;1;1;1;1;1;0;1;1;1;1;1;1;1;1;1;1;4647227;993354;140401;16199;921;26889;8;421;7693;160;;;;;;;;;;12.78;22.44;4.88;134.29;;7.8;0;13.48;;;;1;1;1;1
BIO;2023;860010321;POLYCLINIQUE DE POITIERS;860010313;1;1;0;1;1;1;1;1;0;0;1;1;1;1;1;0;1;0;1;;;;166;;10778;;;;;;;;;;;;;;1;1;1;9;9.7;1;1;7;4;;;;;;
BIO;2023;870000064;C H U DUPUYTREN LIMOGES;870000015;1;1;0;1;1;1;1;1;1;0;1;1;1;1;1;1;0;0;1;3744708;177484;133131;12761;747;44716;29;640;2021;0;;;0;0;0;;0;0;0;13.85;24.63;3;142.74;40.64;8.99;0.7;23.64;8.2;;;1;;;1
BIO;2023;870014859;HOPITAL DE LA MERE ET DE L'ENFANT;870000015;0;0;0;0;0;0;0;0;0;0;0;0;0;0;1;0;1;1;0;10568;187;27;;;;;;;;;;0;0;0;;;;;4;1;0.3;8.35;4.82;0;;;;0;0;0;1;0;1
BIO;2023;880000021;CHI E.DURKHEIM - PLATEAU DE LA JUSTICE;880007059;1;0;0;1;1;1;1;1;0;0;1;0;1;0;0;0;0;0;1;453089;43713;28737;;;;;;;;0;0;;;;;;;;5;0;1;23.46;7.59;;;;;0;;;1;;
BIO;2023;880000047;CHI HMV - SITE SAINT DIE DES VOSGES;880009147;1;1;0;1;1;1;0;0;0;0;1;1;1;1;0;0;0;0;;677785;332578;3431;0;;0;;;;;;;;;;;;;;;2.75;0.4;13.16;0.16;;;;;;;;;;
BIO;2023;880000054;CHI L'OUEST VOSGIEN SITE NEUFCHATEAU;880007299;1;0;0;0;1;1;0;0;0;0;1;1;1;1;0;0;0;0;1;489150;146602;20112;;;;;;;;;;;;;;;;;1.6;3.05;0.1;17.9;6.32;;;;;0;0;1;1;0;0
BIO;2023;880000062;CENTRE HOSPITALIER DE REMIREMONT;880780093;1;0;0;1;1;1;0;0;0;0;1;0;1;0;0;0;0;0;1;232485;25877;18705;;;;;;;;;;;;;;;;;1;1;;;;;;;;0;0;;1;1;
BIO;2023;890975527;CH AUXERRE;890000037;1;0;0;1;1;0;0;0;0;0;1;1;1;1;0;0;0;0;1;246041;148107;53100;;;;;;;;;;;;;;;;;0;4;1;24.67;6.93;;;;;0;0;0;1;1;0
BIO;2023;890975543;CH JOIGNY;890000417;1;1;0;1;1;1;0;0;0;0;0;0;0;0;0;0;0;0;0;129890;0;0;;;;;;;;;;;;;;;;;1;;0.8;7.5;1;;;;;;;;1;;
BIO;2023;890975550;CH SENS;890970569;1;1;0;1;1;0;0;0;0;0;1;1;1;1;0;0;0;0;1;784970;73925;12118;;;;;;;;;;;;;;;;;;;;23.65;5.24;;;;;0;0;1;1;1;
BIO;2023;900003039;HNFC SITE TREVENANS;900000365;1;1;0;1;1;0;1;1;0;0;1;1;1;1;0;0;0;0;1;2120188;245447;52677;37757;2647;8566;6;115;0;;0;0;;;;0;;;;1.68;8.93;2;54.97;16.44;3.5;0.5;13.13;5.52;0;0;;1;1;
BIO;2023;910000272;CH D ARPAJON;910110014;;;;;;;;;;;;;;;;;;;;;;;;;;;;;;;;;;;;;;;;;0.25;13.24;7.76;;;;;;;;;;
BIO;2023;910000280;CH DOURDAN ETAMPES SITE DOURDAN;910019447;1;0;0;1;1;1;1;1;0;0;1;1;1;0;0;0;0;0;1;245549;126221;2811;;;;;;;;;;;;;;;;;1.95;;0.5;13.92;7.05;;;;;;;;;;
BIO;2023;910000306;CH D ORSAY;910110055;1;0;0;1;1;1;0;1;0;0;1;1;1;1;0;0;0;0;1;1892498;59536;0;;;;;;;;;;;;;;;;;2;5.91;2;42.76;11.86;;;;;0;0;1;1;1;0
BIO;2023;910001973;CH DOURDAN ETAMPES SITE ETAMPES;910019447;1;0;0;1;1;1;0;0;0;0;1;1;0;0;0;0;0;0;1;453197;156347;23569;;;;;;;;;;;;;;;;;2.73;;0.5;15.23;7.67;;;;;;;;;;
BIO;2023;910020254;CH SUD FRANCILIEN SITE JEAN JAURES;910002773;1;1;1;1;1;1;1;1;0;0;1;1;1;1;1;0;1;1;1;3380374;194618;770;3161;445;14201;16;132;14236;831;;;;;;;;;;13.9;17.51;2;51.55;24.53;4.08;1;6.5;7.27;0;0;0;0;0;0
BIO;2023;910300144;CMCO D EVRY;910000447;1;1;0;1;1;1;0;0;0;0;1;1;1;0;0;0;0;0;1;174420;156111;0;0;0;0;0;0;0;0;1;2;0;0;0;0;0;0;0;0;0;1;8;8;0;0;0;0;0;0;1;1;1;
BIO;2023;910300219;HOPITAL PRIVE JACQUES CARTIER;910003888;1;1;0;1;1;1;0;1;0;0;1;1;1;0;0;0;0;0;1;1012911;648515;502856;0;;0;;;;;;2;;;;;;;;;0.9;4;14.7;27;;;;;0;0;1;0;1;0
BIO;2023;910805357;CLINIQUE DE L ESSONNE;910001643;1;0;0;1;1;1;0;0;0;0;1;0;0;0;0;0;0;;1;23400;140000;200;;;;;;;;;1;;;;;;;;;1;;3;4;;;;;;0;0;;1;1
BIO;2023;920000460;CLCC RENE HUGUENIN INSTITUT CURIE;750813321;0;0;0;0;0;0;0;0;0;0;0;0;0;0;0;0;0;0;0;;;;0;0;16616;0;518;2859;0;;;;;;;;;;;3.16;1;9.12;12.55;8.1;1;14.37;2.46;0;0;0;0;0;0
BIO;2023;920000577;CH DE NANTERRE;920110020;1;0;0;1;1;1;1;0;0;0;1;1;0;1;0;0;0;0;0;339734;15345;0;;;;;;;;0;0;;;;0;;;;1.2;2.03;;;;0;;;;0;0;1;1;1;
BIO;2023;920000585;CH RIVES DE SEINE SITE NEUILLY S/SEINE;920026374;1;0;0;1;1;1;0;0;0;0;1;1;1;1;0;0;0;0;1;477545;169216;14;2633;;32;32;;;;;;;;;;;;;2;;1;15.31;2.13;;;;;0;0;1;1;0;0
BIO;2023;920000619;CH DES QUATRE VILLES SITE ST CLOUD;920009909;1;1;0;1;1;1;0;0;0;0;1;1;1;1;0;0;1;1;1;592688;185983;152832;;;;;;;;0;0;;;;;;;;1.07;0;0.5;12.61;9.21;;;;;0;0;;1;1;
BIO;2023;920000635;HOPITAL SUISSE DE PARIS;920150026;1;0;0;1;1;0;0;0;0;0;1;1;1;1;0;0;0;0;1;180527;69617;1837;0;;0;;;;;1;;;;;;;;;;2.06;;5.04;3;;;;;0;0;0;0;0;0
BIO;2023;920000650;HOPITAL FOCH;920150059;1;1;0;1;1;1;1;1;0;0;1;1;1;1;1;0;0;1;1;2254395;563835;507586;5149;;23131;15;456;1300;;;;;;;;;;;7.72;4.5;1.5;60.2;4.06;7.66;0.5;10;5.97;1;1;0;1;1;0
BIO;2023;920000684;HOPITAL MARIE LANNELONGUE;750150120;1;1;0;1;1;0;0;0;0;0;1;1;1;1;0;0;0;0;0;874043;154;20;;;;;;;;;;;;;;;;;0;3.6;;22;3.6;3;;2;1.5;0;0;1;0;1;0
BIO;2023;920100013;HU OUEST SITE AMBROISE PARE APHP;750712184;1;1;0;1;1;1;0;1;0;0;1;1;1;1;1;1;0;0;0;1522899;211722;211722;5210;;8537;;131;1817;;;;;;;;;;;30.1;;3.2;50.3;14;0.85;0.5;6.33;3.41;0;0;1;1;1;0
BIO;2023;920100021;HU PARIS SUD SITE ANTOINE BECLERE APHP;750712184;1;1;0;1;1;0;0;0;0;0;1;0;1;0;1;0;1;1;0;1124893;17497;17497;2799;193;8514;8;6;843;83;;;;;;;;;;22.7;;2.5;45.56;18.63;;;;;;;;;;
BIO;2023;920100039;HU PARIS NORD SITE BEAUJON APHP;750712184;1;;;1;1;1;;;;;1;;1;;;;;;1;1316097;32223;32223;2640;127;9633;17;;504;0;;;;;;;;;;3;24;5;54;29;2;1;10;8;1;1;1;;;
BIO;2023;920100047;HU PARIS NORD SITE LOUIS MOURIER APHP;750712184;1;;;1;1;1;;;;;1;1;1;;1;1;;;0;855919;61693;39445;;;;;;;;;;;;;;;;;5;18;3;46;18;;;;;1;1;1;;;
BIO;2023;920100054;HU PARIS SITE RAYMOND POINCARE APHP;750712184;1;1;0;1;1;1;0;0;0;0;1;1;1;1;0;0;0;0;0;441025;26271;26271;;;;;;;;;;;;;;;;;23.9;;2;33.05;4;;;;;1;1;0;1;1;0
BIO;2023;920120011;HIA PERCY;750821092;1;1;0;1;1;0;1;0;1;0;1;1;1;1;1;0;0;0;1;892192;59591;27707;388;;764;;;;;;;;;;;;;;2;5.5;;;;;;;;;;;;;
BIO;2023;920300787;HOPITAL AMERICAIN;920000981;1;0;0;1;1;1;0;0;0;0;1;1;1;1;0;0;0;0;0;896066;566383;0;;;;;;;;0;0;0;0;0;;;;;4;;;25.24;;;;;;;1;;;0;
BIO;2023;930000286;GHI LE RAINCY MONTFERMEIL;930021480;1;1;0;1;1;1;1;1;0;0;1;1;1;1;0;0;0;0;1;1121263;50602;34053;0;0;0;0;0;0;0;;;;;;;;;;6.01;;;33.17;7.95;;;;;;;;;;
BIO;2023;930000302;CHI ANDRE GREGOIRE;930110036;1;0;0;1;1;1;0;0;0;0;1;1;1;0;0;0;0;0;1;888801;28485;27868;;;;;;;;;;;;;;;;;5.2;2;1;33.73;9.11;;;;;;;;;;
BIO;2023;930000328;CH GENERAL DELAFONTAINE;930110051;1;1;0;1;1;1;1;1;1;0;1;1;1;1;0;0;0;0;0;1772039;199723;110687;0;0;0;;0;;;;;;;;;;;;12.79;1;1.87;48.79;25.06;;;;;0;0;1;1;1;0
BIO;2023;930000336;CHI ROBERT BALLANGER;930110069;1;0;0;1;1;1;1;1;1;0;1;1;1;1;0;0;0;0;;1468066;39313;6306;0;0;0;0;;0;0;;;;;;;;;;6.34;1.5;0;39.13;4.8;;;1.97;1.34;0;0;1;1;1;0
BIO;2023;930100037;HU PARIS SITE AVICENNE APHP;750712184;1;1;0;1;1;0;1;1;0;0;1;1;1;1;1;1;0;0;0;2224870;18811;18811;3125;0;16607;1;151;6957;0;;;;;;;;;;23.08;;3;80.4;40.52;5.41;0.8;14.03;8.6;0;;1;1;;0
BIO;2023;930100045;HU PARIS SITE JEAN VERDIER APHP;750712184;1;1;0;1;1;0;0;0;0;0;0;0;0;0;0;0;1;1;0;526648;1023;1023;;;;;;;;;;;;;;;;;10.09;0;2;32.83;17.47;;;;;0;;1;1;;0
BIO;2023;940000573;CHI DE CRETEIL;940110018;1;0;0;1;1;1;1;1;1;0;1;1;1;1;0;0;0;0;0;1540085;413483;409546;17916;452;10330;21;256;197;0;0;0;0;0;0;0;0;0;0;5.56;0;0;56.02;19.71;3.17;0;13.87;0;;;;;;
BIO;2023;940000599;CHI LUCIE ET RAYMOND AUBRAC;940110042;1;1;0;1;1;1;0;0;0;0;1;1;1;1;0;0;0;0;1;2001897;41345;899;0;0;0;0;0;0;0;0;0;0;0;0;0;0;0;0;7.89;11.06;0;0;0;0;0;0;0;0;0;1;1;1;0
BIO;2023;940000649;HOPITAL SAINT CAMILLE;940150014;1;1;0;1;1;1;1;1;0;0;1;1;1;1;0;0;0;0;1;1638116;98434;86651;;;;;;;;;;;;;;;;;2.73;;;21.4;3.15;;;;;;;;;;
BIO;2023;940000664;INSTITUT GUSTAVE ROUSSY;940160013;1;1;0;1;1;1;0;1;0;0;1;1;1;1;1;1;0;0;0;1675347;6746;;7848;370;22223;46;1639;2956;;;;;;;;;;;9.14;17.53;4.52;55.81;14.02;16.22;3.8;24.72;10.52;0;0;;0;0;
BIO;2023;940100027;HU HENRI MONDOR SITE HENRI MONDOR APHP;750712184;1;1;0;1;1;1;0;1;1;0;1;1;1;1;1;1;0;0;0;3771312;1644225;657788;14879;;18828;;143;1449;;;;;;;;;;;30.1;55.8;9.1;147.5;63.8;20.1;1;25.4;16.9;1;1;1;1;1;
BIO;2023;940100043;HU PARIS SUD SITE KREMLIN BICETRE APHP;750712184;1;1;0;1;1;0;1;1;1;0;1;0;1;0;1;0;0;0;0;3524421;24789;24789;5569;658;18292;33;128;1052;77;;;;;;;;;;50.1;;7;112.04;45.7;8.8;1;20.45;8.15;1;1;1;1;1;0
BIO;2023;940100068;HU PARIS SUD SITE PAUL BROUSSE APHP;750712184;1;1;0;1;1;0;0;0;0;0;0;0;1;1;0;1;0;0;0;1228723;10427;10427;166;;4081;;76;111;;;;;;;;;;;24.5;;2;45.67;1.91;;;;;1;1;1;1;1;0
BIO;2023;940120017;HIA BEGIN;750821092;1;0;0;1;1;1;0;1;0;0;1;1;1;1;1;1;0;0;1;637615;49959;26760;2031;244;3662;6;25;1098;18;;;;;;;;;;2;4.83;1.3;32.73;2.93;1.92;;5.88;1.95;0;0;0;1;1;0
BIO;2023;950000307;CH VICTOR DUPOUY;950110015;1;1;0;1;1;1;;1;0;0;1;1;1;1;0;0;1;1;0;2001326;161039;67139;4268;;8439;;185;2308;;;;;;;;;;;7.38;6.21;2.2;41.83;33.1;3.41;0.1;5.57;2.96;1;1;1;;;
BIO;2023;950000315;HOPITAL NOVO SITE BEAUMONT SUR OISE;950110080;1;0;0;1;1;1;0;0;0;0;0;0;0;0;0;0;0;0;1;;;;;;;;;;;;;;;;;;;;1.8;;;5.09;2;;;;;;;;;;
BIO;2023;950000323;GHEM SIMONE VEIL SITE EAUBONNE;950013870;1;1;0;1;1;1;1;1;0;0;1;1;1;1;0;0;0;0;1;1383666;82462;72187;3675;550;8886;20;166;342;194;;;;;;;;;;2.28;6.6;1.29;43.88;18.97;3.04;0.16;3.95;3.13;0;0;0;1;1;0
BIO;2023;950000331;CH GENERAL DE GONESSE;950110049;1;1;0;1;1;1;1;1;0;0;1;1;1;1;0;0;1;1;1;1747276;71407;15098;;;;;;;;;;;;;;;;;9.31;0.86;;;;;;;;;;;;;
BIO;2023;950000364;CH NOVO SITE RENE DUBOS;950110080;1;1;0;1;1;0;0;1;0;0;1;1;1;1;0;0;1;0;1;1950468;37600;1887;5234;98;12167;28;196;1718;10;;;;;;;;;;14.25;;;10.07;2.17;3.15;2;18.33;5.75;;;;;;
BIO;2023;970100392;CENTRE HOSPITALIER DE LA BASSE -TERRE;970100178;1;;1;1;1;1;;;;1;1;1;1;;;;;;1;419414;144507;37254;;;;;;;;0;0;0;0;0;0;0;0;0;2.13;1.81;0;20.46;5;0;0;0;0;0;0;1;1;1;0
BIO;2023;970100426;C.H. STE MARIE;970100202;1;1;0;1;1;1;0;0;0;0;1;1;1;0;0;0;0;0;1;1141721;1806931;214713;;;;;;;;;;;;;;;;;1;;0.34;6;2;;;;;0;0;;1;0;
BIO;2023;970100442;C.H.U. DE POINTE-A-PITRE/ABYMES;970100228;1;1;0;1;1;0;1;1;1;0;1;1;1;1;0;1;0;0;0;;;;3614;540;7089;5;119;59;;;;;;;;;;;13.83;1.5;;77.02;24.59;4.5;0.83;10.13;6.38;;;;;;
BIO;2023;970211215;CHU DE MARTINIQUE SITE P.ZOBDA QUITMAN;970211207;1;1;0;1;1;0;0;0;1;0;1;1;1;1;0;1;0;0;1;2592429;217368;48068;9185;2216;8057;848;155;175;160;;;;;;;;;;1.78;11.84;5;85.7;;5.36;1;13.65;10.48;0;0;1;1;1;0
BIO;2023;970211223;CHU DE MARTINIQUE SITE DE TRINITE;970211207;1;0;0;1;1;0;0;0;0;0;0;0;0;0;0;0;0;0;1;220120;23754;83;;;;;;;;;;;;;;;;;;1.06;1;12.87;4.87;;;;;0;0;1;1;1;0
BIO;2023;970211231;CHU DE MARTINIQUE SITE MANGOT VULCIN;970211207;1;0;0;1;1;1;1;1;0;0;0;0;0;0;0;0;0;0;1;167030;78933;35285;;;;;;;;;;;;;;;;;1.84;0.89;1;8.53;7;;;;;0;0;0;0;0;0
BIO;2023;970300026;CENTRE HOSPITALIER DE CAYENNE;970302022;1;1;0;1;1;1;1;1;0;0;1;1;1;1;0;0;0;0;1;363493;21516;2527;3988;893;11872;33;28;161;20;0;0;0;0;0;3;;5;5;4.67;1.08;0;24.08;18.54;3;0;5;5;;;;;;
BIO;2023;970300083;CENTRE HOSPITALIER  FRANCK-JOLY;970302121;1;1;0;1;1;1;0;0;0;0;1;1;1;1;0;0;0;0;1;1173994;138968;323;;;;;;;;0;0;0;0;0;0;0;0;0;3.47;0;1;25;10.98;0;0;0;0;0;0;0;1;0;0
BIO;2023;970400024;CHU SITE FELIX GUYON (SAINT DENIS);970408589;1;1;0;1;1;0;1;1;1;1;1;1;1;1;1;1;0;0;1;1778965;52802;14306;3055;208;9746;15;110;10589;165;;;;;;;;;;16.56;;3.25;92.42;31.7;2.99;;7.25;3.5;0;0;0;1;1;1
BIO;2023;970400057;CHU SITE SUD (SAINT PIERRE);970408589;1;1;0;1;1;1;1;1;1;1;1;1;1;1;0;1;1;1;1;1827681;74246;693;5426;282;16592;24;81;29;;;;;;;;;;;24.49;1;4;79.87;23.6;3.57;;7.97;3.98;0;0;0;1;1;1
BIO;2023;970400065;CH OUEST REUNION;970421038;1;1;0;1;1;1;0;0;0;0;1;1;1;1;0;0;0;0;1;1098891;24410;;;;;;;;;;;;;;;;;;5.76;;1;25;7.1;;;;;0;0;1;1;0;0
BIO;2023;980500011;CHM;980500003;1;1;0;1;1;1;0;0;0;0;1;1;1;0;0;0;0;0;0;1722546;49647;;;;;;;;;;;;;;;;;;5.49;1.05;0.64;48.38;20.33;;;;;0;0;1;1;1;0
