BOR;AN;FI;RS;FI_EJ;ANTGEO;NB_ANT;FI1;FI2;FI3;POP;EMSP;EQDOU;TELESUR;TELECONS;INDOM;ASTR;CONVPER;CONV;AUTMED;AUTOBS;AUTSSR;AUTCAN;PLATOT;SEJ_HAD;SEJ_PER;SEJ_PAL;SEJ_CAN;JOU_HAD;JOU_PER;JOU_PAL;JOU_CAN;FIL_HAD;FIL_PER;FIL_PAL;FIL_CAN;P80_HAD;P80_PAL;P80_CAN;PMS_HAD;PMS_PER;PMS_PAL;PMS_CAN
HAD;2023;010000024;CH DE FLEYRIAT;010780054;0;;;;;234972;1;0;0;0;1;1;;;1;0;1;1;45;575;0;91;334;12378;0;1952;5165;290;0;85;102;95;42;23;14;0;2;0
HAD;2023;010005379;HAD DE L'HOPITAL PRIVE D'AMBERIEU;010010718;0;;;;;140200;1;1;0;0;1;1;;;1;0;0;0;70;562;0;213;34;20524;0;8162;1461;396;0;176;25;188;116;5;101;0;69;0
HAD;2023;020000089;CH GUISE;020000022;0;;;;;112858;0;0;0;0;1;0;1;0;1;0;0;0;30;274;0;157;0;9800;0;6929;0;173;0;120;0;64;54;0;19;0;14;0
HAD;2023;020004297;HAD AMSAM SOISSONS;020005179;0;;;;;438483;1;0;0;0;1;1;1;0;1;0;0;0;70;405;0;171;8;9486;0;4522;164;266;0;122;6;68;50;1;31;0;27;0
HAD;2023;020010898;HAD CRF CHAUNY;750721334;0;;;;;54000;1;0;0;0;1;1;;;1;0;0;1;25;131;0;37;10;5521;0;802;983;90;0;28;4;22;13;0;4;0;2;0
HAD;2023;020014767;HAD TEMPS DE VIE SAINT-QUENTIN;590805065;0;;;;;115000;0;0;0;0;1;0;1;0;1;0;0;0;58;433;0;183;11;21275;0;8006;642;293;0;139;8;110;65;0;25;0;15;0
HAD;2023;030000061;CH DE MOULINS;030780092;0;;;;;100000;1;1;0;0;1;1;;;1;0;0;0;20;361;0;132;1;5696;0;2233;9;282;0;109;1;107;57;0;84;0;43;0
HAD;2023;030000079;CH DE MONTLUCON;030780100;0;;;;;127571;1;1;0;0;0;1;;;1;0;0;0;30;255;1;86;41;7829;29;2029;980;183;1;80;22;66;47;2;50;0;37;0
HAD;2023;030000087;CH JACQUES LACARIN VICHY;030780118;1;2;630000446;630000412;;;1;0;0;0;1;1;;;1;0;0;1;50;615;0;150;75;17992;0;4897;3506;422;0;134;54;97;46;5;31;0;6;0
HAD;2023;050000348;CHI DES ALPES DU SUD SITE DE GAP;050002948;0;;;;;;1;;;;1;1;;;1;0;0;0;40;672;0;243;110;13949;0;4407;1080;442;0;219;37;237;150;19;113;0;85;0
HAD;2023;060000478;CENTRE HOSPITALIER DE GRASSE;060780897;0;;;;;135855;1;1;0;0;1;1;0;0;1;1;1;1;25;223;0;71;0;7478;0;1110;0;156;0;54;0;67;26;0;55;0;23;0
HAD;2023;060000544;CH DE CANNES SIMONE VEIL;060780988;0;;;;;185850;1;1;0;0;1;0;1;0;1;0;0;1;25;227;0;54;6;6145;0;1078;89;151;0;51;5;77;33;0;45;0;16;0
HAD;2023;060006558;HAD ARNAULT TZANCK;060798865;0;;;;;340000;0;0;0;0;1;0;1;0;1;0;0;0;30;223;0;140;4;9056;0;4570;152;170;0;108;4;93;67;0;37;0;22;0
HAD;2023;060785243;HAD NICE & REGION;060001484;0;;;;;;0;0;0;0;1;1;;;1;0;0;0;316;1831;0;446;39;115381;0;18272;1556;1333;0;385;23;833;266;4;558;0;117;0
HAD;2023;070000609;CH ARDECHE MERIDIONALE - AUBENAS;070005566;0;;;;;85000;1;1;0;1;1;1;;;1;0;0;0;34;535;0;256;79;13210;0;5353;968;371;0;219;29;162;127;7;106;0;88;2
HAD;2023;080011257;GCS ES HAD DES ARDENNES SITE RETHEL;080011224;0;;;;;63000;0;0;0;0;1;1;;;1;0;0;0;18;179;0;59;1;5036;0;1990;6;123;0;50;1;44;23;0;31;0;16;0
HAD;2023;080011265;GCS ES HAD ARDENNES SITE CHARLEVILLE;080011224;1;2;080011265;080011257;;283296;1;1;0;0;1;1;;;1;0;0;0;50;318;0;75;2;12315;0;4920;46;163;0;52;1;33;17;0;12;0;2;0
HAD;2023;090000175;CHIVA SITE ST JEAN DE VERGES;090781774;0;;;;;130000;0;0;0;0;1;0;1;0;1;0;0;1;45;433;0;106;159;5849;0;2501;699;231;0;95;31;65;32;9;0;0;0;0
HAD;2023;100007699;HAD GHAM;100006279;0;;;;;;1;1;0;0;0;0;0;0;1;0;0;0;40;379;0;106;1;5480;0;2524;2;188;0;91;1;88;55;0;69;0;39;0
HAD;2023;100010578;GCS PATCS HAD;100010347;0;;;;;;0;0;0;0;1;1;;;1;0;0;0;50;636;0;144;0;13165;0;4538;0;328;0;116;0;79;43;0;45;0;27;0
HAD;2023;110000247;CH LEZIGNAN CORBIERES;110780772;0;;;;;;1;1;0;0;1;0;0;0;1;0;0;0;15;85;0;42;1;3721;0;1733;20;67;0;36;1;28;19;1;6;0;2;0
HAD;2023;110005048;HAD HOPITAL PRIVE DU GRAND NARBONNE;110000114;0;;;;;123720;1;0;0;0;1;1;;;1;0;0;1;60;699;0;226;280;18000;0;8580;1654;355;0;165;55;95;68;1;34;0;17;2
HAD;2023;110005394;HAD KORIAN PAYS DES QUATRE VENTS CARCA;310025010;0;;;;;190000;0;0;0;0;1;1;;;1;0;0;0;70;605;0;244;40;21312;0;8712;1279;446;0;199;27;188;109;5;96;0;50;1
HAD;2023;120783618;HAD UDSMA RODEZ;120784616;0;;;;;280000;1;1;0;0;1;1;;;1;1;0;0;64;501;36;66;5;19232;768;1660;24;367;32;57;2;114;22;0;36;0;8;0
HAD;2023;130000409;CHI SITE D'AIX EN PROVENCE;130041916;0;;;;;;1;0;0;1;1;1;1;0;1;1;0;1;40;428;6;167;26;10799;91;3449;1237;349;5;153;17;163;91;4;82;0;51;0
HAD;2023;130000565;CENTRE HOSPITALIER GENERAL D'AUBAGNE;130781446;1;1;130781446;;;182211;1;0;0;0;1;0;1;0;1;1;0;1;20;332;50;11;10;4957;1121;108;38;220;45;11;1;106;7;0;87;0;7;0
HAD;2023;130001647;INSTITUT PAOLI CALMETTES;130784127;0;;;;;;1;1;0;0;1;1;;;1;0;0;1;20;1164;0;188;810;12099;0;5560;3961;335;0;114;199;74;26;43;0;0;0;0
HAD;2023;130002215;CENTRE HOSPITALIER GENERAL LA CIOTAT;130785512;0;;;;;45000;1;0;0;0;1;;0;0;1;0;0;0;20;186;0;38;1;2100;0;386;20;136;0;32;1;62;23;0;23;0;12;0
HAD;2023;130021488;HAD BOUCHES DU RHONE EST SITE POLYSIAN;130021439;0;;;;;334000;1;0;0;0;;;;;1;0;0;0;40;433;0;47;7;14026;0;796;242;294;0;44;5;201;25;0;181;0;14;0
HAD;2023;130021819;HAD CLARA SCHUMANN;130021769;0;;;;;710000;1;0;0;0;1;1;;;1;;;;89;1170;0;366;22;32571;0;10646;788;857;0;331;15;423;230;2;273;0;167;0
HAD;2023;130022619;SANTE ET SOLIDARITE BOUCHES DU RHONE;130045339;0;;;;;106833;0;0;0;0;1;1;;;1;0;0;0;24;127;0;24;0;8664;0;724;0;100;0;18;0;50;8;0;34;0;2;0
HAD;2023;130782071;CLINIQUE DE L'ETANG DE L'OLIVIER;130002454;0;;;;;385142;0;0;0;0;0;1;;;1;0;0;0;25;575;0;71;15;8366;0;882;561;269;0;65;10;121;43;4;67;0;32;0
HAD;2023;130783236;APHM HOPITAL DE LA CONCEPTION;130786049;0;;;;;1500000;1;0;0;0;1;0;0;0;1;1;0;1;100;2553;187;54;144;27059;3109;1427;3007;1394;150;33;38;321;16;14;75;0;4;0
HAD;2023;130785652;HOPITAL SAINT JOSEPH;130014228;0;;;;;584729;1;1;0;0;1;1;;;1;0;0;0;70;1467;0;94;37;19166;0;4206;178;873;0;76;7;311;59;3;152;0;35;0
HAD;2023;130802143;HAD SOINS ASSISTANCE;130804396;0;;;;;1126113;1;0;0;0;1;1;;;1;0;0;0;110;1670;0;371;735;31448;0;8202;2407;755;0;313;73;361;198;18;218;0;124;0
HAD;2023;130809015;CENTRE GERONTOLOGIQUE DEPARTEMENTAL;130001928;0;;;;;;1;0;0;0;1;1;1;;1;0;0;0;45;387;0;121;0;15776;0;3639;0;299;0;111;0;243;91;0;283;0;100;0
HAD;2023;140000027;CENTRE HOSPITALIER DE LISIEUX;140000035;0;;;;;;0;0;0;0;1;0;1;0;1;1;1;1;25;563;0;196;43;9227;0;2571;221;396;0;186;10;199;113;2;148;0;101;2
HAD;2023;140000076;CENTRE HOSPITALIER AUNAY-BAYEUX;140000092;0;;;;;55500;1;0;0;0;1;;;;0;0;0;0;12;121;0;70;0;3579;0;1450;0;101;0;62;0;43;31;0;35;0;26;0
HAD;2023;140000209;CHU COTE DE NACRE - CAEN;140000100;0;;;;;;0;0;0;0;1;1;;;0;1;0;0;5;120;0;0;0;1551;0;0;0;102;0;0;0;0;0;0;0;0;0;0
HAD;2023;140000233;CENTRE HOSPITALIER DE FALAISE;140000118;0;;;;;;1;1;0;0;1;1;;;1;0;0;0;20;293;0;165;0;4781;0;2135;0;190;0;130;0;91;75;0;52;0;49;0
HAD;2023;140000373;CENTRE HOSPITALIER DE VIRE;140000159;1;3;500021274;500021282;610007312;;1;1;0;0;1;;;;1;0;0;0;20;184;0;39;5;5246;0;1532;127;128;0;29;4;57;18;1;30;0;1;0
HAD;2023;140002619;HAD SANTE CROIX ROUGE - CAEN;750721334;0;;;;;;;;;;;;;;1;0;0;0;80;922;0;441;71;24551;0;14581;233;633;0;373;10;311;206;0;205;0;133;0
HAD;2023;140016155;HAD DE BAYEUX;140000092;0;;;;;90000;0;0;0;0;1;1;;;1;0;0;0;40;294;0;131;0;10116;0;3648;0;199;0;94;0;67;41;0;19;0;6;0
HAD;2023;140026709;POLYCLINIQUE DE DEAUVILLE-CRICQUEBOEUF;140000415;0;;;;;69638;1;1;0;1;1;1;;;1;0;0;0;30;592;0;234;6;10163;0;3864;110;363;0;215;6;189;130;0;119;0;99;0
HAD;2023;150000040;CH HENRI MONDOR;150780096;1;3;150000040;;;143640;1;1;1;0;1;0;1;1;1;0;0;1;15;551;0;30;290;6107;0;906;587;206;0;27;67;42;10;14;8;0;5;1
HAD;2023;160002036;HAD MUTUALISTE;160009908;0;;;;;351718;1;0;0;0;1;1;;;1;0;0;0;120;999;0;488;73;41522;0;19259;2632;741;0;411;34;272;186;9;82;0;45;0
HAD;2023;170000087;HOPITAL SAINT-LOUIS - LA ROCHELLE;170024194;0;;;;;385000;1;0;0;0;1;0;0;0;1;0;0;1;90;947;0;384;132;29265;0;14158;1091;548;0;309;21;159;112;5;28;0;9;0
HAD;2023;170000103;CH DE SAINTONGE - SAINTES;170780175;1;3;170000095;170000038;170000129;;1;1;0;1;0;0;1;0;1;0;0;0;90;1213;0;315;433;27239;0;6212;1700;646;0;296;65;240;150;17;155;0;115;2
HAD;2023;180000010;CH BOURGES - JACQUES COEUR;180000028;0;;;;;170322;1;1;0;1;1;0;1;0;1;0;0;1;35;656;0;128;160;10349;0;3624;580;221;0;98;16;82;38;5;28;0;6;0
HAD;2023;180008278;HAD DE VIERZON;750056335;0;;;;;180000;1;1;0;0;1;1;0;0;1;0;0;0;90;635;4;431;21;28806;52;19068;1003;440;4;309;13;202;168;1;113;0;97;0
HAD;2023;190000026;CENTRE HOSPITALIER COEUR DE CORREZE;190000059;0;;;;;237077;1;0;0;0;1;0;1;0;1;0;0;0;85;655;0;355;3;25262;0;5296;371;541;0;335;3;274;224;0;181;0;164;0
HAD;2023;190010629;HAD RELAIS SANTE ONCORESE;190010579;0;;;;;240000;1;0;0;0;0;1;1;0;1;0;0;1;60;1313;0;64;1103;11560;0;2149;2453;286;0;58;141;79;22;39;10;0;5;1
HAD;2023;210003059;SERVICE D'HOSPITALISATION A DOMICILE;210781266;0;;;;;385000;1;0;0;0;1;1;;;1;0;0;0;65;540;0;189;23;16937;0;6891;786;367;0;138;15;122;59;3;59;0;22;0
HAD;2023;210780789;CLINIQUE MUTUALISTE BENIGNE JOLY;210003208;0;;;;;367011;1;1;0;0;1;1;;;1;0;0;0;60;418;0;145;62;12787;0;4504;2442;295;0;118;41;112;58;6;43;0;24;2
HAD;2023;210987657;HOSPICES CIVILS DE BEAUNE;210012175;0;;;;;110000;1;0;0;0;1;1;;;1;0;0;0;35;458;0;179;48;7376;0;2105;441;250;0;142;9;102;80;2;77;0;61;0
HAD;2023;210987731;CLCC GEORGES-FRANCOIS LECLERC;210780417;0;;;;;250000;1;1;0;0;1;1;;;1;0;0;1;16;412;0;100;237;4866;0;2005;1293;108;0;57;64;25;17;9;0;0;0;0
HAD;2023;220000368;CENTRE HOSPITALIER LANNION;220000103;1;1;220000541;;;;1;1;0;0;1;1;;;1;0;1;0;30;301;0;136;7;10243;0;3837;453;212;0;87;6;88;42;1;35;0;21;0
HAD;2023;220000541;CENTRE HOSPITALIER PAIMPOL;220000152;0;;;;;;1;1;0;0;1;0;1;0;0;0;1;0;10;133;0;73;6;4047;0;1246;189;105;0;68;3;41;38;0;15;0;8;0
HAD;2023;220019616;HAD DU PAYS BRIOCHIN;220019608;0;;;;;235052;0;0;0;0;1;1;1;0;1;0;0;0;100;963;0;368;24;30254;0;13309;687;750;0;307;12;287;129;0;132;0;14;1
HAD;2023;220020341;HAD DU PAYS DE GUINGAMP AUB SANTE;350000626;0;;;;;75441;0;0;0;0;1;1;1;0;1;0;0;0;30;378;0;125;4;10665;0;3585;189;311;0;110;4;135;45;0;89;0;7;0
HAD;2023;230782617;CRRF ANDRE LALANDE;920028560;1;4;230782617;;;116617;0;1;0;0;1;0;1;0;1;0;0;0;37;403;0;109;101;11510;0;4166;470;218;0;95;22;70;35;7;7;0;0;0
HAD;2023;240000489;CENTRE HOSPITALIER DE PERIGUEUX;240000117;0;;;;;182000;1;1;0;0;1;1;;;1;0;0;1;49;1173;0;167;457;16526;0;3463;1616;595;0;162;80;279;108;23;177;0;54;3
HAD;2023;240000687;CENTRE HOSPITALIER SARLAT;240000448;0;;;;;80000;1;1;0;0;1;0;1;0;1;0;0;0;30;211;0;103;9;7116;0;2774;240;172;0;94;5;65;47;0;31;0;21;0
HAD;2023;240011668;HAD DE LA CLINIQUE PASTEUR;240000612;0;;;;;;0;0;0;0;1;1;1;0;1;0;0;0;30;487;0;235;18;15869;0;5778;331;379;0;221;11;190;127;2;124;0;82;1
HAD;2023;250012069;HOSPITALIA MUTUALITE HAD PONTARLIER;250017803;0;;;;;;0;0;0;0;1;1;0;0;1;0;0;0;30;449;0;187;0;10748;0;7615;0;221;0;157;0;83;77;0;32;0;30;0
HAD;2023;250016037;HOSPITALIA MUTUALITE HAD ETUPES;250017803;0;;;;;17200;;0;0;0;1;1;0;0;1;0;0;0;60;622;0;325;9;27264;0;15766;159;447;0;269;6;131;103;0;33;0;26;0
HAD;2023;250016045;HOSPITALIA MUTUALITE HAD;250017803;0;;;;;525000;0;0;0;0;1;1;0;0;1;0;0;0;80;910;0;376;6;28027;0;15529;87;524;0;316;4;179;151;0;33;0;27;0
HAD;2023;260000138;CH PORTES PROVENCE MONTELIMAR;260000047;0;;;;;225000;1;1;0;0;1;0;1;0;1;0;0;0;30;310;0;25;98;9928;0;799;2652;209;0;25;46;56;9;12;7;0;2;0
HAD;2023;260000146;CH DE CREST;260000054;1;3;260000054;;;500000;1;0;1;0;1;1;1;;1;1;1;1;160;2007;290;449;551;52129;3568;12220;9059;1203;269;383;182;315;183;43;77;0;47;3
HAD;2023;270000441;CH VERNEUIL-SUR-AVRE;270000110;0;;;;;55000;1;1;0;0;1;0;1;0;1;0;0;0;25;205;0;75;24;4094;0;1573;432;138;0;62;9;62;40;2;50;0;30;1
HAD;2023;270016058;HAD EURE SEINE;750047367;0;;;;;270000;1;0;0;0;1;1;;;1;0;0;0;41;426;0;257;14;14961;0;7276;328;327;0;202;8;125;93;1;37;0;22;1
HAD;2023;270029416;HAD CH DE LA RISLE PONT AUDEMER;270000102;0;;;;;122143;1;1;0;0;1;1;1;;1;0;1;1;30;353;0;143;1;7087;0;2571;8;291;0;112;1;88;38;0;22;0;9;0
HAD;2023;280001678;ASSAD HAD D'EURE ET LOIR;370001638;1;1;;;;431443;1;1;0;0;1;1;0;0;1;1;1;1;100;1263;159;216;214;18814;2509;4346;1448;734;131;172;45;178;61;7;75;1;27;0
HAD;2023;290000785;ETABLISSEMENT DE SOINS HOTEL DIEU;220020739;0;;;;;300000;0;0;0;0;1;1;;;1;0;1;1;110;1339;0;631;172;29251;0;12843;626;929;0;567;38;399;325;5;239;0;207;0
HAD;2023;290032838;HAD DES PAYS DE MORLAIX;350000626;0;;;;;154407;0;0;0;0;1;1;1;0;1;0;0;0;70;921;0;202;31;21981;0;6286;542;653;0;176;12;349;84;1;263;0;23;0
HAD;2023;290036375;HAD DU PONANT SITE CLINIQUE GD LARGE;290000447;0;;;;;;0;0;0;0;1;1;;;1;0;0;1;110;2248;0;718;87;34047;0;9554;529;1509;0;684;21;731;513;7;637;0;466;2
HAD;2023;2A0001988;HAD AJACCIO ET GRAND AJACCIO;2A0001848;0;;;;;90000;1;1;0;0;1;0;1;0;1;0;0;0;45;343;0;80;4;10942;0;2933;86;173;0;61;3;69;33;1;27;0;9;0
HAD;2023;2A0002614;CENTRE HOSPITALIER DE SARTENE;2A0002606;0;;;;;60000;;;;;;;;;1;0;0;0;25;181;0;139;1;7649;0;6481;43;124;0;100;1;65;58;0;9;0;8;0
HAD;2023;2B0000038;CH CORTE;2B0004246;1;1;200205359;;;75000;0;0;0;0;1;0;1;1;1;0;0;1;20;185;0;41;49;10215;0;1081;3440;126;0;40;30;49;23;6;15;0;3;0
HAD;2023;2B0001739;HAD DE CORSE;2B0001689;0;;;;;142977;1;0;0;0;1;1;;;1;0;0;0;60;588;3;7;53;18400;37;35;2457;350;1;7;29;130;6;7;40;0;3;0
HAD;2023;2B0003289;HAD CENTRE RAOUL FRANCOIS MAYMARD;2B0003198;0;;;;;86500;1;0;0;0;1;1;;;1;0;0;0;160;1667;0;234;1068;50809;0;9061;21119;540;0;167;202;225;68;42;101;0;10;4
HAD;2023;300000031;CH LOUIS PASTEUR BAGNOLS SUR CEZE;300780053;1;3;300000031;300000056;300000064;178000;1;0;0;0;1;1;;;1;0;0;1;13;266;0;57;100;5673;0;1491;1353;124;0;48;24;46;22;4;3;0;0;3
HAD;2023;300000056;CH PONT ST ESPRIT;300780079;1;1;300000031;;;;0;0;0;0;0;0;1;0;1;0;0;0;5;245;0;56;12;3368;0;1244;309;215;0;56;8;96;21;2;77;0;14;1
HAD;2023;300000064;CH UZES;300780087;0;;;;;93000;1;1;0;0;1;1;;;1;0;1;1;8;192;0;32;106;3671;0;1214;758;70;0;27;15;32;16;1;14;0;9;0
HAD;2023;300012309;ADENE HAD NIMES;340027937;0;;;;;391866;1;1;0;1;1;1;;;1;0;0;0;50;508;0;239;8;13388;0;7491;417;403;0;222;6;209;146;0;132;0;105;1
HAD;2023;300013745;ADENE HAD ALES;340027937;0;;;;;197729;1;1;0;1;1;1;;;1;0;0;0;50;454;0;172;17;11787;0;4170;395;315;0;151;9;118;80;1;73;0;49;0
HAD;2023;300013778;HAD 3G SANTE NIMES;300013760;0;;;;;405000;0;0;0;0;1;1;0;0;1;0;0;0;139;1899;0;955;26;51014;0;33094;438;1262;0;843;18;672;544;1;363;0;299;2
HAD;2023;310005459;HAD SANTE RELAIS DOMICILE;310021886;1;2;310005459;310005459;;990000;0;0;0;0;1;1;;;1;0;0;1;170;2558;248;388;812;48963;6098;17820;4297;1161;218;316;153;227;115;39;83;0;43;0
HAD;2023;310016977;HOPITAUX MERE & ENFANTS CHU TOULOUSE;310781406;0;;;;;;1;1;0;0;0;1;;;0;1;0;0;10;329;187;0;0;3256;1421;0;0;283;164;0;0;0;0;0;0;0;0;0
HAD;2023;310780259;CL PASTEUR TOULOUSE;310000096;1;2;310780259;310780259;;1047191;0;0;0;0;1;1;;;1;0;0;1;120;2162;2;499;598;44002;19;15023;5491;1150;2;421;173;318;134;15;170;0;47;2
HAD;2023;320004328;HAD GERS CL PASTEUR;310000096;0;;;;;191377;0;0;0;0;1;1;0;0;1;0;0;1;50;516;0;159;82;16454;0;4746;1163;358;0;129;28;105;48;1;36;0;15;0
HAD;2023;330000332;HOPITAL SUBURBAIN DU BOUSCAT;330780545;0;;;;;386000;1;0;1;1;1;0;1;0;1;1;0;1;225;1936;23;510;405;45524;307;17534;2731;902;21;425;67;291;212;11;140;0;113;0
HAD;2023;330000340;MSP BORDEAUX BAGATELLE;330780552;0;;;;;1053000;1;1;0;0;1;1;;;1;0;0;0;230;4594;256;785;2023;79247;6112;29078;8063;1764;206;649;283;517;308;59;229;0;150;4
HAD;2023;330000589;CH SUD GIRONDE - SITE LANGON;330027509;1;1;330027509;;;111335;1;1;0;0;1;1;;;1;0;0;1;40;541;58;103;193;9605;1194;2850;1037;241;37;88;27;67;35;5;27;0;17;1
HAD;2023;330025958;HAD DES VIGNES ET DES RIVIERES;330025859;0;;;;;308469;1;1;0;1;1;1;0;0;1;0;0;1;120;1830;17;618;409;43356;167;24662;1943;926;15;511;97;365;283;13;218;0;178;0
HAD;2023;340000223;HOPITAL ST CLAIR HBT SETE;340011295;0;;;;;149000;1;0;0;0;1;1;1;0;1;0;0;0;35;294;0;135;31;10821;0;5491;1225;221;0;119;16;97;63;5;39;0;28;0
HAD;2023;340016476;HAD BEZIERS HAD;340016468;0;;;;;250000;0;0;0;1;1;1;;;1;0;0;1;140;1384;0;416;84;44341;0;13688;4512;1028;0;352;53;532;174;8;354;0;60;2
HAD;2023;340017839;ADENE HAD MONTPELLIER;340027937;0;;;;;546961;1;1;0;1;1;1;;;1;0;0;0;90;730;0;355;25;25010;0;10009;576;567;0;325;12;275;205;2;210;0;152;0
HAD;2023;340017847;HAD HOME SANTE 34;340018175;0;;;;;;0;0;0;0;1;1;;;1;0;0;0;78;736;0;436;27;28469;0;15619;512;596;0;375;20;310;253;4;125;0;103;1
HAD;2023;340021211;HAD CH BEZIERS;340780055;1;1;340016476;;;;1;0;0;;1;1;;;1;0;0;0;20;244;0;79;16;10291;0;2145;631;172;0;68;7;61;33;1;20;0;8;0
HAD;2023;340780154;POLYCL PASTEUR PEZENAS;340000116;0;;;;;150000;1;0;0;0;1;1;;;1;0;0;0;100;532;0;308;13;25227;0;12090;930;434;0;275;10;228;169;1;149;0;114;1
HAD;2023;340782036;HOPITAL ST ELOI CHU MONTPELLIER;340780477;1;1;340796663;;;507500;1;0;1;0;1;1;;;1;1;0;1;107;1411;168;181;385;34768;2605;6653;7852;886;156;162;131;152;88;20;36;0;22;3
HAD;2023;350007084;CHRU RENNES SITE HOPITAL SUD;350005179;0;;;;;;0;0;0;0;1;0;1;0;1;0;0;0;6;193;84;1;0;2101;585;6;0;174;81;1;0;0;0;0;0;0;0;0
HAD;2023;350042628;HAD 35;350042578;1;2;350042628;;;900000;0;0;0;1;1;1;1;1;1;0;0;0;350;4960;346;1362;246;97108;2799;30894;3164;2580;141;1233;90;1184;871;10;843;0;720;3
HAD;2023;350044772;HAD SAINT MALO DINAN;350000626;0;;;;;263728;0;0;0;0;1;1;1;0;1;0;0;0;120;1154;0;264;13;34275;0;6139;284;830;0;245;8;399;121;1;211;0;15;0
HAD;2023;360000137;CH CHATEAUROUX;360000053;1;4;360000137;360000103;360000160;217312;1;0;0;0;1;1;;;1;0;0;0;30;524;0;110;97;9356;0;2358;407;331;0;105;26;105;53;11;36;0;20;0
HAD;2023;370009938;HAD VAL DE LOIRE;440052041;0;0;;;;426000;0;0;0;0;1;1;;;1;1;1;1;160;2010;4;884;166;55984;53;24572;1944;1360;3;743;43;695;489;7;432;0;313;1
HAD;2023;370103673;ASSAD HAD D'INDRE ET LOIRE;370001638;1;3;;;;612119;1;1;0;0;1;1;0;0;1;1;1;1;130;1484;4;405;102;31601;44;10596;700;848;4;343;19;332;195;5;159;0;104;0
HAD;2023;380000067;HOPITAL NORD - CHU38;380780080;0;;;;;572169;1;1;0;0;1;1;;;1;0;0;0;82;3859;273;105;2810;19711;3997;2387;3591;908;205;94;357;116;33;52;13;0;3;0
HAD;2023;380000174;CH LUCIEN HUSSEL DE VIENNE;380781435;0;;;;;190640;1;1;0;0;1;1;;;1;0;0;1;40;369;0;206;46;13792;0;8775;1036;252;0;165;16;86;72;1;25;0;24;0
HAD;2023;380000406;HOPITAL DE VOIRON - CHU38;380780080;0;;;;;200000;0;0;0;0;;;;;1;0;0;0;18;221;0;64;1;5736;0;2023;10;111;0;49;1;31;13;0;18;0;5;0
HAD;2023;390004349;HAD 39;250017803;0;;;;;;;;;;;;;;1;0;0;0;60;373;0;104;6;8614;0;4263;167;185;0;89;5;51;34;1;18;0;11;0
HAD;2023;400780250;CENTRE NOUVIELLE;400011177;0;;;;;183000;0;0;0;0;1;1;;;1;0;0;0;30;287;0;125;1;10213;0;3817;7;220;0;104;1;67;43;0;49;0;30;0
HAD;2023;400780888;SANTE SERVICE DAX -HAD-;400000535;0;;;;;240000;0;0;0;0;1;1;0;0;1;0;0;0;180;1037;0;396;24;62946;0;19910;631;714;0;315;5;276;170;0;39;0;28;0
HAD;2023;410005003;HAD LOIR ET CHER;440052041;0;;;;;330700;1;0;1;0;1;1;;;1;1;1;1;240;1856;146;803;81;59126;2238;26289;1589;1339;122;634;39;538;363;3;210;0;150;1
HAD;2023;420000010;CH DE ROANNE;420780033;0;;;;;180000;1;0;0;0;1;0;1;0;1;0;0;1;50;264;0;152;56;8786;0;5578;869;171;0;123;15;46;36;4;9;0;7;0
HAD;2023;420002479;ADENE HOSPITALISATION A DOMICILE;340027937;0;;;;;3265924;1;1;0;1;1;1;;;1;1;0;0;190;1687;281;229;171;54905;5222;7085;8672;1160;237;186;119;149;72;27;82;2;17;6
HAD;2023;420010258;GCS SANTE A DOM SAINT-PRIEST-EN-JAREZ;420010209;0;;;;;510194;0;0;0;0;1;1;;;1;0;0;0;110;690;0;275;155;31289;0;9604;8325;523;0;237;103;189;125;19;72;0;33;3
HAD;2023;430000117;CH EMILE ROUX LE PUY;430000018;0;;;;;226835;0;;;;0;0;0;1;1;0;0;0;42;539;0;193;73;15351;0;5662;2846;363;0;165;52;99;65;4;48;0;30;2
HAD;2023;440000016;CH DE SAINT NAZAIRE;440000057;0;;;;;300000;1;1;0;0;1;1;;;1;0;0;1;90;2100;0;458;476;23951;0;6123;1710;1259;0;422;82;476;246;19;240;0;150;2
HAD;2023;440000271;CHU DE NANTES SITE HOTEL DIEU HME;440000289;0;;;;;;0;0;0;0;1;1;0;0;1;0;0;0;12;938;48;5;494;6161;196;139;3878;157;44;3;44;0;0;0;0;0;0;0
HAD;2023;440012128;HAD NANTES ET REGION;440003960;1;3;440012128;;;1095450;0;0;0;0;1;1;;;1;0;1;0;250;5039;126;1414;624;88781;1749;29435;3414;3380;106;1272;131;967;694;14;546;0;436;2
HAD;2023;450018528;ASSAD HAD DU LOIRET;370001638;1;2;;;;682304;1;1;0;0;1;1;0;0;1;1;1;1;110;1082;389;192;40;19057;4298;3520;537;810;353;154;15;145;79;2;75;0;37;0
HAD;2023;450018536;HAD ORLEANS MONTARGIS;440052041;0;;;;;;1;0;0;0;;;;;1;0;0;0;240;3037;681;960;385;80300;5592;25032;4162;2161;668;876;90;780;578;25;491;0;384;1
HAD;2023;460000110;CH JEAN ROUGIER CAHORS;460780216;0;;;;;57000;1;1;0;0;1;1;0;0;1;1;0;1;20;143;3;33;8;3871;87;454;146;107;3;32;5;34;12;1;13;0;6;0
HAD;2023;460007404;HAD 46 FIGEAC;460007396;1;6;460007404;460007404;460007404;180000;1;1;0;0;1;1;;;1;0;0;1;90;684;0;370;41;29602;0;14323;1633;466;0;289;19;248;178;2;151;0;110;1
HAD;2023;470009358;HOSPITALISATION A DOMICILE 47;470009309;0;;;;;331970;1;0;0;0;1;1;0;0;1;0;0;0;110;1079;3;519;5;33504;39;17453;41;766;3;404;4;258;156;0;122;0;69;0
HAD;2023;480001825;HAD LOZERE MENDE;750047367;0;;;;;77000;1;0;0;0;1;1;;;1;0;0;0;44;409;1;175;24;16196;16;5723;901;237;1;134;16;86;66;3;49;0;43;0
HAD;2023;490000312;HAD SAINT SAUVEUR;490012176;0;;;;;511950;1;1;0;0;1;0;1;0;1;1;1;1;140;3706;182;580;378;40669;2079;11923;1326;2016;155;494;60;472;264;14;208;0;144;0
HAD;2023;490016334;HAD MAUGES BOCAGE CHOLETAIS;490016326;1;1;490016334;;;270948;1;1;0;0;1;1;;;1;1;1;1;75;1418;0;493;124;16309;0;5608;1205;1006;0;461;62;442;313;7;336;0;286;3
HAD;2023;490016870;HAD OUEST ANJOU SAUMUROIS;440052041;0;;;;;113000;1;0;0;0;1;1;;;1;0;1;1;45;692;0;251;125;13592;0;4630;1265;447;0;222;28;180;137;9;111;0;96;0
HAD;2023;500000021;CHAG - SITE AVRANCHES;500000054;0;;;;;106000;1;0;0;0;1;0;1;0;1;0;0;0;30;564;0;157;87;9925;0;2720;452;367;0;150;16;165;107;2;88;0;62;0
HAD;2023;500000187;CHPC - SITE CHERBOURG;500000013;0;;;;;178851;1;0;0;0;1;0;1;0;1;0;0;1;35;866;0;124;7;9417;0;3228;197;354;0;102;4;104;38;0;57;0;0;0
HAD;2023;500000450;CH MEMORIAL - SAINT-LO;500000112;1;2;500000112;500000112;;;1;1;0;0;1;1;;;1;0;0;0;45;570;0;205;11;14489;0;3483;178;422;0;182;7;140;90;1;48;0;32;0
HAD;2023;500021274;HAD DU CH DE VIRE SITE DE MORTAIN;140000159;0;0;;;;;;;0;0;1;1;0;0;1;0;0;0;10;106;0;29;0;2362;0;875;0;64;0;18;0;19;8;0;9;0;2;0
HAD;2023;500021282;HAD DU CH DE VIRE SITE DE VILLEDIEU;140000159;0;0;;;;;0;0;0;0;1;1;;;1;0;0;0;10;91;0;27;0;2721;0;1285;0;64;0;25;0;19;14;0;4;0;1;0
HAD;2023;510000250;CENTRE HOSPITALIER VITRY LE FRANCOIS;510000078;1;1;520000068;;;;1;1;;;1;1;;;1;0;0;0;30;246;0;39;4;7492;0;796;110;139;0;36;1;30;15;0;8;0;2;0
HAD;2023;510002298;HAD DE REIMS CROIX ROUGE FRANCAISE;750721334;0;;;;;271034;1;0;0;0;1;1;0;0;1;0;0;0;95;779;0;176;7;17206;0;6571;208;359;0;142;4;97;68;0;25;0;14;0
HAD;2023;510017098;HAD EPERNAY;510000060;0;;;;;;1;0;0;0;1;1;;;1;0;0;0;30;319;0;98;23;6338;0;2726;533;207;0;81;17;72;39;3;46;0;25;0
HAD;2023;510020548;HAD CHALONS-EN-CHAMPAGNE;750047367;0;;;;;110000;1;0;0;0;1;1;;;1;0;0;0;34;374;0;181;4;12432;0;6086;180;265;0;150;4;110;79;0;39;0;32;0
HAD;2023;520003823;HAD CHAUMONT LANGRES;750047367;0;;;;;110000;1;0;0;0;;;;;1;0;0;0;36;399;0;249;26;13456;0;8939;1081;236;0;148;17;87;65;6;33;0;17;1
HAD;2023;530000017;CH HAUT ANJOU SITE CHATEAU GONTIER;530000025;0;;;;;80000;1;1;0;0;1;0;1;0;1;0;0;0;18;369;0;95;19;4919;0;1040;163;286;0;90;6;128;61;0;58;0;42;0
HAD;2023;530000173;CH DU NORD MAYENNE;530000074;0;;;;;;;;;;;;;;0;0;0;0;12;233;0;86;20;4184;0;1018;226;184;0;82;10;80;52;1;75;0;57;1
HAD;2023;530000264;CENTRE HOSPITALIER DE LAVAL;530000371;1;2;530000173;530000017;;150000;1;0;0;0;1;0;0;0;1;0;1;0;35;487;1;239;40;8485;25;3024;284;397;1;234;6;201;164;1;147;0;135;0
HAD;2023;540000155;CENTRE HOSPITALIER DE LUNEVILLE;540000080;0;0;;;;120000;1;0;0;0;1;0;1;0;1;1;0;1;50;582;53;221;69;17415;1202;7663;1312;411;42;198;24;153;106;5;70;0;54;1
HAD;2023;540001096;CH DE MT ST MARTIN (GROUPE SOS SANTE);570010181;0;;;;;120000;1;0;0;0;1;1;;;1;0;0;0;30;266;0;141;2;7390;0;2997;50;209;0;110;1;80;65;0;48;0;39;0
HAD;2023;540010568;HAD HADAN AGGLOMERATION NANCEIENNE;540010519;0;;;;;413000;1;0;0;0;1;1;;;1;1;1;1;195;2756;306;763;509;71081;6184;23049;5091;1788;244;602;130;652;320;22;230;0;167;3
HAD;2023;540020146;CENTRE DE REEDUCATION FLORENTIN;540006707;0;;;;;500000;1;0;0;0;1;1;;;1;0;1;1;70;607;0;134;15;16878;0;1766;201;530;0;126;12;292;82;2;124;0;71;0
HAD;2023;540025046;HAD HADAN SITE JOEUF;540010519;0;;;;;190292;1;0;0;0;;;;;1;1;1;1;27;373;71;199;18;9784;1368;4572;191;276;53;161;4;92;83;0;65;0;59;0
HAD;2023;550000012;CH VERDUN/ST MIHIEL-HOP ST NICOLAS;550006795;0;;;;;100000;1;1;0;0;1;1;0;0;1;1;1;1;30;425;24;124;45;10217;373;3850;428;250;20;110;16;79;50;3;41;0;25;0
HAD;2023;550000434;CH BLD FV SITE BLD;550003354;1;1;550000434;;;75000;1;1;1;1;1;1;0;0;1;0;1;1;150;543;0;255;29;33835;0;13233;124;417;0;241;9;211;156;3;99;0;84;0
HAD;2023;560000192;CENTRE HOSPITALIER DE PLOERMEL;560000044;0;;;;;126248;1;1;0;1;1;1;0;0;1;0;0;0;40;436;0;195;2;8847;0;4016;78;290;0;183;2;132;112;0;100;0;91;0
HAD;2023;560008799;H‘PITAL PRIV… OC…ANE;560013989;0;;;;;;1;1;0;0;1;0;0;0;1;1;0;1;120;1623;109;764;53;41726;1978;24159;1790;1104;92;645;23;399;276;3;167;0;111;1
HAD;2023;560018509;HAD DE L'AVEN A ETEL;560018459;0;0;;;;298645;1;1;0;0;1;1;0;0;1;1;0;0;200;1559;182;675;58;55146;1214;25418;2856;1175;179;594;44;411;333;2;190;0;155;1
HAD;2023;560022188;HAD CENTRE BRETAGNE;350000626;0;;;;;131965;0;0;0;0;1;;1;0;1;0;0;0;60;563;1;223;24;17147;17;7779;447;390;1;180;11;175;90;2;63;0;4;0
HAD;2023;570000091;HOPITAL FILIERIS DE FREYMING-MERLEBACH;750050759;0;;;;;255000;1;0;0;0;1;1;1;0;1;1;1;1;60;532;7;215;16;16507;135;6337;681;417;7;189;12;147;96;3;69;0;39;1
HAD;2023;570000117;CH SAINT-NICOLAS DE SARREBOURG;570015099;0;;;;;;1;0;0;0;1;1;0;0;1;0;0;0;60;599;0;228;44;18673;0;5029;2406;380;0;188;31;202;120;4;119;0;69;0
HAD;2023;570000281;HOPITAL D'HAYANGE - CHR;570005165;0;;;;;217925;0;0;0;0;1;1;;;0;1;0;0;13;43;43;0;0;684;684;0;0;36;36;0;0;0;0;0;0;0;0;0
HAD;2023;570000349;HOPITAL BEL AIR DE THIONVILLE - CHR;570005165;0;;;;;217925;0;0;0;0;1;1;;;0;1;0;0;13;54;54;0;0;972;972;0;0;51;51;0;0;0;0;0;0;0;0;0
HAD;2023;570000901;HOPITAL ROBERT PAX DE SARREGUEMINES;570000158;0;;;;;;0;0;0;0;1;1;;;1;0;0;0;35;237;0;116;0;7084;0;4087;0;176;0;90;0;47;26;0;17;0;9;0
HAD;2023;570026252;HOPITAL ROBERT SCHUMAN DE VANTOUX -HPM;570023630;0;;;;;350000;1;0;0;0;1;1;;;1;1;1;1;70;1302;135;416;185;25441;2780;6218;1273;935;109;390;38;345;226;12;277;0;192;1
HAD;2023;580001899;HOSP. A DOMICILE NIVERNAIS MORVAN;750721334;0;;;;;140000;1;0;0;0;1;1;0;0;1;0;0;1;30;279;0;99;9;12543;0;4060;432;178;0;77;8;50;26;0;17;0;3;0
HAD;2023;590025128;HAD DU HAINAUT;620001834;0;;;;;351000;0;0;0;0;1;0;0;0;1;0;0;0;100;1272;0;491;27;23480;0;10932;937;802;0;465;11;281;238;1;192;0;168;2
HAD;2023;590025458;HAD DU CH D'HAZEBROUCK;590782652;0;;;;;209322;0;0;0;0;1;1;;;1;1;1;1;30;977;4;367;331;18162;47;9508;1055;585;3;327;50;259;215;8;157;0;129;0
HAD;2023;590032108;HOPITAL A DOMICILE DU DOUAISIS MUTUALI;590024469;0;;;;;245549;0;0;0;0;1;1;;;1;0;0;0;60;778;0;384;22;17411;0;9751;94;548;0;332;7;231;172;2;121;0;90;0
HAD;2023;590032199;HOPITAL A DOMICILE DU CAMBRESIS;590024469;0;;;;;159911;0;0;0;0;1;1;;;1;0;0;0;50;532;0;226;1;13316;0;4757;67;384;0;194;1;139;100;0;94;0;75;0
HAD;2023;590035838;HAD SAMBRE AVESNOIS;590000485;0;;;;;240000;1;0;0;0;1;1;;;1;0;0;0;45;343;0;157;1;10024;0;4208;53;285;0;152;1;86;69;0;23;0;20;0
HAD;2023;590043469;HOPITAL A DOMICILE DE FLANDRE MARITIME;590024469;0;;;;;249501;0;0;0;0;1;1;;;1;0;0;0;85;710;0;353;2;27469;0;10264;102;564;0;319;2;233;175;0;140;0;100;0
HAD;2023;590045407;HAD CHU LILLE;590780193;0;;;;;126;1;0;;;1;0;1;0;1;1;1;1;65;2924;489;125;1198;26024;9776;3014;3524;1165;416;106;191;98;25;39;22;0;6;1
HAD;2023;590046124;SANTELYS HAD ROUBAIX ET ENVIRONS;590799995;0;;;;;1200000;0;0;0;0;1;1;;;1;0;0;1;100;650;2;339;13;24211;4;10182;284;511;2;292;3;228;170;0;121;0;81;0
HAD;2023;590048476;GCS GHICL HAD SYNERGIE R……DUC-R…ADAPTA;590051801;0;;;;;;0;0;0;0;1;0;0;0;1;0;0;1;60;1060;0;504;86;21571;0;8451;467;789;0;469;18;418;320;5;313;0;256;0
HAD;2023;590812509;SANTELYS HAD LILLE METROPOLE;590799995;0;;;;;1200000;0;1;0;0;1;1;;;1;0;0;1;170;1425;0;765;26;49477;0;21965;287;1041;0;642;9;399;319;0;159;0;140;0
HAD;2023;600000194;CH BEAUVAIS;600100713;0;;;;;235000;1;1;0;0;1;0;1;0;1;0;0;0;35;537;1;313;55;12071;7;5096;502;426;1;288;18;199;181;4;146;0;139;0
HAD;2023;600003008;SERVICE HOSPITALISATION A DOMICILE;600113278;1;1;600003008;;;391107;0;0;0;0;1;1;1;0;1;1;1;1;130;901;20;379;134;36909;586;13829;5179;558;16;259;73;160;107;11;61;0;38;0
HAD;2023;600010102;HAD CHICN COMPI»GNE;600100721;0;;;;;180000;1;1;0;0;1;1;;;1;0;0;0;33;472;0;88;5;8143;0;2212;235;240;0;74;5;71;29;2;38;0;5;0
HAD;2023;610004269;SERVICE D'HOSPITALISATION ¿ DOMICILE;610787038;0;;;;;57530;1;0;0;;1;0;1;0;1;0;0;0;30;149;0;58;1;8000;0;3376;12;104;0;37;1;38;16;0;7;0;0;0
HAD;2023;610005837;HOSPITALISATION A DOMICILE - ALENCON;610787285;0;;;;;63812;1;0;0;0;1;0;1;0;1;0;0;0;20;227;0;106;21;3979;0;1814;360;172;0;90;16;74;46;2;25;0;13;0
HAD;2023;610006256;HAD ORNE-EST;610006769;1;1;610006777;;;50406;1;1;0;0;1;0;1;0;1;0;0;0;20;141;0;57;12;4930;0;2077;196;107;0;49;4;37;24;0;6;0;1;0
HAD;2023;610006777;HAD ORNE EST - SITE DE L'AIGLE;610006769;1;1;610006256;;;21943;1;1;0;0;1;0;1;0;1;0;0;0;10;78;0;44;3;2528;0;1289;89;60;0;32;2;18;12;0;2;0;2;0
HAD;2023;610007155;HAD - LA FERTE MACE (ANTENNE ALENCON);610787285;0;;;;;40570;1;0;1;0;1;0;1;0;1;0;0;0;10;69;0;39;7;1671;0;878;132;59;0;32;6;20;15;0;3;0;0;0
HAD;2023;610007312;HAD DU CH DE VIRE - SITE DE FLERS;140000159;0;;;;;;0;0;0;0;1;1;;;1;0;0;0;15;206;0;55;5;4236;0;1332;118;161;0;48;3;70;24;0;50;0;7;0
HAD;2023;620003889;SANTELYS HAD DU B…THUNOIS;590799995;0;;;;;320000;1;0;0;0;1;1;;;1;0;0;0;150;1335;0;616;71;54155;0;23315;581;921;0;485;16;290;224;4;88;0;62;1
HAD;2023;620010348;HAD CALAIS - SAINT OMER;590024469;0;;;;;282252;0;0;0;0;1;1;;;1;0;0;0;85;956;0;408;9;24284;0;11101;65;605;0;337;2;211;158;0;94;0;76;1
HAD;2023;620010389;SANTELYS HAD ARTOIS ET TERNOIS;590799995;0;;;;;280000;0;0;0;0;1;1;;;1;0;0;0;170;1400;87;723;14;59178;2345;26241;275;1033;73;582;9;455;329;2;215;1;168;0
HAD;2023;620013649;HAD DU LITTORAL BOULOGNE MONTREUIL;620013599;1;3;620013649;;;280000;0;0;0;0;1;1;;;1;0;0;0;120;1064;0;580;48;31537;0;13228;310;777;0;504;9;330;272;4;164;0;140;0
HAD;2023;620105981;HOPITAL A DOMICILE REGION DE LENS;620000968;0;;;;;400000;0;0;0;0;1;0;0;0;1;0;0;0;220;2047;28;863;233;66047;501;26225;912;1374;19;726;40;485;367;7;142;0;107;0
HAD;2023;630008118;HAD CLERMONT-FERRAND;630011153;0;;;;;650000;1;0;0;0;1;1;;;1;0;1;0;75;503;0;92;46;16812;0;2280;3484;340;0;75;35;121;43;3;71;0;20;1
HAD;2023;630010296;HAD 63 - SERVICE HAD;630001188;0;;;;;672500;0;0;0;0;1;1;1;0;1;0;0;1;400;1966;4;253;421;29565;33;4887;2934;1069;4;231;91;286;113;16;125;0;32;1
HAD;2023;630010528;AURA SANTE HAD CEBAZAT;630000990;0;;;;;500000;0;0;0;0;1;0;0;0;1;0;0;0;400;512;0;205;37;14838;0;7235;1737;312;0;160;24;103;69;2;14;0;4;0
HAD;2023;640000162;CH COTE BASQUE;640780417;0;0;;;;;1;1;0;0;1;0;1;0;0;1;0;0;6;198;197;0;0;2627;2625;0;0;155;154;0;0;0;0;0;0;0;0;0
HAD;2023;640000402;CENTRE HOSPITALIER D'ORTHEZ;640780813;1;2;640780813;;;103000;0;0;0;0;1;1;0;0;1;0;0;0;50;308;0;129;54;14057;0;4429;4388;247;0;120;39;98;60;13;39;0;29;0
HAD;2023;640000600;CENTRE HOSPITALIER DE PAU;640781290;0;;;;;170994;1;0;0;0;1;0;0;0;1;1;1;1;59;1245;0;219;265;15269;0;3373;884;653;0;210;45;263;131;7;91;0;64;0
HAD;2023;640013298;HAD BEARN ET SOULE;640011508;1;2;640013298;640013298;;122000;1;0;0;0;1;1;;;1;0;0;0;50;459;0;175;3;13536;0;4005;70;342;0;168;3;154;97;0;65;0;47;0
HAD;2023;640789699;HAD SANTE SERVICE BAYONNE ET REGION;640003570;0;;;;;310000;1;1;0;0;1;1;1;1;1;0;0;0;100;1066;8;288;300;35083;88;11037;1198;602;5;244;41;204;128;13;70;0;39;3
HAD;2023;650004799;GCS RESAPY HAD TARBES;650003148;1;2;650004799;;;231000;0;0;0;0;1;1;;;1;0;0;0;64;1030;0;498;180;22067;0;10515;1030;693;0;457;27;307;233;8;170;0;136;0
HAD;2023;660000084;CH PERPIGNAN;660780180;1;1;660000167;;;240000;1;1;0;0;1;1;;;1;1;0;1;45;978;64;159;177;14726;1516;4164;1053;500;56;127;21;122;54;10;29;0;10;0
HAD;2023;660006172;HAD MEDIHAD CABESTANY;660790379;0;;;;;245000;1;0;0;0;1;1;0;0;1;0;0;0;60;736;0;252;32;19100;0;9960;253;518;0;212;18;168;101;1;31;0;13;0
HAD;2023;670005479;HAD AURAL BERGSON;670000652;0;;;;;550000;1;1;0;0;1;;1;0;1;0;0;0;110;1682;0;295;11;34224;0;6065;136;1086;0;244;6;386;105;0;136;0;57;0
HAD;2023;670008838;HAD NORD ALSACE- FONDATION ST FRAN«OIS;670000785;0;;;;;350000;0;0;0;0;1;1;0;0;1;0;0;0;100;1039;0;155;75;27788;0;4165;922;667;0;129;11;157;44;0;35;0;5;0
HAD;2023;670780113;CMCO;670780055;0;;;;;505916;1;1;0;0;1;1;;;0;1;0;0;12;222;222;0;0;3005;3005;0;0;178;178;0;0;0;0;0;0;0;0;0
HAD;2023;670798636;CLINIQUE SAINT-LUC;670014604;0;;;;;;;;;;;;;;1;0;0;0;25;323;0;91;2;6617;0;1619;62;250;0;82;2;84;37;0;31;0;22;0
HAD;2023;680007648;HAD CENTRE ALSACE;680007598;0;;;;;400000;;;;;1;1;;;1;0;0;1;100;1629;0;375;34;34650;0;7752;55;1123;0;306;10;398;146;2;119;0;66;0
HAD;2023;680017829;HAD SUD ALSACE;680017811;0;;;;;490400;0;0;0;0;1;1;;;1;0;0;1;140;1453;323;469;93;45071;9140;14131;689;1087;271;389;30;250;141;5;81;0;30;1
HAD;2023;690000880;CENTRE LEON BERARD;690783220;0;;;;;1952721;1;1;0;1;1;1;0;0;1;0;0;0;213;8773;0;970;6838;83714;0;37377;22628;1907;0;700;980;248;157;87;8;0;8;0
HAD;2023;690788930;HAD SOINS ET SANTE LYON;690001623;1;2;690007588;380008979;;2000000;1;0;0;1;1;1;;;1;0;0;0;370;4148;0;983;641;125926;0;30341;10625;2463;0;873;227;989;494;40;329;0;107;2
HAD;2023;700000698;HOSPITALIA MUTUALITE HAD VESOUL;250017803;0;;;;;;0;0;0;0;1;1;0;0;1;0;0;0;35;294;0;144;2;12797;0;6733;49;194;0;112;1;46;36;0;10;0;5;0
HAD;2023;710015231;HAD NORD SAONE ET LOIRE;710015223;1;1;710015231;;;359602;1;0;1;1;1;1;;;1;0;0;1;140;1506;12;564;119;48274;108;18024;3794;1068;12;449;72;416;235;13;163;0;105;1
HAD;2023;710978289;CH LES CHANAUX MACON;710780263;0;0;;;;215000;1;0;0;0;1;1;0;0;1;0;0;0;50;707;2;119;93;16450;32;2600;2037;440;2;95;47;115;33;8;58;0;24;0
HAD;2023;720000124;CENTRE HOSPITALIER CHATEAU DU LOIR;720000066;0;;;;;;0;0;0;0;1;1;;;1;0;1;1;30;418;0;133;22;7813;0;3691;216;301;0;100;6;168;41;2;128;0;3;0
HAD;2023;720016856;HAD DE LA SARTHE;720008390;0;;;;;444169;0;0;0;0;1;1;0;0;1;0;1;1;75;1418;0;497;171;19528;0;8794;1205;714;0;437;35;349;278;10;229;0;209;1
HAD;2023;730000031;CHMS CHAMBERY NH;730000015;0;;;;;;1;1;0;0;1;1;;;1;0;0;0;30;1223;0;200;548;16607;0;5413;1368;462;0;170;90;127;66;14;31;0;11;1
HAD;2023;730000049;CH DE MOUTIERS;730002839;0;;;;;131691;1;1;0;0;1;0;1;0;1;0;0;1;23;423;0;82;243;6285;0;1999;1293;175;0;72;50;57;31;12;13;0;6;1
HAD;2023;730000080;CH DE SAINT JEAN DE MAURIENNE;730780103;0;;;;;42000;1;0;;;1;1;;;1;0;0;1;15;301;0;47;152;4904;0;1396;1438;106;0;36;27;30;12;5;2;0;0;0
HAD;2023;740000237;CH ANNECY-GENEVOIS SITE ANNECY;740781133;0;;;;;506832;1;0;0;0;1;1;;;1;0;0;0;35;412;0;115;121;9974;0;2548;1354;239;0;109;39;96;68;9;39;0;30;0
HAD;2023;740000328;HOPITAUX DU LEMAN;740790381;0;;;;;157071;1;1;0;0;1;1;;;1;0;0;1;30;899;0;167;521;10095;0;4119;1782;345;0;136;73;120;69;13;49;0;36;1
HAD;2023;740010475;HAD HAUTE-SAVOIE SUD;440052041;1;1;740010475;;;350000;1;1;0;0;1;1;;;1;0;0;0;85;902;0;478;25;27551;0;9855;1170;730;0;439;21;423;326;4;267;0;226;1
HAD;2023;740781141;CH ALPES LEMAN;740790258;0;;;;;300000;1;1;0;1;1;1;0;0;1;0;0;1;20;407;0;85;170;4830;0;935;789;230;0;83;38;79;48;4;36;0;21;0
HAD;2023;740781224;HOPITAUX DU MONT BLANC SITE SALLANCHES;740001839;0;;;;;110000;0;0;0;0;1;1;0;0;1;1;0;0;12;178;22;61;9;4149;546;1063;326;142;22;55;7;43;32;0;13;0;11;0
HAD;2023;750042459;HAD CROIX SAINT SIMON;750712341;1;4;750042459;;;12324300;0;0;0;0;1;1;;;1;1;0;1;450;5562;1747;762;816;137896;15126;30318;25682;3775;1681;624;304;536;286;41;186;0;65;1
HAD;2023;750806226;HOSPITALISATION A DOMICILE APHP PARIS;750712184;1;23;750806226;;;12210000;1;1;1;1;1;1;0;0;1;1;1;1;900;18299;2713;2450;6548;283808;34615;69437;33047;8021;2292;1828;1131;1649;959;237;637;0;337;8
HAD;2023;760000364;CHI DU PAYS DES HAUTES FALAISES FECAMP;760780734;0;;;;;180000;0;0;0;0;1;1;0;;1;0;0;0;30;406;0;192;2;9002;0;3619;8;330;0;164;2;119;82;0;67;0;45;0
HAD;2023;760000463;CH LES FEUGRAIS CHI ELBEUF;760024042;0;;;;;220000;1;1;0;0;1;0;1;0;1;0;0;0;30;528;0;184;26;8309;0;4206;126;387;0;165;9;146;77;0;100;0;44;0
HAD;2023;760020529;HAD DU CEDRE;760000257;0;;;;;219677;0;0;0;0;1;0;1;1;1;0;0;0;45;566;0;282;24;12302;0;5939;66;417;0;261;5;179;142;1;80;0;65;1
HAD;2023;760021329;HOPITAL PRIVE DE L'ESTUAIRE;760000448;0;;;;;270000;1;1;0;0;1;0;1;0;1;0;0;0;40;432;5;257;0;11442;20;4640;0;373;5;237;0;172;158;0;162;0;157;0
HAD;2023;760035709;HAD CAUX MARITIME;440052041;0;;;;;155000;0;0;0;0;1;1;0;0;1;0;0;0;75;713;0;407;9;21529;0;10270;169;579;0;353;4;244;187;0;112;0;86;0
HAD;2023;760783035;HOPITAL-HAD DE BOIS-GUILLAUME;750721334;0;;;;;;0;0;0;0;1;0;0;0;1;0;0;0;70;1085;0;346;210;20652;0;8014;644;656;0;307;24;288;181;3;162;0;97;0
HAD;2023;770000164;CH SUD SEINE ET MARNE SITE MONTEREAU;770021152;1;3;770000149;770000214;770000164;250000;1;1;;;1;0;1;0;1;0;0;0;80;412;0;258;2;20738;0;11497;46;289;0;175;2;142;110;1;97;0;73;0
HAD;2023;770016475;HAD DE L'EST FRANCILIEN 77;440060440;1;1;770016475;;;380000;0;0;0;0;1;1;;;1;0;0;0;80;455;0;109;15;10666;0;2412;624;314;0;101;9;120;63;3;54;0;33;0
HAD;2023;770021186;GCS HAD REGION DE MELUN - ACTIVITE;770021160;0;;;;;350000;1;1;0;0;1;1;;;1;0;0;0;90;940;0;221;22;31125;0;6509;982;784;0;193;18;292;124;2;136;0;62;1
HAD;2023;770021251;HAD NORD SEINE ET MARNE;440052041;1;1;770021251;;;500000;0;0;0;0;1;1;;;1;0;0;1;100;976;0;149;24;27430;0;3594;1026;731;0;139;18;289;87;5;228;0;62;1
HAD;2023;770700011;CENTRE DE READAPTATION DE COUBERT;930027347;0;0;;;;1500000;0;0;0;0;0;1;;;0;0;1;0;90;543;0;5;5;27559;0;156;285;423;0;4;5;121;2;1;8;0;0;0
HAD;2023;780004529;HAD KORIAN YVELINES SUD INICEA;310021233;0;0;;;;1000000;1;1;0;0;1;1;0;0;1;0;0;0;150;1058;0;658;18;36370;0;19427;1108;898;0;579;15;539;389;4;368;0;255;1
HAD;2023;780023545;HAD LEOPOLD BELLAN;750720609;0;;;;;178700;0;0;0;0;1;1;;;1;0;0;0;35;245;0;108;50;13013;0;5592;3144;171;0;76;31;70;43;6;19;0;9;1
HAD;2023;790017289;HAD NORD 79;790017271;0;;;;;152000;1;1;0;0;1;1;1;0;1;0;0;0;45;232;0;103;12;10399;0;4626;437;184;0;86;7;43;24;0;23;0;6;0
HAD;2023;790020960;CH NIORT- HAD SUD DEUX SEVRES;790000012;0;;;;;156743;0;0;0;0;0;0;0;0;1;0;0;0;90;970;2;367;212;35240;25;16070;2955;535;2;270;54;168;117;11;42;0;36;0
HAD;2023;800000226;CH DOULLENS;800000069;0;;;;;;1;0;0;0;1;1;0;0;1;0;0;0;30;284;0;101;15;10640;0;2675;58;192;0;92;2;86;60;1;26;0;18;1
HAD;2023;800000523;HAD ASS BOVES;800000853;0;;;;;250000;1;0;0;0;1;1;;;1;0;0;1;280;1505;25;505;104;91290;575;23263;6242;871;21;356;57;303;170;9;53;0;32;0
HAD;2023;800015448;HAD CH P…RONNE;800000093;0;;;;;;1;1;0;0;1;1;;;1;0;0;0;10;232;0;63;1;5105;0;2199;25;168;0;49;1;77;26;0;35;0;10;0
HAD;2023;800015489;HAD CH ALBERT;800000036;0;;;;;;1;1;0;0;1;0;1;0;1;0;0;0;10;162;0;79;4;5423;0;2428;396;120;0;69;2;64;40;1;34;0;22;0
HAD;2023;800015539;HAD CH ABBEVILLE;800000028;0;;;;;135000;1;1;0;0;1;0;1;1;1;0;0;0;30;285;0;110;6;8817;0;2815;204;229;0;96;5;73;36;0;17;0;6;0
HAD;2023;800015588;HAD CH HAM;800000077;0;;;;;;1;0;0;0;1;1;;;1;0;0;0;10;133;0;57;0;4217;0;2181;0;101;0;47;0;48;29;0;20;0;15;0
HAD;2023;800016768;HAD PAUCHET MONTDIDIER;800003071;0;;;;;;1;1;0;0;1;0;1;0;1;0;0;1;15;213;0;80;7;6812;0;1639;143;128;0;56;5;36;21;1;7;0;6;0
HAD;2023;800016776;HAD CHIMR MONTDIDIER;800000085;0;;;;;;1;1;0;0;1;0;1;0;1;0;0;1;15;233;0;121;2;6299;0;2148;16;163;0;100;2;72;57;0;68;0;51;0
HAD;2023;810000505;CH ALBI;810000331;0;;;;;174676;0;0;0;0;1;1;1;0;1;0;0;0;48;538;0;215;121;16785;0;8478;1079;346;0;192;21;146;90;4;94;0;51;0
HAD;2023;810007989;HAD KORIAN PAYS D'OVALIE;310025010;0;;;;;215000;1;1;0;0;1;1;;;1;0;0;0;51;459;0;210;9;14704;0;4764;340;362;0;186;9;133;84;2;81;0;52;0
HAD;2023;820000032;CH MONTAUBAN;820000016;0;;;;;175608;1;0;0;0;1;0;1;0;1;0;0;0;30;601;0;136;208;6850;0;2431;575;260;0;113;36;84;45;7;35;0;18;1
HAD;2023;820000883;CHI CASTELSARRASIN MOISSAC SITE MOISSA;820004950;0;;;;;78979;1;1;0;0;1;0;1;0;1;0;0;1;25;263;0;123;50;5928;0;4411;207;154;0;94;12;60;43;4;11;0;9;0
HAD;2023;830012498;HOSPITALISATION A DOMICILE ST ANTOINE;830014049;0;;;;;200000;1;1;0;0;1;0;1;0;1;0;0;0;100;485;0;272;15;18012;0;9045;219;395;0;226;14;163;111;4;45;0;31;0
HAD;2023;830019600;HAD CAP DOMICILE ANTENNE OUEST;830000063;0;;;;;310000;0;0;0;0;1;0;1;0;1;0;0;1;120;1247;0;622;304;40128;0;25238;2101;717;0;446;59;318;229;13;59;0;33;1
HAD;2023;830100392;POLYCLINIQUE NOTRE DAME;830000154;0;0;;;;120000;1;0;0;1;1;1;0;0;1;0;0;0;100;589;0;399;18;28099;0;17153;565;435;0;302;18;210;180;2;42;0;35;0
HAD;2023;830207114;HAD SANTE ET SOLIDARITE DU VAR;830001855;0;0;;;;800000;0;0;0;0;1;1;;;1;0;0;0;429;2828;0;959;43;156648;0;43270;1095;2089;0;748;25;1157;461;6;475;0;115;1
HAD;2023;840011340;HADAR;840003164;0;;;;;;1;1;0;0;1;1;0;0;1;0;0;0;150;1611;0;290;506;44361;0;12311;1310;708;0;218;65;231;99;19;115;0;38;1
HAD;2023;850006008;HAD DE VENDEE;850005968;0;;;;;680000;1;0;0;1;1;0;1;0;1;1;1;1;315;3277;23;1203;177;89958;825;44217;981;2147;21;1005;35;648;417;6;215;0;112;3
HAD;2023;860000223;CHU LA MILETRIE;860014208;1;1;860000025;;;439332;1;0;1;0;1;1;1;1;1;0;0;1;80;2278;0;330;1102;21250;0;5568;2812;976;0;315;164;370;202;27;229;0;159;1
HAD;2023;860008929;H.A.D. DE POITIERS;860008879;1;1;860008929;;;187575;0;0;0;0;;1;;;1;1;1;0;120;1012;34;276;28;37742;739;7437;856;709;31;238;24;248;148;2;97;0;77;0
HAD;2023;870003514;HOPITAL JEAN REBEYROL LIMOGES;870000015;1;1;870000270;;;401724;1;1;0;0;1;0;1;0;1;0;0;0;74;1282;0;116;600;21649;0;3099;1997;470;0;104;94;127;48;25;20;0;3;0
HAD;2023;870004231;H A D SANTE SERVICE LIMOUSIN LIMOGES;870004074;1;3;870004231;870004231;870004231;372000;1;1;0;0;1;1;;;1;0;0;1;60;968;0;125;628;18992;0;4914;1569;320;0;103;84;93;40;20;11;0;3;0
HAD;2023;880000039;CHI HMV - SITE GERARDMER;880009147;1;1;880000047;;;;1;0;0;0;1;1;;;1;0;0;0;30;378;71;166;12;13155;1568;6554;313;304;62;134;7;69;47;0;0;0;0;0
HAD;2023;880006606;HAD KORIAN PAYS DES IMAGES;310025010;0;;;;;130000;1;0;0;0;1;1;;;1;0;0;0;50;358;16;159;13;13478;446;6302;790;246;10;130;7;95;67;2;66;0;46;0
HAD;2023;880006721;HAD NEUFCHATEAU;310025010;0;;;;;75000;1;0;0;0;1;1;;;1;0;0;0;65;505;16;236;6;18524;364;6889;305;354;13;195;6;158;104;2;116;0;89;0
HAD;2023;890009178;HAD SUD YONNE ET BOURGOGNE NIVERNAISE;750047367;0;;;;;235000;1;0;0;0;1;1;;;1;0;0;0;48;527;0;243;28;17606;0;7917;379;364;0;195;17;117;77;2;45;0;27;0
HAD;2023;890975543;CH JOIGNY;890000417;1;2;890975543;890975543;;167185;1;1;0;0;1;1;0;0;1;0;0;0;50;623;0;297;38;10901;0;3092;567;449;0;273;28;230;192;4;195;0;179;0
HAD;2023;910025410;HAD DE L'ESSONNE INICEA;310021233;0;;;;;1315000;1;1;0;0;1;1;;;1;0;0;0;60;590;2;179;24;20006;30;6470;703;432;2;156;14;195;101;0;159;0;81;0
HAD;2023;920300043;HOPITAL PRIVE D ANTONY;920001526;0;;;;;;;;;;;;;;0;1;0;0;6;47;47;0;0;345;345;0;0;43;43;0;0;0;0;0;0;0;0;0
HAD;2023;920813623;HAD SANTE SERVICE;920029097;0;;;;;12358932;0;0;0;0;1;1;0;0;1;1;1;1;1962;38778;4263;3045;20858;681433;55681;140270;116111;15573;3831;2213;3212;2415;814;523;475;0;142;20
HAD;2023;930000286;GHI LE RAINCY MONTFERMEIL;930021480;0;;;;;199000;1;1;0;0;1;0;0;0;1;0;0;0;20;256;0;93;60;6137;0;1978;1129;180;0;80;32;73;54;6;32;0;19;1
HAD;2023;930000328;CH GENERAL DELAFONTAINE;930110051;0;;;;;;;0;0;0;0;1;1;0;0;0;1;0;20;83;0;0;0;4900;0;0;0;75;0;0;0;16;0;0;0;0;0;0
HAD;2023;950000323;GHEM SIMONE VEIL SITE EAUBONNE;950013870;0;;;;;594231;1;0;0;1;1;1;0;0;1;0;0;0;40;652;0;313;0;8051;0;1878;0;568;0;304;0;442;257;0;454;0;279;0
HAD;2023;970100020;CENTRE MEDICO SOCIAL;970100152;0;;;;;75976;0;0;0;1;1;1;;;1;0;0;0;70;391;0;251;11;27755;0;14445;279;304;0;216;7;160;123;2;18;0;16;0
HAD;2023;970100418;CENTRE HOSPITALIER L-D. BEAUPERTHUY;970100194;0;;;;;61000;0;0;0;0;1;1;;;1;0;0;0;50;127;0;67;6;12338;0;5209;188;103;0;58;5;57;33;2;0;0;0;0
HAD;2023;970102596;CLINIQUE DE CHOISY;970100491;0;;970111563;970115002;;166911;0;0;0;0;1;1;;;1;0;0;0;98;360;0;261;8;32209;0;20249;375;303;0;238;7;152;134;1;23;0;19;0
HAD;2023;970103099;CLINIQUE LES NOUVELLES EAUX MARINES;970100525;0;;;;;71493;0;0;0;0;1;1;;;1;0;1;1;60;347;0;145;5;20273;0;6455;161;257;0;120;3;129;74;1;16;0;7;0
HAD;2023;970111217;H.A.D. DE MARIE-GALANTE;970111209;0;;;;;10642;0;0;0;0;1;;;;1;0;0;0;20;70;0;53;1;4620;0;3377;11;43;0;30;1;17;15;1;0;0;0;0
HAD;2023;970111365;HAD NORD BASSE TERRE;970111969;0;;;;;98902;0;0;0;0;1;1;;;1;0;0;1;70;351;0;201;11;24358;0;11345;627;284;0;181;8;147;112;2;11;0;9;0
HAD;2023;970111563;HAD ILES DU NORD;970100491;0;;;;;35107;0;0;0;0;1;1;;;1;0;0;0;78;255;0;153;9;26555;0;18209;363;181;0;111;8;60;48;0;0;0;0;0
HAD;2023;970112033;C.H.G. JACQUES SALIN;970100210;0;;;;;;0;0;0;0;1;1;;;1;0;0;0;20;103;0;38;0;11033;0;2535;0;94;0;37;0;51;24;0;2;0;2;0
HAD;2023;970112884;C H U DE POINTE A PITRE- SSR;970100228;1;2;970112884;970100442;;143300;1;1;;;1;1;;;1;1;0;0;35;225;30;70;12;14684;741;3049;910;193;26;68;10;71;39;0;0;0;0;0
HAD;2023;970115002;CLINIQUE DE CHOISY HAD ST BARTHELEMY;970100491;0;;;;;10124;0;0;0;0;1;1;;;1;0;0;0;31;108;0;30;8;9496;0;3214;363;68;0;25;4;35;15;2;2;0;1;0
HAD;2023;970212833;CLINIQUE DE LA TOUR HOSP. A DOMICILE;970212825;0;;;;;347686;0;0;0;0;1;1;0;0;1;0;0;0;200;1161;0;505;50;62363;0;25883;1830;826;0;413;37;302;216;6;24;0;15;0
HAD;2023;970303608;HAD GUYANE ANTENNE DE KOUROU;970303590;0;;;;;31200;0;0;0;0;;;;;1;1;0;1;50;199;92;14;6;10103;2544;703;248;155;79;13;5;15;4;0;0;0;0;0
HAD;2023;970303640;HAD GUYANE ANTENNE DE CAYENNE;970303590;0;;;;;140000;0;0;0;0;;;;;1;1;0;0;100;460;117;78;29;19084;3076;3373;774;385;106;74;21;49;21;4;1;0;1;0
HAD;2023;970303657;HAD GUYANE - ANTENNE DE SAINT-LAURENT;970303590;0;;;;;76734;0;0;0;0;1;1;1;0;1;1;0;0;80;278;34;30;14;16954;783;1553;918;211;31;23;13;25;7;2;0;0;0;0
HAD;2023;970304614;H.A.D DE LA CLINIQUE ST PAUL;970304739;0;;;;;;0;0;0;0;1;1;;;1;0;0;0;65;326;0;115;10;33170;0;11326;805;221;0;87;8;86;47;0;0;0;0;0
HAD;2023;970403119;HAD SUD (ST PIERRE) ASDR;970463600;1;4;970404851;970410783;970406625;860000;0;0;0;0;1;1;;;1;0;0;0;80;537;0;332;9;22813;0;12789;363;423;0;276;6;135;107;0;1;0;1;0
HAD;2023;970404711;ARAR HAD NORD;970400396;1;4;970407318;970405395;970407656;181901;1;0;1;;1;1;;;1;0;0;0;40;429;0;161;5;18389;0;6460;171;203;0;108;4;49;42;0;11;0;8;0
HAD;2023;970404851;HAD EST (ST-ANDRE) ASDR;970463600;1;4;970410783;970406625;970403119;860000;0;0;0;0;1;1;;;1;0;0;0;50;305;0;213;2;18414;0;13591;40;207;0;156;1;83;74;0;1;0;0;0
HAD;2023;970405395;ARAR HAD SUD;970400396;1;4;970407318;970407656;970404711;298934;1;0;1;1;1;1;;;1;0;0;0;55;540;1;189;19;20840;6;5940;577;310;1;138;9;80;55;0;22;0;13;0
HAD;2023;970406625;HAD OUEST (LA POSSESSION) ASDR;970463600;1;4;970404851;970410783;970403119;860000;0;0;0;0;1;1;;;1;0;0;0;50;373;0;241;5;16676;0;9856;49;268;0;182;4;102;79;1;29;0;15;0
HAD;2023;970407318;ARAR HAD OUEST;970400396;1;4;970404711;970407656;970405395;228969;1;0;1;1;1;1;;;1;0;0;0;60;528;1;245;3;18897;6;6665;19;297;1;120;1;75;48;0;9;0;3;0
HAD;2023;970407656;ARAR HAD EST;970400396;1;4;970404711;970407318;970405395;151092;1;0;1;1;1;1;;;1;0;0;0;35;357;0;107;20;14953;0;4058;980;181;0;79;8;44;29;0;4;0;2;0
HAD;2023;970410783;HAD NORD (STE CLOTILDE) ASDR;970463600;1;4;970404851;970406625;970403119;860000;0;0;0;0;1;1;;;1;0;0;0;50;329;0;237;4;18881;0;14869;218;257;0;195;2;119;111;0;13;0;10;0
HAD;2023;980500011;CHM;980500003;0;;;;;300000;1;1;0;0;1;1;;;1;1;0;0;90;134;49;17;6;12064;1650;2119;961;20;13;1;0;1;1;0;0;0;0;0
HAD;2023;980502298;SAS MDZHADE;980502280;0;;;;;46;0;0;0;0;0;1;1;;1;0;0;0;46;142;0;77;10;12288;0;4502;751;123;0;66;9;20;14;0;0;0;0;0
