date,admissions,duree_moyenne,cout_total,cout_moyen,personnel_total,age_moyen,jour_semaine,mois,annee,semaine,jour_nom
2024-01-01,418,3.92,2297006.49,5495.23,1165,48.79,0,1,2024,1,Monday
2024-01-02,361,4.2,2124795.15,5885.86,1023,50.69,1,1,2024,1,Tuesday
2024-01-03,391,3.64,2287561.58,5850.54,1129,50.92,2,1,2024,1,Wednesday
2024-01-04,427,4.18,2567076.08,6011.89,1202,50.45,3,1,2024,1,Thursday
2024-01-05,375,3.88,2197235.75,5859.3,1082,54.19,4,1,2024,1,Friday
2024-01-06,327,4.02,1973996.51,6036.69,899,51.85,5,1,2024,1,Saturday
2024-01-07,371,4.28,2417190.65,6515.34,998,52.16,6,1,2024,1,Sunday
2024-01-08,466,4.26,3315479.2,7114.76,1321,51.44,0,1,2024,2,Monday
2024-01-09,400,4.17,2287854.82,5719.64,1096,49.92,1,1,2024,2,Tuesday
2024-01-10,349,4.04,1997601.01,5723.79,1032,51.78,2,1,2024,2,Wednesday
2024-01-11,388,4.17,2610062.47,6726.97,1101,49.71,3,1,2024,2,Thursday
2024-01-12,390,3.97,2381439.47,6106.26,1145,50.22,4,1,2024,2,Friday
2024-01-13,311,4.06,2033277.85,6537.87,916,50.94,5,1,2024,2,Saturday
2024-01-14,317,4.18,1719265.92,5423.55,939,51.44,6,1,2024,2,Sunday
2024-01-15,403,4.5,2690810.53,6676.95,1088,50.96,0,1,2024,3,Monday
2024-01-16,391,4.05,2472091.99,6322.49,1067,52.74,1,1,2024,3,Tuesday
2024-01-17,445,4.17,2879234.84,6470.19,1228,50.81,2,1,2024,3,Wednesday
2024-01-18,341,4.18,2236329.25,6558.15,965,50.57,3,1,2024,3,Thursday
2024-01-19,411,3.85,2289740.13,5571.14,1178,51.88,4,1,2024,3,Friday
2024-01-20,329,3.82,2110673.6,6415.42,918,51.52,5,1,2024,3,Saturday
2024-01-21,331,4.49,1971419.98,5955.95,906,52.2,6,1,2024,3,Sunday
2024-01-22,528,3.05,2645019.52,5009.51,1584,49.28,0,1,2024,4,Monday
2024-01-23,475,3.81,2896614.45,6098.14,1333,50.38,1,1,2024,4,Tuesday
2024-01-24,489,3.28,2761544.77,5647.33,1425,47.4,2,1,2024,4,Wednesday
2024-01-25,534,3.8,3404986.21,6376.38,1588,50.56,3,1,2024,4,Thursday
2024-01-26,372,3.37,2159787.87,5805.88,1052,48.87,4,1,2024,4,Friday
2024-01-27,432,3.47,2470761.07,5719.35,1296,48.53,5,1,2024,4,Saturday
2024-01-28,488,3.69,3269226.96,6699.24,1436,48.2,6,1,2024,4,Sunday
2024-01-29,504,3.74,3198552.65,6346.33,1409,47.06,0,1,2024,5,Monday
2024-01-30,471,3.35,2472065.64,5248.55,1411,47.7,1,1,2024,5,Tuesday
2024-01-31,504,3.83,3576245.22,7095.72,1534,49.35,2,1,2024,5,Wednesday
2024-02-01,408,4.02,2333382.26,5719.07,1229,47.59,3,2,2024,5,Thursday
2024-02-02,545,3.21,2965320.1,5440.95,1552,48.54,4,2,2024,5,Friday
2024-02-03,423,3.56,2425252.1,5733.46,1227,47.56,5,2,2024,5,Saturday
2024-02-04,503,3.28,2774039.56,5514.99,1453,48.17,6,2,2024,5,Sunday
2024-02-05,612,3.86,3995972.48,6529.37,1756,50.11,0,2,2024,6,Monday
2024-02-06,493,3.4,3049407.39,6185.41,1423,47.72,1,2,2024,6,Tuesday
2024-02-07,535,3.97,3057437.12,5714.84,1532,49.03,2,2,2024,6,Wednesday
2024-02-08,402,3.8,2354228.11,5856.29,1178,49.74,3,2,2024,6,Thursday
2024-02-09,431,3.17,2313515.49,5367.79,1220,47.94,4,2,2024,6,Friday
2024-02-10,466,3.65,2949579.73,6329.57,1324,49.25,5,2,2024,6,Saturday
2024-02-11,429,3.46,2654520.01,6187.69,1257,45.79,6,2,2024,6,Sunday
2024-02-12,474,4.48,3250126.72,6856.81,1312,51.89,0,2,2024,7,Monday
2024-02-13,412,3.71,2291228.73,5561.23,1171,50.63,1,2,2024,7,Tuesday
2024-02-14,397,4.17,2505216.9,6310.37,1094,51.78,2,2,2024,7,Wednesday
2024-02-15,390,4.45,2757995.48,7071.78,1140,51.65,3,2,2024,7,Thursday
2024-02-16,408,4.49,3187360.22,7812.16,1126,52.11,4,2,2024,7,Friday
2024-02-17,451,3.5,2639606.74,5852.79,1259,49.73,5,2,2024,7,Saturday
2024-02-18,364,4.23,2331827.95,6406.12,1012,51.04,6,2,2024,7,Sunday
2024-02-19,381,4.39,2416878.89,6343.51,1022,52.64,0,2,2024,8,Monday
2024-02-20,388,4.32,2305917.12,5943.09,1088,50.2,1,2,2024,8,Tuesday
2024-02-21,363,4.06,2216028.56,6104.76,1028,50.37,2,2,2024,8,Wednesday
2024-02-22,326,4.37,2411212.27,7396.36,883,50.8,3,2,2024,8,Thursday
2024-02-23,333,3.73,2010976.91,6038.97,964,48.85,4,2,2024,8,Friday
2024-02-24,316,4.15,2106334.35,6665.62,843,51.01,5,2,2024,8,Saturday
2024-02-25,407,3.93,2291201.77,5629.49,1211,51.13,6,2,2024,8,Sunday
2024-02-26,390,4.08,2478511.33,6355.16,1054,51.35,0,2,2024,9,Monday
2024-02-27,360,4.24,2327784.44,6466.07,1008,51.35,1,2,2024,9,Tuesday
2024-02-28,314,4.49,2262454.35,7205.27,866,52.32,2,2,2024,9,Wednesday
2024-02-29,393,4.34,2422612.53,6164.41,1082,50.38,3,2,2024,9,Thursday
2024-03-01,327,4.03,2467792.48,7546.77,902,50.74,4,3,2024,9,Friday
2024-03-02,394,4.01,2549035.6,6469.63,1083,51.21,5,3,2024,9,Saturday
2024-03-03,323,4.31,1912056.17,5919.68,870,51.51,6,3,2024,9,Sunday
2024-03-04,405,4.05,2987639.15,7376.89,1078,50.95,0,3,2024,10,Monday
2024-03-05,347,4.06,2080479.22,5995.62,984,50.46,1,3,2024,10,Tuesday
2024-03-06,360,4.08,2328255.62,6467.38,974,51.12,2,3,2024,10,Wednesday
2024-03-07,389,4.24,2647807.81,6806.7,1073,49.0,3,3,2024,10,Thursday
2024-03-08,350,3.85,1870182.59,5343.38,948,50.38,4,3,2024,10,Friday
2024-03-09,272,4.32,1672251.31,6147.98,761,50.95,5,3,2024,10,Saturday
2024-03-10,348,2.87,1778951.36,5111.93,948,47.08,6,3,2024,10,Sunday
2024-03-11,487,3.11,2491333.71,5115.67,1317,48.1,0,3,2024,11,Monday
2024-03-12,434,3.27,2609042.18,6011.62,1214,48.74,1,3,2024,11,Tuesday
2024-03-13,346,3.02,1641564.62,4744.41,991,48.1,2,3,2024,11,Wednesday
2024-03-14,462,3.04,2565102.38,5552.17,1289,46.13,3,3,2024,11,Thursday
2024-03-15,367,2.64,1784514.83,4862.44,1015,47.2,4,3,2024,11,Friday
2024-03-16,376,3.14,2351648.91,6254.39,1105,47.79,5,3,2024,11,Saturday
2024-03-17,332,2.97,1926636.85,5803.12,986,47.28,6,3,2024,11,Sunday
2024-03-18,435,3.08,2102300.12,4832.87,1237,47.96,0,3,2024,12,Monday
2024-03-19,392,2.78,1917127.12,4890.63,1140,47.76,1,3,2024,12,Tuesday
2024-03-20,485,2.8,2440872.68,5032.73,1364,47.15,2,3,2024,12,Wednesday
2024-03-21,319,4.44,2361776.62,7403.69,846,50.68,3,3,2024,12,Thursday
2024-03-22,342,4.64,2343041.69,6851.0,954,52.85,4,3,2024,12,Friday
2024-03-23,237,4.43,1488207.65,6279.36,709,50.14,5,3,2024,12,Saturday
2024-03-24,286,3.89,1863782.72,6516.72,823,50.41,6,3,2024,12,Sunday
2024-03-25,361,3.76,2146180.44,5945.1,967,51.19,0,3,2024,13,Monday
2024-03-26,320,4.39,1952617.3,6101.93,857,52.0,1,3,2024,13,Tuesday
2024-03-27,354,4.89,2584943.37,7302.1,1000,50.23,2,3,2024,13,Wednesday
2024-03-28,331,4.94,2344842.77,7084.12,957,51.22,3,3,2024,13,Thursday
2024-03-29,303,4.11,1782210.98,5881.88,864,49.13,4,3,2024,13,Friday
2024-03-30,315,4.09,1932943.33,6136.33,913,50.93,5,3,2024,13,Saturday
2024-03-31,248,3.78,1399721.14,5644.04,716,51.77,6,3,2024,13,Sunday
2024-04-01,429,4.73,2898742.07,6756.97,1192,50.29,0,4,2024,14,Monday
2024-04-02,307,4.05,1795487.68,5848.49,838,49.78,1,4,2024,14,Tuesday
2024-04-03,305,3.98,1804606.34,5916.74,852,51.13,2,4,2024,14,Wednesday
2024-04-04,304,4.37,2033410.26,6688.85,854,50.47,3,4,2024,14,Thursday
2024-04-05,279,3.97,1861794.29,6673.1,772,52.27,4,4,2024,14,Friday
2024-04-06,288,3.96,1698327.92,5896.97,811,51.32,5,4,2024,14,Saturday
2024-04-07,285,4.14,1437213.75,5042.86,784,51.15,6,4,2024,14,Sunday
2024-04-08,377,4.72,2549212.0,6761.84,1044,55.07,0,4,2024,15,Monday
2024-04-09,381,4.2,2162354.59,5675.47,1121,51.36,1,4,2024,15,Tuesday
2024-04-10,336,4.57,2480547.38,7382.58,976,50.01,2,4,2024,15,Wednesday
2024-04-11,322,4.33,2054157.01,6379.37,892,49.11,3,4,2024,15,Thursday
2024-04-12,292,4.47,1850161.11,6336.17,782,50.2,4,4,2024,15,Friday
2024-04-13,317,4.23,1977749.8,6238.96,907,49.93,5,4,2024,15,Saturday
2024-04-14,296,4.23,2076389.84,7014.83,832,51.33,6,4,2024,15,Sunday
2024-04-15,289,4.68,2096098.08,7252.93,808,50.89,0,4,2024,16,Monday
2024-04-16,352,4.57,2206393.67,6268.16,1018,52.6,1,4,2024,16,Tuesday
2024-04-17,292,4.27,1985601.72,6800.01,818,50.59,2,4,2024,16,Wednesday
2024-04-18,311,4.39,2215485.05,7123.75,917,52.01,3,4,2024,16,Thursday
2024-04-19,326,4.06,1981713.14,6078.87,914,51.42,4,4,2024,16,Friday
2024-04-20,262,4.1,1718928.62,6560.8,727,50.66,5,4,2024,16,Saturday
2024-04-21,266,3.85,1427874.84,5367.95,722,49.97,6,4,2024,16,Sunday
2024-04-22,337,4.0,2203818.18,6539.52,898,49.7,0,4,2024,17,Monday
2024-04-23,351,4.36,2416339.56,6884.16,966,50.16,1,4,2024,17,Tuesday
2024-04-24,350,3.92,2160167.34,6171.91,976,52.15,2,4,2024,17,Wednesday
2024-04-25,333,4.36,2142030.86,6432.53,919,48.49,3,4,2024,17,Thursday
2024-04-26,351,3.73,1955558.72,5571.39,987,50.97,4,4,2024,17,Friday
2024-04-27,309,4.07,2055188.81,6651.1,834,52.57,5,4,2024,17,Saturday
2024-04-28,241,4.2,1495343.53,6204.74,673,50.31,6,4,2024,17,Sunday
2024-04-29,380,4.04,2669592.85,7025.24,1050,50.13,0,4,2024,18,Monday
2024-04-30,268,3.9,1335038.81,4981.49,723,51.25,1,4,2024,18,Tuesday
2024-05-01,330,3.91,2184342.62,6619.22,952,49.29,2,5,2024,18,Wednesday
2024-05-02,342,3.75,2002234.73,5854.49,961,51.1,3,5,2024,18,Thursday
2024-05-03,353,3.74,2094605.51,5933.73,968,50.8,4,5,2024,18,Friday
2024-05-04,336,4.21,2316853.97,6895.4,987,50.2,5,5,2024,18,Saturday
2024-05-05,267,4.19,1817139.42,6805.77,742,50.12,6,5,2024,18,Sunday
2024-05-06,295,4.37,1915734.1,6494.01,897,52.27,0,5,2024,19,Monday
2024-05-07,314,3.76,1770144.3,5637.4,850,51.82,1,5,2024,19,Tuesday
2024-05-08,313,3.79,1919498.89,6132.58,890,51.83,2,5,2024,19,Wednesday
2024-05-09,306,4.36,2175622.74,7109.88,817,50.54,3,5,2024,19,Thursday
2024-05-10,288,4.0,1757665.97,6103.01,798,50.07,4,5,2024,19,Friday
2024-05-11,330,4.21,1962727.98,5947.66,886,50.99,5,5,2024,19,Saturday
2024-05-12,306,3.81,1761839.06,5757.64,855,52.89,6,5,2024,19,Sunday
2024-05-13,365,4.71,2547532.58,6979.54,994,50.38,0,5,2024,20,Monday
2024-05-14,332,4.26,2189227.05,6594.06,906,50.71,1,5,2024,20,Tuesday
2024-05-15,316,4.4,2152565.99,6811.92,860,50.47,2,5,2024,20,Wednesday
2024-05-16,288,4.22,1762661.99,6120.35,839,49.63,3,5,2024,20,Thursday
2024-05-17,321,4.33,2073979.55,6461.0,887,51.19,4,5,2024,20,Friday
2024-05-18,282,4.56,1870178.08,6631.84,812,52.34,5,5,2024,20,Saturday
2024-05-19,287,3.96,1828419.24,6370.8,817,51.99,6,5,2024,20,Sunday
2024-05-20,382,4.65,2668040.63,6984.4,1048,51.33,0,5,2024,21,Monday
2024-05-21,312,4.09,2097904.74,6724.05,952,52.18,1,5,2024,21,Tuesday
2024-05-22,307,3.6,1824284.25,5942.29,902,51.54,2,5,2024,21,Wednesday
2024-05-23,350,4.35,2084293.15,5955.12,955,51.8,3,5,2024,21,Thursday
2024-05-24,344,4.06,2270241.28,6599.54,971,50.38,4,5,2024,21,Friday
2024-05-25,328,4.35,2187484.1,6669.16,893,51.38,5,5,2024,21,Saturday
2024-05-26,318,4.3,2077865.1,6534.17,910,51.7,6,5,2024,21,Sunday
2024-05-27,283,3.94,1634656.04,5776.17,817,51.03,0,5,2024,22,Monday
2024-05-28,298,3.57,1538254.6,5161.93,835,49.43,1,5,2024,22,Tuesday
2024-05-29,304,4.51,2136664.76,7028.5,816,51.08,2,5,2024,22,Wednesday
2024-05-30,258,5.19,2196649.85,8514.15,758,50.15,3,5,2024,22,Thursday
2024-05-31,383,3.97,2210000.79,5770.24,1058,51.75,4,5,2024,22,Friday
2024-06-01,362,3.89,2130990.1,5886.71,1058,51.48,5,6,2024,22,Saturday
2024-06-02,302,4.21,2099581.53,6952.26,832,51.9,6,6,2024,22,Sunday
2024-06-03,334,4.74,2305377.79,6902.33,921,50.95,0,6,2024,23,Monday
2024-06-04,340,4.27,2155851.95,6340.74,997,52.17,1,6,2024,23,Tuesday
2024-06-05,345,3.38,1918218.39,5560.05,945,50.32,2,6,2024,23,Wednesday
2024-06-06,348,4.2,2348386.15,6748.24,984,49.51,3,6,2024,23,Thursday
2024-06-07,323,4.15,2102114.09,6508.09,867,51.64,4,6,2024,23,Friday
2024-06-08,360,3.94,2142149.29,5950.41,977,49.47,5,6,2024,23,Saturday
2024-06-09,316,4.27,1924702.32,6090.83,874,49.52,6,6,2024,23,Sunday
2024-06-10,391,4.01,2251094.99,5757.28,1098,51.35,0,6,2024,24,Monday
2024-06-11,335,4.21,2374949.85,7089.4,911,49.53,1,6,2024,24,Tuesday
2024-06-12,405,3.94,2582334.0,6376.13,1129,49.84,2,6,2024,24,Wednesday
2024-06-13,313,4.17,1726706.53,5516.63,914,51.22,3,6,2024,24,Thursday
2024-06-14,374,3.89,2482730.24,6638.32,1016,52.68,4,6,2024,24,Friday
2024-06-15,349,4.28,2149952.16,6160.32,953,51.17,5,6,2024,24,Saturday
2024-06-16,293,4.31,2011920.43,6866.62,807,49.18,6,6,2024,24,Sunday
2024-06-17,372,4.35,2496083.95,6709.9,997,50.36,0,6,2024,25,Monday
2024-06-18,335,4.67,2299719.14,6864.83,920,51.49,1,6,2024,25,Tuesday
2024-06-19,317,4.55,1978262.98,6240.58,880,51.19,2,6,2024,25,Wednesday
2024-06-20,315,4.34,1832845.07,5818.56,889,52.02,3,6,2024,25,Thursday
2024-06-21,331,4.02,1726449.28,5215.86,900,50.96,4,6,2024,25,Friday
2024-06-22,358,4.29,2171644.53,6066.05,990,50.82,5,6,2024,25,Saturday
2024-06-23,297,3.93,1929726.13,6497.39,847,51.84,6,6,2024,25,Sunday
2024-06-24,323,3.9,1874934.15,5804.75,884,48.6,0,6,2024,26,Monday
2024-06-25,342,4.66,2278033.3,6660.92,917,49.61,1,6,2024,26,Tuesday
2024-06-26,312,4.15,2014240.85,6455.9,886,51.06,2,6,2024,26,Wednesday
2024-06-27,349,4.51,2393462.41,6858.06,989,52.41,3,6,2024,26,Thursday
2024-06-28,371,4.11,2718685.79,7327.99,1047,51.72,4,6,2024,26,Friday
2024-06-29,334,4.49,2342004.09,7011.99,982,51.79,5,6,2024,26,Saturday
2024-06-30,228,4.11,1371352.34,6014.7,619,49.88,6,6,2024,26,Sunday
2024-07-01,280,4.03,1879479.23,6712.43,744,51.43,0,7,2024,27,Monday
2024-07-02,352,3.92,1957047.11,5559.79,976,48.07,1,7,2024,27,Tuesday
2024-07-03,304,3.99,1814602.48,5969.09,830,51.4,2,7,2024,27,Wednesday
2024-07-04,292,3.99,1806681.15,6187.26,846,50.83,3,7,2024,27,Thursday
2024-07-05,281,4.3,1950199.94,6940.21,748,51.66,4,7,2024,27,Friday
2024-07-06,335,4.1,2013206.89,6009.57,917,49.24,5,7,2024,27,Saturday
2024-07-07,246,4.27,1468793.72,5970.71,682,50.61,6,7,2024,27,Sunday
2024-07-08,343,4.07,1853246.17,5403.05,927,49.64,0,7,2024,28,Monday
2024-07-09,283,4.4,1829885.34,6466.03,751,49.9,1,7,2024,28,Tuesday
2024-07-10,346,4.03,1921386.37,5553.14,996,52.58,2,7,2024,28,Wednesday
2024-07-11,327,3.86,1883175.62,5758.95,903,52.18,3,7,2024,28,Thursday
2024-07-12,310,3.59,1687829.5,5444.61,845,49.4,4,7,2024,28,Friday
2024-07-13,317,4.25,1961343.57,6187.2,859,51.3,5,7,2024,28,Saturday
2024-07-14,313,3.68,1811550.34,5787.7,858,50.14,6,7,2024,28,Sunday
2024-07-15,404,4.22,2964978.19,7339.05,1159,50.85,0,7,2024,29,Monday
2024-07-16,285,3.74,1543700.8,5416.49,777,52.69,1,7,2024,29,Tuesday
2024-07-17,368,3.79,1920909.32,5219.86,1005,52.03,2,7,2024,29,Wednesday
2024-07-18,325,3.56,1671844.0,5144.14,919,54.53,3,7,2024,29,Thursday
2024-07-19,580,3.82,3717123.62,6408.83,1632,53.52,4,7,2024,29,Friday
2024-07-20,430,3.28,2308141.61,5367.77,1164,52.5,5,7,2024,29,Saturday
2024-07-21,394,3.32,2401571.29,6095.36,1060,53.8,6,7,2024,29,Sunday
2024-07-22,467,3.92,2713455.52,5810.4,1342,53.3,0,7,2024,30,Monday
2024-07-23,380,3.57,2353526.87,6193.49,1107,54.36,1,7,2024,30,Tuesday
2024-07-24,376,3.03,1771604.52,4711.71,1037,53.07,2,7,2024,30,Wednesday
2024-07-25,377,3.62,2321518.92,6157.88,1082,54.73,3,7,2024,30,Thursday
2024-07-26,307,3.94,1808514.99,5890.93,876,51.58,4,7,2024,30,Friday
2024-07-27,275,4.47,1750254.97,6364.56,736,50.05,5,7,2024,30,Saturday
2024-07-28,313,4.51,2230106.91,7124.94,855,49.36,6,7,2024,30,Sunday
2024-07-29,352,4.03,2147401.06,6100.57,1012,50.32,0,7,2024,31,Monday
2024-07-30,290,4.35,1862338.25,6421.86,803,51.39,1,7,2024,31,Tuesday
2024-07-31,286,3.64,1914685.5,6694.7,800,47.4,2,7,2024,31,Wednesday
2024-08-01,236,3.83,1300312.64,5509.8,641,49.79,3,8,2024,31,Thursday
2024-08-02,304,3.91,1792172.52,5895.3,838,51.01,4,8,2024,31,Friday
2024-08-03,314,4.51,2337599.56,7444.58,844,50.94,5,8,2024,31,Saturday
2024-08-04,248,4.27,1442257.69,5815.56,665,50.64,6,8,2024,31,Sunday
2024-08-05,346,4.32,2237950.84,6468.07,935,50.99,0,8,2024,32,Monday
2024-08-06,307,4.38,1896668.65,6178.07,873,51.4,1,8,2024,32,Tuesday
2024-08-07,254,4.05,1588261.22,6253.0,678,49.04,2,8,2024,32,Wednesday
2024-08-08,266,4.1,1662694.56,6250.73,732,51.77,3,8,2024,32,Thursday
2024-08-09,244,4.32,1625802.73,6663.13,693,50.84,4,8,2024,32,Friday
2024-08-10,238,3.61,1156205.23,4858.01,646,51.55,5,8,2024,32,Saturday
2024-08-11,257,4.19,1491050.33,5801.75,704,49.48,6,8,2024,32,Sunday
2024-08-12,331,4.17,2089145.62,6311.62,895,48.92,0,8,2024,33,Monday
2024-08-13,276,4.64,2011145.99,7286.76,807,50.46,1,8,2024,33,Tuesday
2024-08-14,291,3.97,1661031.96,5708.01,834,49.86,2,8,2024,33,Wednesday
2024-08-15,322,3.84,1955615.69,6073.34,936,51.79,3,8,2024,33,Thursday
2024-08-16,307,4.32,1854817.75,6041.75,854,49.78,4,8,2024,33,Friday
2024-08-17,269,4.07,1873359.76,6964.16,770,50.53,5,8,2024,33,Saturday
2024-08-18,249,4.3,1602644.04,6436.32,719,52.27,6,8,2024,33,Sunday
2024-08-19,316,4.13,2067862.81,6543.87,856,50.86,0,8,2024,34,Monday
2024-08-20,258,4.05,1593098.25,6174.8,752,48.67,1,8,2024,34,Tuesday
2024-08-21,288,3.91,1763647.76,6123.78,788,52.38,2,8,2024,34,Wednesday
2024-08-22,264,4.54,1784121.2,6758.03,718,53.05,3,8,2024,34,Thursday
2024-08-23,267,3.9,1686333.21,6315.85,752,51.33,4,8,2024,34,Friday
2024-08-24,278,4.47,1889837.42,6797.98,765,53.31,5,8,2024,34,Saturday
2024-08-25,229,4.05,1493934.63,6523.73,660,51.62,6,8,2024,34,Sunday
2024-08-26,322,4.11,1959096.86,6084.15,881,50.89,0,8,2024,35,Monday
2024-08-27,280,4.2,1762692.29,6295.33,811,50.69,1,8,2024,35,Tuesday
2024-08-28,321,4.26,1963575.41,6117.06,912,48.57,2,8,2024,35,Wednesday
2024-08-29,285,3.74,1504318.74,5278.31,782,49.85,3,8,2024,35,Thursday
2024-08-30,322,4.76,2083177.44,6469.5,891,51.85,4,8,2024,35,Friday
2024-08-31,227,4.15,1353142.25,5960.98,629,51.46,5,8,2024,35,Saturday
2024-09-01,335,3.77,2170361.57,6478.69,935,51.22,6,9,2024,35,Sunday
2024-09-02,303,4.21,1911988.58,6310.19,858,52.24,0,9,2024,36,Monday
2024-09-03,354,4.29,2625432.78,7416.48,1025,51.39,1,9,2024,36,Tuesday
2024-09-04,377,4.49,2501108.09,6634.24,1065,50.37,2,9,2024,36,Wednesday
2024-09-05,303,4.05,1848017.57,6099.07,860,49.0,3,9,2024,36,Thursday
2024-09-06,327,3.89,1741032.83,5324.26,911,51.53,4,9,2024,36,Friday
2024-09-07,293,4.25,1800702.39,6145.74,839,51.82,5,9,2024,36,Saturday
2024-09-08,335,4.18,2107677.84,6291.58,918,51.31,6,9,2024,36,Sunday
2024-09-09,352,3.81,2023799.4,5749.43,975,51.23,0,9,2024,37,Monday
2024-09-10,316,4.41,2310112.88,7310.48,809,50.71,1,9,2024,37,Tuesday
2024-09-11,336,4.46,2365943.7,7041.5,944,51.04,2,9,2024,37,Wednesday
2024-09-12,308,4.55,2239395.43,7270.76,869,50.62,3,9,2024,37,Thursday
2024-09-13,356,4.52,2567679.31,7212.58,979,50.28,4,9,2024,37,Friday
2024-09-14,326,4.12,1830718.97,5615.7,866,51.5,5,9,2024,37,Saturday
2024-09-15,340,4.01,2156705.84,6343.25,947,49.86,6,9,2024,37,Sunday
2024-09-16,372,4.12,2179858.73,5859.84,1037,51.21,0,9,2024,38,Monday
2024-09-17,388,4.17,2359444.33,6081.04,1111,52.16,1,9,2024,38,Tuesday
2024-09-18,376,3.85,2381562.7,6333.94,1022,50.07,2,9,2024,38,Wednesday
2024-09-19,331,3.87,1927555.35,5823.43,895,50.47,3,9,2024,38,Thursday
2024-09-20,331,4.23,2225412.88,6723.3,977,49.83,4,9,2024,38,Friday
2024-09-21,332,4.03,2010829.39,6056.72,928,52.26,5,9,2024,38,Saturday
2024-09-22,306,4.11,1873410.58,6122.26,861,50.24,6,9,2024,38,Sunday
2024-09-23,345,4.42,2178032.34,6313.14,1005,50.01,0,9,2024,39,Monday
2024-09-24,397,4.15,2414969.35,6083.05,1163,49.81,1,9,2024,39,Tuesday
2024-09-25,396,4.08,2504231.7,6323.82,1134,50.65,2,9,2024,39,Wednesday
2024-09-26,322,4.11,2298357.23,7137.76,857,50.99,3,9,2024,39,Thursday
2024-09-27,318,4.11,1886523.27,5932.46,862,50.8,4,9,2024,39,Friday
2024-09-28,372,4.5,2613867.56,7026.53,1067,51.3,5,9,2024,39,Saturday
2024-09-29,339,3.53,1835785.11,5415.3,981,51.38,6,9,2024,39,Sunday
2024-09-30,415,3.85,2518171.13,6067.88,1188,52.07,0,9,2024,40,Monday
2024-10-01,444,4.3,2698415.14,6077.51,1238,50.72,1,10,2024,40,Tuesday
2024-10-02,374,4.35,2350709.04,6285.32,1001,50.6,2,10,2024,40,Wednesday
2024-10-03,345,3.78,2093348.11,6067.68,979,50.75,3,10,2024,40,Thursday
2024-10-04,383,3.77,2508697.28,6550.12,1086,51.54,4,10,2024,40,Friday
2024-10-05,326,4.45,2205433.27,6765.13,947,51.12,5,10,2024,40,Saturday
2024-10-06,358,4.67,2586219.69,7224.08,980,50.3,6,10,2024,40,Sunday
2024-10-07,366,4.25,2549700.74,6966.4,1042,49.78,0,10,2024,41,Monday
2024-10-08,340,4.19,2114868.74,6220.2,1016,51.19,1,10,2024,41,Tuesday
2024-10-09,336,4.78,2440806.14,7264.3,1006,50.68,2,10,2024,41,Wednesday
2024-10-10,371,3.97,2025379.3,5459.24,1012,49.65,3,10,2024,41,Thursday
2024-10-11,382,4.09,2383516.07,6239.57,1017,48.96,4,10,2024,41,Friday
2024-10-12,368,4.26,2360722.24,6415.01,1003,51.43,5,10,2024,41,Saturday
2024-10-13,284,4.71,1920985.45,6764.03,824,49.42,6,10,2024,41,Sunday
2024-10-14,464,4.69,3329780.77,7176.25,1318,51.08,0,10,2024,42,Monday
2024-10-15,353,3.96,2196735.89,6223.05,1018,52.23,1,10,2024,42,Tuesday
2024-10-16,334,3.72,1960889.7,5870.93,988,51.05,2,10,2024,42,Wednesday
2024-10-17,373,4.04,2498132.46,6697.41,1017,51.13,3,10,2024,42,Thursday
2024-10-18,345,4.15,1971410.35,5714.23,944,51.58,4,10,2024,42,Friday
2024-10-19,363,4.52,2096815.66,5776.35,1007,51.1,5,10,2024,42,Saturday
2024-10-20,253,3.96,1355293.86,5356.89,683,50.25,6,10,2024,42,Sunday
2024-10-21,417,4.24,2830503.27,6787.78,1128,50.5,0,10,2024,43,Monday
2024-10-22,403,4.35,2667974.44,6620.28,1117,52.41,1,10,2024,43,Tuesday
2024-10-23,352,3.99,1960881.14,5570.69,987,52.39,2,10,2024,43,Wednesday
2024-10-24,295,4.41,2007710.61,6805.8,805,49.14,3,10,2024,43,Thursday
2024-10-25,279,4.41,1990247.77,7133.5,822,50.25,4,10,2024,43,Friday
2024-10-26,338,3.7,2070715.95,6126.38,987,48.9,5,10,2024,43,Saturday
2024-10-27,305,4.09,1776736.64,5825.37,839,50.26,6,10,2024,43,Sunday
2024-10-28,530,2.81,3124435.4,5895.16,1518,46.59,0,10,2024,44,Monday
2024-10-29,446,2.6,2138271.75,4794.33,1308,46.18,1,10,2024,44,Tuesday
2024-10-30,433,2.51,2313802.7,5343.66,1229,46.85,2,10,2024,44,Wednesday
2024-10-31,494,2.55,3022259.16,6117.93,1424,44.97,3,10,2024,44,Thursday
2024-11-01,381,2.59,1791014.46,4700.83,1070,45.3,4,11,2024,44,Friday
2024-11-02,458,2.6,2563675.8,5597.55,1294,44.55,5,11,2024,44,Saturday
2024-11-03,412,2.6,2146653.93,5210.33,1182,48.51,6,11,2024,44,Sunday
2024-11-04,470,2.45,2572287.8,5472.95,1294,49.72,0,11,2024,45,Monday
2024-11-05,426,2.72,2302522.75,5404.98,1174,46.91,1,11,2024,45,Tuesday
2024-11-06,402,2.61,2010383.97,5000.96,1196,46.38,2,11,2024,45,Wednesday
2024-11-07,412,2.8,2151796.26,5222.81,1155,47.1,3,11,2024,45,Thursday
2024-11-08,539,2.64,2832003.64,5254.18,1545,47.2,4,11,2024,45,Friday
2024-11-09,459,2.68,2447968.07,5333.26,1291,45.84,5,11,2024,45,Saturday
2024-11-10,365,2.67,1915420.13,5247.73,1084,46.45,6,11,2024,45,Sunday
2024-11-11,562,2.86,3320633.15,5908.6,1596,47.01,0,11,2024,46,Monday
2024-11-12,503,2.82,2855111.13,5676.17,1458,46.24,1,11,2024,46,Tuesday
2024-11-13,439,3.08,2335552.39,5320.16,1246,45.3,2,11,2024,46,Wednesday
2024-11-14,470,2.82,2900692.39,6171.69,1329,45.63,3,11,2024,46,Thursday
2024-11-15,455,2.74,2442949.64,5369.12,1309,47.47,4,11,2024,46,Friday
2024-11-16,509,2.8,2863529.14,5625.79,1541,46.27,5,11,2024,46,Saturday
2024-11-17,408,2.76,2248839.54,5511.86,1186,47.94,6,11,2024,46,Sunday
2024-11-18,379,4.07,2319729.93,6120.66,1097,50.49,0,11,2024,47,Monday
2024-11-19,345,3.97,2236339.26,6482.14,987,48.88,1,11,2024,47,Tuesday
2024-11-20,324,4.05,2183682.07,6739.76,903,50.55,2,11,2024,47,Wednesday
2024-11-21,367,4.24,2483715.47,6767.62,1044,51.51,3,11,2024,47,Thursday
2024-11-22,328,4.21,2247586.94,6852.4,980,50.29,4,11,2024,47,Friday
2024-11-23,290,4.47,1839930.53,6344.59,847,50.38,5,11,2024,47,Saturday
2024-11-24,274,3.99,1499391.37,5472.23,780,51.94,6,11,2024,47,Sunday
2024-11-25,362,4.67,2809684.56,7761.56,1016,50.73,0,11,2024,48,Monday
2024-11-26,370,4.11,2457892.65,6642.95,1058,50.23,1,11,2024,48,Tuesday
2024-11-27,351,4.18,2260541.77,6440.29,948,51.62,2,11,2024,48,Wednesday
2024-11-28,339,4.81,2255202.16,6652.51,903,52.15,3,11,2024,48,Thursday
2024-11-29,401,4.13,2544325.32,6344.95,1176,49.05,4,11,2024,48,Friday
2024-11-30,329,3.98,1956498.33,5946.8,904,49.09,5,11,2024,48,Saturday
2024-12-01,322,3.97,1847989.12,5739.1,881,51.96,6,12,2024,48,Sunday
2024-12-02,367,4.4,2460354.92,6703.96,1053,49.9,0,12,2024,49,Monday
2024-12-03,372,4.11,2655988.51,7139.75,1035,50.41,1,12,2024,49,Tuesday
2024-12-04,360,4.36,2262035.66,6283.43,1053,50.74,2,12,2024,49,Wednesday
2024-12-05,370,4.12,1997439.38,5398.48,1019,52.11,3,12,2024,49,Thursday
2024-12-06,377,3.99,2458478.43,6521.16,1045,49.87,4,12,2024,49,Friday
2024-12-07,352,4.15,2046415.86,5813.68,935,50.06,5,12,2024,49,Saturday
2024-12-08,402,3.96,2437285.24,6062.9,1096,51.48,6,12,2024,49,Sunday
2024-12-09,413,4.23,2623730.31,6352.86,1190,50.2,0,12,2024,50,Monday
2024-12-10,345,4.52,2065130.1,5985.88,989,51.66,1,12,2024,50,Tuesday
2024-12-11,369,3.99,2265908.14,6140.67,1065,48.66,2,12,2024,50,Wednesday
2024-12-12,420,3.84,2464397.38,5867.61,1175,50.73,3,12,2024,50,Thursday
2024-12-13,379,4.04,2386982.1,6298.11,1052,50.49,4,12,2024,50,Friday
2024-12-14,394,4.51,2971623.63,7542.19,1112,52.16,5,12,2024,50,Saturday
2024-12-15,279,4.24,1859455.33,6664.71,741,50.99,6,12,2024,50,Sunday
2024-12-16,621,3.32,3515901.33,5661.68,1837,48.57,0,12,2024,51,Monday
2024-12-17,489,3.62,2759332.32,5642.81,1446,50.15,1,12,2024,51,Tuesday
2024-12-18,479,3.7,2959397.46,6178.28,1377,47.76,2,12,2024,51,Wednesday
2024-12-19,443,3.62,2771650.42,6256.55,1290,47.9,3,12,2024,51,Thursday
2024-12-20,560,3.7,3205065.07,5723.33,1668,47.56,4,12,2024,51,Friday
2024-12-21,612,3.76,4171040.63,6815.43,1684,48.59,5,12,2024,51,Saturday
2024-12-22,548,3.57,3269189.52,5965.67,1640,47.92,6,12,2024,51,Sunday
2024-12-23,704,3.4,3727353.62,5294.54,1966,48.58,0,12,2024,52,Monday
2024-12-24,587,3.47,3462519.56,5898.67,1640,48.18,1,12,2024,52,Tuesday
2024-12-25,483,3.61,2932826.4,6072.1,1387,46.89,2,12,2024,52,Wednesday
2024-12-26,514,3.63,3292029.64,6404.73,1476,47.99,3,12,2024,52,Thursday
2024-12-27,446,3.47,2593494.44,5815.01,1315,48.15,4,12,2024,52,Friday
2024-12-28,616,3.52,3706257.0,6016.65,1760,48.84,5,12,2024,52,Saturday
2024-12-29,387,4.18,2360593.79,6099.73,1166,47.47,6,12,2024,52,Sunday
2024-12-30,524,3.69,3161512.75,6033.42,1519,48.97,0,12,2024,1,Monday
2024-12-31,626,3.61,3684344.17,5885.53,1885,47.28,1,12,2024,1,Tuesday
2025-01-01,555,3.42,3247199.03,5850.81,1560,47.56,2,1,2025,1,Wednesday
2025-01-02,503,3.78,3003186.31,5970.55,1446,48.24,3,1,2025,1,Thursday
2025-01-03,636,3.34,3683051.42,5790.96,1846,48.87,4,1,2025,1,Friday
2025-01-04,403,3.92,2413908.36,5989.85,1173,50.26,5,1,2025,1,Saturday
2025-01-05,433,3.48,2486164.39,5741.72,1299,48.03,6,1,2025,1,Sunday
2025-01-06,633,3.5,3511505.86,5547.4,1840,46.81,0,1,2025,2,Monday
2025-01-07,568,4.07,3683118.4,6484.36,1655,48.59,1,1,2025,2,Tuesday
2025-01-08,577,3.73,3535201.82,6126.87,1658,47.85,2,1,2025,2,Wednesday
2025-01-09,425,3.86,2634258.27,6198.25,1234,49.3,3,1,2025,2,Thursday
2025-01-10,525,3.93,3326893.83,6336.94,1549,49.42,4,1,2025,2,Friday
2025-01-11,443,3.52,2685091.42,6061.15,1301,48.1,5,1,2025,2,Saturday
2025-01-12,512,3.52,2842668.82,5552.09,1540,49.04,6,1,2025,2,Sunday
2025-01-13,416,4.3,2946667.28,7083.33,1152,52.16,0,1,2025,3,Monday
2025-01-14,371,4.01,2396258.72,6458.92,1019,49.98,1,1,2025,3,Tuesday
2025-01-15,317,4.02,1705850.97,5381.23,890,49.44,2,1,2025,3,Wednesday
2025-01-16,349,4.28,2268397.75,6499.71,951,51.4,3,1,2025,3,Thursday
2025-01-17,320,3.93,1841629.52,5755.09,929,50.85,4,1,2025,3,Friday
2025-01-18,342,3.81,1952670.13,5709.56,954,49.37,5,1,2025,3,Saturday
2025-01-19,347,4.07,2202290.2,6346.66,920,50.05,6,1,2025,3,Sunday
2025-01-20,369,4.57,2256428.65,6114.98,1028,51.12,0,1,2025,4,Monday
2025-01-21,419,4.42,2770891.03,6613.11,1147,51.0,1,1,2025,4,Tuesday
2025-01-22,434,4.12,2556956.9,5891.61,1210,50.28,2,1,2025,4,Wednesday
2025-01-23,416,4.16,2894021.39,6956.78,1131,49.04,3,1,2025,4,Thursday
2025-01-24,418,4.53,2735957.85,6545.35,1203,51.82,4,1,2025,4,Friday
2025-01-25,403,4.18,2527862.77,6272.61,1185,50.51,5,1,2025,4,Saturday
2025-01-26,376,4.44,2283388.63,6072.84,1074,51.83,6,1,2025,4,Sunday
2025-01-27,358,4.28,2180714.76,6091.38,1056,51.71,0,1,2025,5,Monday
2025-01-28,445,3.9,2664137.02,5986.82,1241,51.32,1,1,2025,5,Tuesday
2025-01-29,461,4.59,3177295.68,6892.18,1253,50.41,2,1,2025,5,Wednesday
2025-01-30,352,3.95,2341062.11,6650.74,979,50.48,3,1,2025,5,Thursday
2025-01-31,419,3.91,2485637.25,5932.31,1134,50.98,4,1,2025,5,Friday
2025-02-01,362,4.46,2339146.45,6461.73,1042,52.46,5,2,2025,5,Saturday
2025-02-02,369,4.13,2212793.31,5996.73,1012,54.37,6,2,2025,5,Sunday
2025-02-03,437,4.15,2656493.93,6078.93,1219,51.28,0,2,2025,6,Monday
2025-02-04,404,4.31,2742414.84,6788.16,1120,52.14,1,2,2025,6,Tuesday
2025-02-05,391,4.25,2341622.67,5988.8,1082,51.59,2,2,2025,6,Wednesday
2025-02-06,389,3.72,2325110.19,5977.15,1060,50.78,3,2,2025,6,Thursday
2025-02-07,365,3.98,2417038.94,6622.02,1077,50.75,4,2,2025,6,Friday
2025-02-08,377,3.07,2143814.55,5686.51,1067,47.81,5,2,2025,6,Saturday
2025-02-09,434,3.05,2487835.82,5732.34,1155,49.07,6,2,2025,6,Sunday
2025-02-10,433,2.97,2488052.73,5746.08,1291,46.92,0,2,2025,7,Monday
2025-02-11,440,3.05,2811929.9,6390.75,1255,48.52,1,2,2025,7,Tuesday
2025-02-12,361,3.47,2341620.25,6486.48,1057,45.8,2,2,2025,7,Wednesday
2025-02-13,405,3.35,2542526.87,6277.84,1083,47.11,3,2,2025,7,Thursday
2025-02-14,433,3.11,2681042.92,6191.79,1320,47.12,4,2,2025,7,Friday
2025-02-15,440,2.87,2488614.55,5655.94,1244,47.48,5,2,2025,7,Saturday
2025-02-16,346,2.85,1825741.69,5276.71,928,46.9,6,2,2025,7,Sunday
2025-02-17,462,3.05,2550194.24,5519.9,1341,46.95,0,2,2025,8,Monday
2025-02-18,428,3.04,2416320.7,5645.61,1245,47.99,1,2,2025,8,Tuesday
2025-02-19,313,3.75,1679903.38,5367.1,976,51.15,2,2,2025,8,Wednesday
2025-02-20,354,3.88,2068692.79,5843.76,940,48.84,3,2,2025,8,Thursday
2025-02-21,367,3.9,2144284.81,5842.74,1025,49.77,4,2,2025,8,Friday
2025-02-22,352,3.85,1916941.23,5445.86,960,51.99,5,2,2025,8,Saturday
2025-02-23,390,3.77,2112368.82,5416.33,1073,50.41,6,2,2025,8,Sunday
2025-02-24,305,3.82,1749896.64,5737.37,838,49.97,0,2,2025,9,Monday
2025-02-25,378,4.65,2624043.86,6941.91,1055,50.48,1,2,2025,9,Tuesday
2025-02-26,341,4.29,2258024.71,6621.77,937,51.52,2,2,2025,9,Wednesday
2025-02-27,341,4.32,1935584.63,5676.2,986,51.24,3,2,2025,9,Thursday
2025-02-28,354,4.25,2355863.26,6654.98,996,48.47,4,2,2025,9,Friday
2025-03-01,331,4.88,2259284.87,6825.63,920,50.95,5,3,2025,9,Saturday
2025-03-02,334,4.37,2226868.43,6667.27,962,49.35,6,3,2025,9,Sunday
2025-03-03,334,4.09,2386506.86,7145.23,885,51.32,0,3,2025,10,Monday
2025-03-04,343,3.65,1837961.02,5358.49,948,48.85,1,3,2025,10,Tuesday
2025-03-05,341,3.57,2023782.27,5934.85,956,50.85,2,3,2025,10,Wednesday
2025-03-06,301,3.65,1868515.81,6207.69,862,50.55,3,3,2025,10,Thursday
2025-03-07,420,4.45,2737565.57,6518.01,1149,51.87,4,3,2025,10,Friday
2025-03-08,367,4.53,2789769.41,7601.55,1002,50.45,5,3,2025,10,Saturday
2025-03-09,303,3.62,1530905.94,5052.49,840,49.66,6,3,2025,10,Sunday
2025-03-10,312,4.13,2038649.86,6534.13,899,49.6,0,3,2025,11,Monday
2025-03-11,348,3.96,2178665.46,6260.53,995,51.27,1,3,2025,11,Tuesday
2025-03-12,398,4.1,2430033.66,6105.61,1038,50.7,2,3,2025,11,Wednesday
2025-03-13,411,4.22,2737256.3,6659.99,1183,51.89,3,3,2025,11,Thursday
2025-03-14,315,3.87,1907645.25,6056.02,892,51.43,4,3,2025,11,Friday
2025-03-15,665,3.44,3916897.52,5890.07,1988,53.17,5,3,2025,11,Saturday
2025-03-16,339,3.82,2104268.42,6207.28,939,53.53,6,3,2025,11,Sunday
2025-03-17,350,3.95,2054279.76,5869.37,966,51.89,0,3,2025,12,Monday
2025-03-18,362,3.61,1866036.85,5154.8,1046,51.59,1,3,2025,12,Tuesday
2025-03-19,313,4.14,2203729.29,7040.67,863,51.45,2,3,2025,12,Wednesday
2025-03-20,337,4.45,2380845.72,7064.82,984,48.85,3,3,2025,12,Thursday
2025-03-21,340,4.15,2381985.67,7005.84,877,52.27,4,3,2025,12,Friday
2025-03-22,310,3.82,2079848.77,6709.19,899,50.9,5,3,2025,12,Saturday
2025-03-23,304,3.95,1798035.01,5914.59,847,51.09,6,3,2025,12,Sunday
2025-03-24,323,3.97,1954778.43,6051.95,936,52.7,0,3,2025,13,Monday
2025-03-25,363,3.32,1874153.5,5162.96,989,47.93,1,3,2025,13,Tuesday
2025-03-26,327,4.22,1895887.91,5797.82,926,51.15,2,3,2025,13,Wednesday
2025-03-27,312,4.37,2055111.31,6586.9,885,49.69,3,3,2025,13,Thursday
2025-03-28,313,4.33,1998989.68,6386.55,884,50.36,4,3,2025,13,Friday
2025-03-29,262,3.98,1584795.28,6048.84,726,50.29,5,3,2025,13,Saturday
2025-03-30,308,3.51,1675612.18,5440.3,864,51.59,6,3,2025,13,Sunday
2025-03-31,397,4.21,2697572.26,6794.89,1105,51.8,0,3,2025,14,Monday
2025-04-01,362,4.28,1889902.75,5220.73,1009,51.14,1,4,2025,14,Tuesday
2025-04-02,293,3.61,1609885.2,5494.49,807,50.01,2,4,2025,14,Wednesday
2025-04-03,312,4.27,2061476.79,6607.3,825,49.35,3,4,2025,14,Thursday
2025-04-04,274,4.11,1432001.71,5226.28,711,50.0,4,4,2025,14,Friday
2025-04-05,274,4.18,1786473.75,6519.98,836,49.91,5,4,2025,14,Saturday
2025-04-06,298,4.01,1786113.23,5993.67,873,52.22,6,4,2025,14,Sunday
2025-04-07,321,4.49,2366956.71,7373.7,888,51.49,0,4,2025,15,Monday
2025-04-08,353,3.56,2086594.94,5911.03,1039,49.93,1,4,2025,15,Tuesday
2025-04-09,280,4.53,1854804.58,6624.3,774,51.14,2,4,2025,15,Wednesday
2025-04-10,348,4.12,2188622.92,6289.15,971,50.25,3,4,2025,15,Thursday
2025-04-11,283,3.97,1554677.45,5493.56,807,51.8,4,4,2025,15,Friday
2025-04-12,279,4.09,1712787.98,6139.03,804,51.66,5,4,2025,15,Saturday
2025-04-13,259,4.36,1741562.65,6724.18,683,49.64,6,4,2025,15,Sunday
2025-04-14,290,4.7,2149738.86,7412.89,874,50.85,0,4,2025,16,Monday
2025-04-15,295,4.31,1819582.2,6168.08,821,51.43,1,4,2025,16,Tuesday
2025-04-16,272,3.27,1355860.85,4984.78,751,49.67,2,4,2025,16,Wednesday
2025-04-17,287,4.54,1878359.27,6544.81,792,50.8,3,4,2025,16,Thursday
2025-04-18,256,4.35,1682320.82,6571.57,745,51.13,4,4,2025,16,Friday
2025-04-19,304,4.29,1809052.16,5950.83,867,50.27,5,4,2025,16,Saturday
2025-04-20,298,4.11,1997590.83,6703.32,837,51.15,6,4,2025,16,Sunday
2025-04-21,303,4.29,2123692.14,7008.88,793,51.35,0,4,2025,17,Monday
2025-04-22,193,3.72,1330298.0,6892.74,508,49.75,1,4,2025,17,Tuesday
2025-04-23,200,3.9,1195999.99,5980.0,531,48.34,2,4,2025,17,Wednesday
2025-04-24,209,4.22,1242996.94,5947.35,578,52.67,3,4,2025,17,Thursday
2025-04-25,305,4.52,2056524.68,6742.7,844,52.24,4,4,2025,17,Friday
2025-04-26,280,3.88,1673155.78,5975.56,763,50.65,5,4,2025,17,Saturday
2025-04-27,284,3.85,1779224.68,6264.88,808,51.71,6,4,2025,17,Sunday
2025-04-28,318,3.73,1926339.7,6057.67,845,51.07,0,4,2025,18,Monday
2025-04-29,319,3.69,1994261.8,6251.6,913,50.79,1,4,2025,18,Tuesday
2025-04-30,316,4.24,2130636.89,6742.52,930,49.65,2,4,2025,18,Wednesday
2025-05-01,340,4.11,1991029.07,5855.97,916,51.36,3,5,2025,18,Thursday
2025-05-02,272,3.81,1601702.89,5888.61,733,51.34,4,5,2025,18,Friday
2025-05-03,323,3.86,2037220.55,6307.18,883,50.72,5,5,2025,18,Saturday
2025-05-04,290,4.12,1840602.77,6346.91,810,51.76,6,5,2025,18,Sunday
2025-05-05,251,3.92,1579502.86,6292.84,696,50.95,0,5,2025,19,Monday
2025-05-06,273,3.6,1467350.05,5374.91,791,47.99,1,5,2025,19,Tuesday
2025-05-07,252,3.81,1615651.81,6411.32,699,48.58,2,5,2025,19,Wednesday
2025-05-08,305,3.82,1987687.2,6517.01,830,49.79,3,5,2025,19,Thursday
2025-05-09,317,4.21,2097583.46,6616.98,878,53.54,4,5,2025,19,Friday
2025-05-10,334,4.25,2204637.17,6600.71,964,50.85,5,5,2025,19,Saturday
2025-05-11,291,4.74,2138730.05,7349.59,842,52.92,6,5,2025,19,Sunday
2025-05-12,360,4.02,2015193.59,5597.76,952,51.85,0,5,2025,20,Monday
2025-05-13,306,3.98,1788541.87,5844.91,912,51.73,1,5,2025,20,Tuesday
2025-05-14,323,4.05,1861233.53,5762.33,930,49.09,2,5,2025,20,Wednesday
2025-05-15,301,4.42,1977465.48,6569.65,858,52.16,3,5,2025,20,Thursday
2025-05-16,323,3.63,1872756.64,5798.01,914,51.55,4,5,2025,20,Friday
2025-05-17,291,4.73,2025198.63,6959.45,833,52.37,5,5,2025,20,Saturday
2025-05-18,300,3.65,1554331.14,5181.1,861,52.34,6,5,2025,20,Sunday
2025-05-19,326,4.04,1942813.55,5959.55,904,52.13,0,5,2025,21,Monday
2025-05-20,295,3.96,1910670.96,6476.85,829,51.51,1,5,2025,21,Tuesday
2025-05-21,273,4.11,1499261.25,5491.8,713,52.97,2,5,2025,21,Wednesday
2025-05-22,294,4.12,1927249.77,6555.27,786,50.79,3,5,2025,21,Thursday
2025-05-23,281,3.76,1597875.31,5686.39,778,50.81,4,5,2025,21,Friday
2025-05-24,296,3.85,1698411.57,5737.88,843,51.69,5,5,2025,21,Saturday
2025-05-25,291,4.26,1906915.46,6552.97,777,51.14,6,5,2025,21,Sunday
2025-05-26,380,3.82,2428499.16,6390.79,1067,51.22,0,5,2025,22,Monday
2025-05-27,316,4.02,2156887.79,6825.59,937,47.69,1,5,2025,22,Tuesday
2025-05-28,330,3.76,2124610.37,6438.21,984,49.13,2,5,2025,22,Wednesday
2025-05-29,354,4.18,2180637.85,6159.99,1039,51.81,3,5,2025,22,Thursday
2025-05-30,299,4.1,1627404.79,5442.83,812,52.13,4,5,2025,22,Friday
2025-05-31,298,4.01,1644305.14,5517.8,842,50.53,5,5,2025,22,Saturday
2025-06-01,321,4.15,2075021.38,6464.24,920,49.57,6,6,2025,22,Sunday
2025-06-02,380,4.51,2561643.92,6741.17,1080,50.11,0,6,2025,23,Monday
2025-06-03,333,4.28,1898950.24,5702.55,971,49.29,1,6,2025,23,Tuesday
2025-06-04,354,4.24,2473206.79,6986.46,1007,51.71,2,6,2025,23,Wednesday
2025-06-05,356,3.89,2113207.95,5935.98,974,50.23,3,6,2025,23,Thursday
2025-06-06,339,4.38,2201841.1,6495.11,941,51.1,4,6,2025,23,Friday
2025-06-07,327,4.35,2094486.85,6405.16,947,49.71,5,6,2025,23,Saturday
2025-06-08,281,4.6,2029849.01,7223.66,808,53.27,6,6,2025,23,Sunday
2025-06-09,334,3.89,1758736.1,5265.68,890,51.5,0,6,2025,24,Monday
2025-06-10,352,3.76,2199710.75,6249.18,1024,51.42,1,6,2025,24,Tuesday
2025-06-11,352,4.07,1985063.75,5639.39,990,51.07,2,6,2025,24,Wednesday
2025-06-12,365,4.1,2305922.68,6317.6,1036,51.3,3,6,2025,24,Thursday
2025-06-13,327,4.38,1894364.99,5793.17,949,53.26,4,6,2025,24,Friday
2025-06-14,389,4.14,2553182.49,6563.45,1113,51.61,5,6,2025,24,Saturday
2025-06-15,302,3.76,1943277.44,6434.69,842,49.7,6,6,2025,24,Sunday
2025-06-16,313,4.33,2087952.26,6670.77,886,49.57,0,6,2025,25,Monday
2025-06-17,383,4.07,2380687.4,6215.89,1020,50.62,1,6,2025,25,Tuesday
2025-06-18,353,4.08,2271029.49,6433.51,1004,53.04,2,6,2025,25,Wednesday
2025-06-19,378,3.94,2296571.54,6075.59,1085,52.31,3,6,2025,25,Thursday
2025-06-20,309,4.22,2083395.66,6742.38,867,50.85,4,6,2025,25,Friday
2025-06-21,327,3.88,1907178.19,5832.35,907,51.0,5,6,2025,25,Saturday
2025-06-22,308,4.18,2068639.74,6716.36,907,52.51,6,6,2025,25,Sunday
2025-06-23,432,3.77,2575563.37,5961.95,1212,48.69,0,6,2025,26,Monday
2025-06-24,248,4.58,1651613.57,6659.73,673,51.75,1,6,2025,26,Tuesday
2025-06-25,406,3.97,2567265.94,6323.32,1081,50.25,2,6,2025,26,Wednesday
2025-06-26,294,4.62,1868413.92,6355.15,809,51.31,3,6,2025,26,Thursday
2025-06-27,308,4.08,1853159.87,6016.75,874,51.53,4,6,2025,26,Friday
2025-06-28,342,4.33,2089178.84,6108.71,944,50.07,5,6,2025,26,Saturday
2025-06-29,312,4.63,2397659.28,7684.81,861,51.52,6,6,2025,26,Sunday
2025-06-30,297,4.26,1940908.55,6535.05,818,52.09,0,6,2025,27,Monday
2025-07-01,322,3.96,1978326.37,6143.87,930,47.76,1,7,2025,27,Tuesday
2025-07-02,286,3.94,1770202.17,6189.52,803,49.35,2,7,2025,27,Wednesday
2025-07-03,312,4.29,1943190.93,6228.18,827,50.18,3,7,2025,27,Thursday
2025-07-04,345,3.92,2071000.97,6002.9,979,51.54,4,7,2025,27,Friday
2025-07-05,275,3.87,1744385.12,6343.22,753,48.41,5,7,2025,27,Saturday
2025-07-06,303,4.5,2155664.24,7114.4,832,51.02,6,7,2025,27,Sunday
2025-07-07,366,4.27,2397675.15,6551.02,992,50.51,0,7,2025,28,Monday
2025-07-08,305,4.06,2033908.72,6668.55,845,51.48,1,7,2025,28,Tuesday
2025-07-09,314,4.19,1880611.43,5989.21,906,51.71,2,7,2025,28,Wednesday
2025-07-10,300,4.01,1780412.69,5934.71,819,50.73,3,7,2025,28,Thursday
2025-07-11,302,4.06,1861012.78,6162.29,840,51.03,4,7,2025,28,Friday
2025-07-12,301,4.32,2069265.9,6874.64,885,50.62,5,7,2025,28,Saturday
2025-07-13,308,4.19,1882354.3,6111.54,896,51.82,6,7,2025,28,Sunday
2025-07-14,355,4.61,2736694.58,7709.0,1033,49.31,0,7,2025,29,Monday
2025-07-15,297,4.08,1759829.86,5925.35,827,50.63,1,7,2025,29,Tuesday
2025-07-16,334,4.49,2167779.3,6490.36,902,52.2,2,7,2025,29,Wednesday
2025-07-17,264,4.07,1410870.18,5344.21,779,53.11,3,7,2025,29,Thursday
2025-07-18,301,3.88,1827974.76,6073.01,816,51.53,4,7,2025,29,Friday
2025-07-19,324,3.9,2023175.02,6244.37,972,49.62,5,7,2025,29,Saturday
2025-07-20,245,4.08,1510039.66,6163.43,627,52.99,6,7,2025,29,Sunday
2025-07-21,339,3.79,1794344.82,5293.05,951,50.03,0,7,2025,30,Monday
2025-07-22,293,4.16,1820268.04,6212.52,800,49.65,1,7,2025,30,Tuesday
2025-07-23,309,4.18,1839176.62,5952.03,884,50.44,2,7,2025,30,Wednesday
2025-07-24,319,3.85,1766691.2,5538.22,908,50.13,3,7,2025,30,Thursday
2025-07-25,309,4.34,2103828.84,6808.51,831,50.46,4,7,2025,30,Friday
2025-07-26,303,4.18,2114380.66,6978.15,814,50.87,5,7,2025,30,Saturday
2025-07-27,297,3.59,1789239.84,6024.38,845,48.29,6,7,2025,30,Sunday
2025-07-28,285,3.63,1513308.26,5309.85,809,49.63,0,7,2025,31,Monday
2025-07-29,298,4.08,1800267.52,6041.17,835,48.65,1,7,2025,31,Tuesday
2025-07-30,281,3.26,1521412.1,5414.28,791,49.72,2,7,2025,31,Wednesday
2025-07-31,345,3.89,2032751.23,5892.03,987,51.37,3,7,2025,31,Thursday
2025-08-01,264,4.0,1687480.66,6391.97,733,54.85,4,8,2025,31,Friday
2025-08-02,271,3.82,1701135.76,6277.25,775,54.71,5,8,2025,31,Saturday
2025-08-03,342,4.46,2520792.86,7370.74,995,54.5,6,8,2025,31,Sunday
2025-08-04,423,3.92,2451756.93,5796.12,1253,54.67,0,8,2025,32,Monday
2025-08-05,411,4.16,2688294.97,6540.86,1133,54.15,1,8,2025,32,Tuesday
2025-08-06,412,3.92,2487505.39,6037.63,1169,53.84,2,8,2025,32,Wednesday
2025-08-07,410,3.99,2251035.65,5490.33,1218,55.72,3,8,2025,32,Thursday
2025-08-08,418,4.33,2742457.33,6560.9,1241,53.64,4,8,2025,32,Friday
2025-08-09,328,4.69,2283502.31,6961.9,914,56.32,5,8,2025,32,Saturday
2025-08-10,342,4.46,2808698.79,8212.57,955,55.16,6,8,2025,32,Sunday
2025-08-11,403,4.1,2587325.45,6420.16,1159,53.82,0,8,2025,33,Monday
2025-08-12,295,4.26,2418749.6,8199.15,840,54.62,1,8,2025,33,Tuesday
2025-08-13,385,4.03,2496812.74,6485.23,1121,53.16,2,8,2025,33,Wednesday
2025-08-14,422,4.17,2747294.93,6510.18,1263,55.25,3,8,2025,33,Thursday
2025-08-15,254,4.57,1881441.87,7407.25,687,48.72,4,8,2025,33,Friday
2025-08-16,214,3.89,1369773.73,6400.81,572,49.59,5,8,2025,33,Saturday
2025-08-17,237,4.37,1802068.45,7603.66,679,51.86,6,8,2025,33,Sunday
2025-08-18,341,4.22,2306859.85,6764.98,918,48.01,0,8,2025,34,Monday
2025-08-19,304,4.29,1988478.61,6541.05,821,49.76,1,8,2025,34,Tuesday
2025-08-20,321,3.9,1844354.94,5745.65,906,50.2,2,8,2025,34,Wednesday
2025-08-21,270,3.79,1766679.12,6543.26,780,51.39,3,8,2025,34,Thursday
2025-08-22,256,5.02,2007337.33,7841.16,714,50.29,4,8,2025,34,Friday
2025-08-23,188,4.78,1445509.7,7688.88,538,50.97,5,8,2025,34,Saturday
2025-08-24,285,4.77,2162654.32,7588.26,774,51.93,6,8,2025,34,Sunday
2025-08-25,275,3.84,1638664.0,5958.78,754,49.67,0,8,2025,35,Monday
2025-08-26,304,4.12,1908579.39,6278.22,871,48.87,1,8,2025,35,Tuesday
2025-08-27,336,4.11,2109398.84,6277.97,941,50.03,2,8,2025,35,Wednesday
2025-08-28,298,4.14,1944213.87,6524.21,770,52.14,3,8,2025,35,Thursday
2025-08-29,282,4.21,1930153.05,6844.51,778,50.81,4,8,2025,35,Friday
2025-08-30,294,4.26,1910928.62,6499.76,810,50.4,5,8,2025,35,Saturday
2025-08-31,303,4.23,1772505.4,5849.85,825,50.96,6,8,2025,35,Sunday
2025-09-01,306,3.95,1848358.85,6040.39,809,49.23,0,9,2025,36,Monday
2025-09-02,310,3.92,1942816.35,6267.15,876,51.05,1,9,2025,36,Tuesday
2025-09-03,244,4.78,1694590.41,6945.04,688,52.0,2,9,2025,36,Wednesday
2025-09-04,341,4.09,1826249.24,5355.57,994,51.33,3,9,2025,36,Thursday
2025-09-05,313,3.67,1674607.08,5350.18,890,49.59,4,9,2025,36,Friday
2025-09-06,377,3.77,2465984.15,6541.07,1052,50.82,5,9,2025,36,Saturday
2025-09-07,309,4.2,1850755.61,5989.5,914,52.32,6,9,2025,36,Sunday
2025-09-08,363,4.06,2303065.42,6344.53,1022,51.5,0,9,2025,37,Monday
2025-09-09,343,5.3,2761451.81,8050.88,1025,52.59,1,9,2025,37,Tuesday
2025-09-10,341,3.74,2012509.49,5901.79,1005,50.25,2,9,2025,37,Wednesday
2025-09-11,319,3.77,1647795.33,5165.5,966,51.79,3,9,2025,37,Thursday
2025-09-12,327,4.13,1934246.58,5915.13,967,50.96,4,9,2025,37,Friday
2025-09-13,329,3.88,1722526.02,5235.64,879,51.58,5,9,2025,37,Saturday
2025-09-14,337,3.66,1889484.42,5606.78,988,50.45,6,9,2025,37,Sunday
2025-09-15,408,4.31,2842744.09,6967.51,1155,51.86,0,9,2025,38,Monday
2025-09-16,309,4.35,2060871.96,6669.49,876,51.53,1,9,2025,38,Tuesday
2025-09-17,296,3.83,1610219.56,5439.93,845,51.83,2,9,2025,38,Wednesday
2025-09-18,376,4.47,2666382.4,7091.44,1074,50.15,3,9,2025,38,Thursday
2025-09-19,309,4.16,1951914.77,6316.88,877,49.87,4,9,2025,38,Friday
2025-09-20,331,4.05,2285137.71,6903.74,899,51.64,5,9,2025,38,Saturday
2025-09-21,297,4.25,2033015.5,6845.17,832,50.46,6,9,2025,38,Sunday
2025-09-22,397,4.09,2444283.42,6156.89,1142,48.59,0,9,2025,39,Monday
2025-09-23,351,4.25,2303427.72,6562.47,985,49.54,1,9,2025,39,Tuesday
2025-09-24,300,4.72,2184626.71,7282.09,868,51.96,2,9,2025,39,Wednesday
2025-09-25,358,4.1,2316774.5,6471.44,1015,50.49,3,9,2025,39,Thursday
2025-09-26,324,4.04,1735875.38,5357.64,897,50.1,4,9,2025,39,Friday
2025-09-27,359,4.54,2511065.83,6994.61,980,52.46,5,9,2025,39,Saturday
2025-09-28,327,3.71,1941641.26,5937.74,944,50.43,6,9,2025,39,Sunday
2025-09-29,380,4.38,2617265.84,6887.54,1012,52.8,0,9,2025,40,Monday
2025-09-30,385,3.91,2227720.82,5786.29,1058,50.86,1,9,2025,40,Tuesday
2025-10-01,345,4.77,2114816.66,6129.9,994,50.97,2,10,2025,40,Wednesday
2025-10-02,348,4.07,2125043.7,6106.45,975,49.53,3,10,2025,40,Thursday
2025-10-03,345,3.76,2173289.63,6299.39,943,51.32,4,10,2025,40,Friday
2025-10-04,317,4.57,2319033.8,7315.56,894,52.36,5,10,2025,40,Saturday
2025-10-05,302,3.54,1707229.17,5653.08,830,49.3,6,10,2025,40,Sunday
2025-10-06,348,4.46,2079491.03,5975.55,1009,51.14,0,10,2025,41,Monday
2025-10-07,345,4.18,2166606.63,6280.02,968,50.32,1,10,2025,41,Tuesday
2025-10-08,371,4.1,2326919.42,6272.02,1063,50.14,2,10,2025,41,Wednesday
2025-10-09,413,3.83,2438692.27,5904.82,1193,50.98,3,10,2025,41,Thursday
2025-10-10,361,3.74,2493750.69,6907.9,995,50.91,4,10,2025,41,Friday
2025-10-11,359,4.04,2360489.42,6575.18,1060,50.88,5,10,2025,41,Saturday
2025-10-12,255,4.22,1542456.03,6048.85,765,50.29,6,10,2025,41,Sunday
2025-10-13,321,3.65,1684609.01,5248.0,883,49.31,0,10,2025,42,Monday
2025-10-14,260,4.97,1656702.37,6371.93,733,50.61,1,10,2025,42,Tuesday
2025-10-15,349,4.48,2304598.4,6603.43,989,49.64,2,10,2025,42,Wednesday
2025-10-16,380,4.19,2474657.68,6512.26,1073,51.31,3,10,2025,42,Thursday
2025-10-17,352,4.27,2233231.51,6344.41,963,50.65,4,10,2025,42,Friday
2025-10-18,307,4.18,2036850.84,6634.69,890,50.5,5,10,2025,42,Saturday
2025-10-19,279,3.97,1542139.94,5527.38,809,50.37,6,10,2025,42,Sunday
2025-10-20,370,3.75,2072305.58,5600.83,1030,50.78,0,10,2025,43,Monday
2025-10-21,367,4.06,2177797.1,5934.05,1087,50.3,1,10,2025,43,Tuesday
2025-10-22,330,3.91,2391587.89,7247.24,920,49.9,2,10,2025,43,Wednesday
2025-10-23,398,4.26,2469226.36,6204.09,1129,51.72,3,10,2025,43,Thursday
2025-10-24,350,4.25,1900691.2,5430.55,1006,50.09,4,10,2025,43,Friday
2025-10-25,341,3.31,1685158.34,4941.81,952,52.36,5,10,2025,43,Saturday
2025-10-26,276,4.08,1800558.83,6523.76,783,51.58,6,10,2025,43,Sunday
2025-10-27,378,4.38,2278656.71,6028.19,1017,51.07,0,10,2025,44,Monday
2025-10-28,351,4.07,2075361.52,5912.71,966,50.34,1,10,2025,44,Tuesday
2025-10-29,349,4.3,2302143.21,6596.4,1020,52.75,2,10,2025,44,Wednesday
2025-10-30,399,4.21,2434560.25,6101.65,1111,51.75,3,10,2025,44,Thursday
2025-10-31,368,4.66,2669186.17,7253.22,995,52.0,4,10,2025,44,Friday
2025-11-01,331,4.05,1971955.16,5957.57,887,52.0,5,11,2025,44,Saturday
2025-11-02,350,3.67,2236428.69,6389.8,977,51.87,6,11,2025,44,Sunday
2025-11-03,414,4.36,2607533.59,6298.39,1143,51.57,0,11,2025,45,Monday
2025-11-04,273,4.13,1779163.67,6517.08,735,47.71,1,11,2025,45,Tuesday
2025-11-05,336,4.23,1954076.19,5815.7,984,49.72,2,11,2025,45,Wednesday
2025-11-06,356,3.79,1853128.0,5205.42,1020,49.57,3,11,2025,45,Thursday
2025-11-07,351,4.48,2204860.09,6281.65,989,51.01,4,11,2025,45,Friday
2025-11-08,370,4.03,2330962.4,6299.9,1049,50.16,5,11,2025,45,Saturday
2025-11-09,250,4.0,1421424.13,5685.7,719,48.75,6,11,2025,45,Sunday
2025-11-10,527,3.3,2837847.54,5384.91,1489,48.17,0,11,2025,46,Monday
2025-11-11,485,3.24,2987979.6,6160.78,1362,48.46,1,11,2025,46,Tuesday
2025-11-12,398,3.07,2276346.37,5719.46,1054,48.34,2,11,2025,46,Wednesday
2025-11-13,504,3.07,2959809.51,5872.64,1371,46.16,3,11,2025,46,Thursday
2025-11-14,456,3.09,2572895.06,5642.31,1290,45.98,4,11,2025,46,Friday
2025-11-15,490,3.24,2953476.11,6027.5,1307,49.46,5,11,2025,46,Saturday
2025-11-16,499,3.16,2908828.51,5829.32,1386,46.17,6,11,2025,46,Sunday
2025-11-17,525,2.91,2754239.94,5246.17,1532,48.07,0,11,2025,47,Monday
2025-11-18,441,2.9,2038299.52,4621.99,1233,46.71,1,11,2025,47,Tuesday
2025-11-19,423,3.16,2388573.75,5646.75,1226,47.77,2,11,2025,47,Wednesday
2025-11-20,445,2.92,2345770.75,5271.39,1307,47.36,3,11,2025,47,Thursday
2025-11-21,457,2.86,2399899.0,5251.42,1335,48.86,4,11,2025,47,Friday
2025-11-22,460,3.11,2334861.52,5075.79,1237,47.05,5,11,2025,47,Saturday
2025-11-23,526,2.72,2751746.02,5231.46,1483,46.78,6,11,2025,47,Sunday
2025-11-24,532,3.19,3169218.34,5957.18,1497,47.29,0,11,2025,48,Monday
2025-11-25,530,3.08,2959331.4,5583.64,1511,47.31,1,11,2025,48,Tuesday
2025-11-26,494,2.91,2621382.73,5306.44,1446,48.73,2,11,2025,48,Wednesday
2025-11-27,462,3.02,2687775.49,5817.7,1273,47.2,3,11,2025,48,Thursday
2025-11-28,456,3.07,2644246.93,5798.79,1276,47.95,4,11,2025,48,Friday
2025-11-29,403,2.86,2095731.32,5200.33,1148,47.12,5,11,2025,48,Saturday
2025-11-30,538,2.88,3032814.14,5637.2,1483,46.75,6,11,2025,48,Sunday
2025-12-01,382,3.77,2136548.25,5593.06,1040,50.99,0,12,2025,49,Monday
2025-12-02,378,4.4,2685612.85,7104.8,1061,51.02,1,12,2025,49,Tuesday
2025-12-03,407,3.93,2090017.97,5135.18,1109,50.19,2,12,2025,49,Wednesday
2025-12-04,425,4.13,2612579.11,6147.24,1205,50.55,3,12,2025,49,Thursday
2025-12-05,382,4.32,2550433.32,6676.53,1050,52.32,4,12,2025,49,Friday
2025-12-06,441,4.93,3141341.59,7123.22,1240,51.12,5,12,2025,49,Saturday
2025-12-07,293,4.12,1934271.28,6601.61,814,51.53,6,12,2025,49,Sunday
2025-12-08,434,3.79,2530949.91,5831.68,1196,50.65,0,12,2025,50,Monday
2025-12-09,423,4.02,2331487.86,5511.79,1183,50.28,1,12,2025,50,Tuesday
2025-12-10,375,3.89,2397191.58,6392.51,1076,50.21,2,12,2025,50,Wednesday
2025-12-11,418,4.32,2662437.95,6369.47,1220,50.61,3,12,2025,50,Thursday
2025-12-12,296,3.84,1635956.7,5526.88,859,50.21,4,12,2025,50,Friday
2025-12-13,342,4.21,2188706.04,6399.73,923,48.99,5,12,2025,50,Saturday
2025-12-14,335,3.94,2085440.58,6225.2,916,50.01,6,12,2025,50,Sunday
2025-12-15,557,3.86,3723612.99,6685.12,1629,49.46,0,12,2025,51,Monday
2025-12-16,538,3.5,2896599.25,5384.01,1559,48.89,1,12,2025,51,Tuesday
2025-12-17,484,3.75,3036464.19,6273.69,1377,46.82,2,12,2025,51,Wednesday
2025-12-18,525,3.64,3117236.61,5937.59,1574,49.17,3,12,2025,51,Thursday
2025-12-19,465,3.38,2647698.21,5693.97,1392,48.46,4,12,2025,51,Friday
2025-12-20,468,3.94,3002164.38,6414.88,1402,47.68,5,12,2025,51,Saturday
2025-12-21,520,3.6,2911763.34,5599.54,1452,47.79,6,12,2025,51,Sunday
2025-12-22,559,3.7,3366568.67,6022.48,1658,49.0,0,12,2025,52,Monday
2025-12-23,457,3.73,2974470.2,6508.69,1307,49.02,1,12,2025,52,Tuesday
2025-12-24,506,3.89,3076484.09,6080.01,1489,47.62,2,12,2025,52,Wednesday
2025-12-25,487,3.27,2470506.8,5072.91,1409,48.41,3,12,2025,52,Thursday
2025-12-26,516,3.54,3031473.25,5874.95,1467,48.82,4,12,2025,52,Friday
2025-12-27,466,3.88,2757831.67,5918.09,1353,47.44,5,12,2025,52,Saturday
2025-12-28,542,3.31,2818947.55,5201.01,1543,48.56,6,12,2025,52,Sunday
2025-12-29,606,3.67,3579981.01,5907.56,1717,49.21,0,12,2025,1,Monday
2025-12-30,504,3.82,3078222.94,6107.59,1518,49.42,1,12,2025,1,Tuesday
2025-12-31,542,3.27,3104351.22,5727.59,1528,46.75,2,12,2025,1,Wednesday
