BOR;AN;FI;RS;FI_EJ;SPED;LIT_CHI_PED;LIT_MED_PED;PLA_CHI_PED;PLA_MED_PED;SEJHP_MED_PED;SEJHP_CHI_PED;SEJHC_MED_PED;SEJHC_CHI_PED;JOU_CHI_PED;JOU_MED_PED;EFFLIB_PM;EFFLIB_PED;EFFLIB_CHIPED;ETPSAL_PM;ETPSAL_PED;ETPSAL_CHIPED;GAR_PM;GAR_PED;GAR_CHIPED;AST_CHIPED;AST_PM;AST_PED;EFFLIB_INFNS;EFFLIB_PUE;EFFLIB_AUX;EFFLIB_KINE;EFFLIB_PSY;EFFLIB_APNM;ETPSAL_INFNS;ETPSAL_PUE;ETPSAL_AUX;ETPSAL_KINE;ETPSAL_PSY;ETPSAL_APNM
MCOPED;2024;010000024;CH DE FLEYRIAT;010780054;1;0;18;0;4;403;0;1754;0;0;4676;;;;5.77;4.97;;1;1;;;0;0;;;;;;;7.11;9.45;6.92;0;1.93;4.9
MCOPED;2024;010000032;CH BUGEY SUD;010780062;1;0;6;0;1;4;0;565;0;0;883;;;;1.54;1.54;;;;;;;;;;;;;;5.75;1;2.84;;;5.12
MCOPED;2024;010005239;CH DU HAUT BUGEY - GEOVREISSET;010008407;1;0;8;0;1;168;0;744;0;0;1968;0;0;0;2.22;1.74;0;;;;;;;0;0;0;0;0;0;2.88;3.38;6.22;0;0.3;1.92
MCOPED;2024;020000162;CH SAINT-QUENTIN;020000063;1;0;20;0;4;2072;0;2377;0;0;4869;;;;5.86;5.86;0;;;;;;;;;;;;;16.04;11.8;14.15;0;2.56;21.97
MCOPED;2024;020000394;CH LAON;020000253;1;;8;;3;75;0;767;0;0;1366;;;;2.21;2.21;;1;1;;;0;0;;;;;;;7.93;0.36;2.6;;1;6.58
MCOPED;2024;020000519;CH SOISSONS;020000261;1;0;15;0;1;22;0;1268;0;0;3580;;;;5.28;5.12;;1;0;0;0;0;0;;;;;;;6.31;1;4.11;;0.52;6.52
MCOPED;2024;020001061;CH CHÂTEAU-THIERRY;020004404;1;0;7;0;2;189;0;676;2;3;1477;;;;5.21;5.21;;1;1;0;0;1;1;;;;;;;6.83;4.09;3;0;0;2.74
MCOPED;2024;030000061;CH DE MOULINS;030780092;1;0;15;0;2;234;0;976;0;0;2227;;;;1.82;1.62;0;0;0;0;0;1;1;;;;;;;10.36;4.93;4.6;0;1.47;9.87
MCOPED;2024;030000079;CH DE MONTLUCON;030780100;1;0;13;0;0;0;0;1357;0;0;2867;;;;5.54;5.54;;;;;;1;1;;;;;;;13.02;5.5;15.23;;0.2;9.94
MCOPED;2024;030000087;CH JACQUES LACARIN VICHY;030780118;1;0;18;1;0;0;241;1147;0;0;2962;;;;5.1;5.1;;0;0;0;0;1;1;;;;;;;8.1;6.23;6.32;;0.49;7.55
MCOPED;2024;040000093;CHI DE MANOSQUE LOUIS RAFFALLI;040780215;1;;8;0;2;218;0;804;0;0;1790;0;0;0;2.31;2.31;0;0;0;0;0;1;1;0;0;0;0;0;0;3.46;4.59;0;0;0;5.71
MCOPED;2024;050000231;CH LES ESCARTONS A BRIANCON;050000116;1;;4;;;0;0;397;0;0;697;;;;1.28;1.28;;;;;;;;;;;;;;4;2;2.85;;;1.25
MCOPED;2024;050000348;CHI DES ALPES DU SUD SITE DE GAP;050002948;1;;9;;1;111;0;1215;0;0;2608;;;;5.23;5.23;;;;;;;;;;;;;;1.05;4.23;0.72;;;7.25
MCOPED;2024;060000478;CENTRE HOSPITALIER DE GRASSE;060780897;1;1;14;;3;386;0;849;72;169;1780;0;0;0;2.4;1.57;0;;;;;;;0;0;0;0;0;0;1.83;7.46;10.03;0;0.54;3.99
MCOPED;2024;060000510;CH D'ANTIBES JUAN LES PINS;060780954;1;0;22;0;1;117;0;1331;0;0;3176;2;;;6.92;6.92;;0;;;;1;;;;;;;;1.65;9.45;5.88;;;8.33
MCOPED;2024;060000544;CH DE CANNES SIMONE VEIL;060780988;1;;12;;;0;0;584;0;0;2301;;;;2.01;1.64;;1;1;;;0;0;;;;;;;2.91;5.62;6.87;0.3;0.2;5.71
MCOPED;2024;060780947;HOP PEDIATRIQUES DE NICE CHU LENVAL;060800174;1;23;59;14;12;2859;2900;8719;1883;4971;24688;;;;45.21;5.82;;1;1;;;1;1;;;;;;;64.55;33.65;84.4;3.19;4.61;109.98
MCOPED;2024;060789195;CHU DE NICE HOPITAL DE L'ARCHET;060785011;1;0;10;;0;0;0;638;0;0;2450;;;;4.02;4.02;;;;;;1;1;;;;;;;335.63;50.19;59.61;10.22;17.5;627.55
MCOPED;2024;070000179;CH ARDECHE NORD;070780358;1;0;15;0;0;0;0;1173;0;0;1998;;;;5.13;5.13;;0;0;0;;1;1;;;;;;;13.16;1.3;13.2;2.79;0.13;6.54
MCOPED;2024;070000195;CH DE TOURNON SUR RHONE;070780374;1;0;8;0;0;0;0;158;0;0;587;;;;0.43;0.43;;0;0;;;0;0;;;;;;;;;;;;
MCOPED;2024;070000609;CH ARDECHE MERIDIONALE - AUBENAS;070005566;1;1;9;0;0;0;0;612;116;253;1348;;;;3.32;3.32;;;;;;;;;;;;;;4.57;9.33;9.35;0.15;0.1;4.39
MCOPED;2024;080000110;CENTRE HOSPITALIER DE SEDAN;080011174;1;0;20;0;2;517;0;701;0;0;3165;;;;3.1;2.1;0;0;0;;;1;1;;;;1;;;9.36;4.5;8.07;0.1;1;9.82
MCOPED;2024;080000425;CH CHARLEVILLE - HOPITAL MANCHESTER;080011174;1;;19;;7;236;0;1659;0;0;2550;;;;5.26;5.2;;1;1;;;0;0;;;;;;;7.93;2.92;6.39;;;7.14
MCOPED;2024;090000175;CHIVA SITE ST JEAN DE VERGES;090781774;1;;9;;2;360;0;718;0;0;1425;;;;1.68;1.68;;0;0;;;1;1;;;;;;;5.5;4.23;;;;12.8
MCOPED;2024;100000090;CENTRE HOSPITALIER DE TROYES;100000017;1;;27;;4;882;0;1907;0;0;6316;;;;2.2;2.2;0;0;0;0;0;1;1;;;;;;;7.51;6.39;11.81;0;1.67;10.55
MCOPED;2024;110000023;CH CARCASSONNE;110780061;1;;13;;2;380;0;1124;0;0;2691;;;;4.44;4.44;0;0;0;;;1;1;;;;;;;3.7;11.56;11.24;0.1;0.48;1.4
MCOPED;2024;110000056;CH NARBONNE;110780137;1;;16;;;0;0;1453;0;0;3165;0;;;4.73;4.73;0;0;0;;;1;1;;;;;;;11.51;4.86;;;0.5;10.11
MCOPED;2024;120000039;CH DE RODEZ HOPITAL JACQUES PUEL;120780044;1;0;11;0;2;279;0;809;0;0;2313;;;;8.83;8.83;;1;1;;;;;;;;;;;;9.49;9.57;;0.5;4.93
MCOPED;2024;130000409;CHI SITE D'AIX EN PROVENCE;130041916;1;;23;;4;1252;0;2516;0;0;6226;;;;22.06;22.06;;1;;;;0;;;;;;;;7.17;8.59;8.42;0.3;;8.78
MCOPED;2024;130000565;CENTRE HOSPITALIER GENERAL D'AUBAGNE;130781446;1;0;13;0;2;356;0;1504;0;0;3132;2;2;0;5.5;5.5;0;1;1;0;0;0;0;;;;;;;6.03;11.49;14.42;0;0;4
MCOPED;2024;130001225;HOPITAL DU PAYS SALONAIS;130782634;1;;14;;;0;0;1395;0;0;3657;;;;4.07;3.8;;0;0;0;0;0;0;;;;;;;1.95;6.25;5.2;;0.25;
MCOPED;2024;130002835;CH DE MARTIGUES HOPITAL DES RAYETTES;130789316;1;;20;;1;250;0;1094;0;0;2553;;;;9.42;9.42;;1;1;;;1;1;;;;;;;11.87;16;6.38;;;10.13
MCOPED;2024;130780521;APHM HOPITAL NORD;130786049;1;;21;10;;0;2137;2715;0;0;4744;;;;10.86;7.65;0.58;1;0;0;1;1;1;;;;;;;24.98;22.95;21.5;;0.69;23.94
MCOPED;2024;130784234;APHM HOPITAUX SUD SAINTE MARGUERITE;130786049;1;0;0;;2;118;0;0;0;0;0;;;;1.43;0.5;;0;0;0;0;0;0;;;;;;;;;0.5;;0.55;2.15
MCOPED;2024;130785652;HOPITAL SAINT JOSEPH;130014228;1;12;43;;;0;0;1924;378;694;4304;;;;5.23;;;0;0;0;1;1;1;;;;;;;8.15;8.42;8.9;;;12.81
MCOPED;2024;130804297;APHM HOPITAL LA TIMONE ENFANTS;130786049;1;85;128;13;41;12356;2611;8282;4096;13721;35990;;;;89.99;45.91;5.32;1;1;0;1;1;1;;;;;;;181.13;103.26;156.76;0.3;17.52;120.1
MCOPED;2024;140000027;CENTRE HOSPITALIER DE LISIEUX;140000035;1;0;25;0;3;281;0;1103;0;0;4090;;;;6.32;6.32;;1;1;0;0;0;0;;;;;;;16.59;5.36;6.46;;1.5;15.01
MCOPED;2024;140000209;CHU CAEN;140000100;1;22;48;7;14;3182;883;4075;1447;4535;12776;;;;28.5;19.49;6.46;1;1;0;1;0;0;;;;;;;13.31;50.06;40.41;;2.35;63.17
MCOPED;2024;140000233;CH FALAISE;140000118;1;1;14;1;1;192;153;995;44;66;2440;;;;3;3;;;;;;;1;;;;;;;6.87;0.8;0.8;;0.4;9.03
MCOPED;2024;140024886;CENTRE HOSPITALIER - AUNAY-BAYEUX;140000092;1;;11;;;0;0;529;0;0;1791;;;;2.43;2.03;;0;0;;;1;1;;;;;;;3.09;3;3.43;;;6.56
MCOPED;2024;150000040;CH HENRI MONDOR;150780096;1;;16;;0;127;0;1045;0;0;1831;;;;3.08;3.08;;0;0;0;0;1;1;;;;;;;4.78;5.75;7.56;;;7.11
MCOPED;2024;160000253;CENTRE HOSPITALIER D'ANGOULEME;160000451;1;0;12;0;6;513;0;1440;0;0;2613;;;;4.32;3.31;;1;1;;;0;0;;;;;;;7.97;2.58;3.11;;;11.64
MCOPED;2024;170000087;HOPITAL SAINT-LOUIS - LA ROCHELLE;170024194;1;;27;0;5;502;810;2040;0;0;5037;;;;10.73;7.96;;1;1;0;0;0;0;;;;;;;10.63;10.28;15.37;;0.4;4.08
MCOPED;2024;170000103;CH DE SAINTONGE - SAINTES;170780175;1;0;16;;0;0;0;1693;0;0;3224;;;;10.47;;;1;1;0;0;0;0;;;;;;;6.35;6.07;9.8;0.14;0.05;4.97
MCOPED;2024;170000152;CENTRE HOSPITALIER ROCHEFORT;170780225;1;;16;;2;781;0;1108;0;0;3187;;;;7.54;6.74;;1;1;0;0;0;0;;;;;;;8.21;12.89;14.18;;0.43;6.51
MCOPED;2024;180000010;CH BOURGES - JACQUES COEUR;180000028;1;;20;;3;174;0;1484;0;0;2672;;;;3.75;2.81;;0;0;0;0;1;1;;;;;;;9.14;5.39;6.97;0;0;2.91
MCOPED;2024;180000200;CH DE VIERZON;180000051;1;0;6;0;1;84;0;481;0;0;893;;;;0.56;0.56;;;;;;;;;;;;;;5.96;;1.9;;;1.87
MCOPED;2024;190000018;CENTRE HOSPITALIER DUBOIS BRIVE;190000042;1;0;20;0;4;610;0;1393;0;0;3927;;;;5.4;5.4;;;;;;;;;;;;;;11;6.17;13.86;;0.9;7.52
MCOPED;2024;190000026;CENTRE HOSPITALIER COEUR DE CORREZE;190000059;1;0;6;0;1;248;0;605;0;0;1735;;;;3.7;3.7;;0;0;;;1;1;;;;;;;;7.6;5.47;;0.7;5.91
MCOPED;2024;210012670;HOPITAL PRIVE DIJON BOURGOGNE;210011367;1;2;8;;;0;0;468;70;103;971;4;3;1;;;;;1;0;1;;0;;;;;;;;;;;;
MCOPED;2024;210987558;HOPITAL LE BOCAGE CHRU DIJON;210780581;1;16;48;5;2;5555;1201;4868;1527;6014;12709;;;;17.56;13.61;3.95;;;;;;;;;;;;;44.64;35.21;38.81;2.6;2.12;38.91
MCOPED;2024;210987657;HOSPICES CIVILS DE BEAUNE;210012175;1;;6;;2;82;0;1301;0;0;1885;;;;4.05;2.71;;0;0;;;1;1;;;;;;;3.64;7.71;;;0.56;14.27
MCOPED;2024;210987699;CENTRE HOSPITALIER ROBERT MORLEVAT;210780706;1;;3;;;0;0;366;0;0;558;0;0;0;1.19;1.19;0;0;0;0;0;1;1;0;0;0;0;0;0;0.85;0;0;0;0;1.17
MCOPED;2024;220000012;CENTRE HOSPITALIER YVES LE FOLL;220000020;1;9;25;4;4;1356;789;2105;1030;2035;6018;;;;17.72;11.72;6;1;;;;0;;;;;;;;10.21;17.64;20.15;;1.27;4.4
MCOPED;2024;220000095;GHRE- SITE DINAN RENE PLEVEN;350000022;1;0;7;0;0;221;0;366;0;0;1374;;;;2.28;2.28;;0;0;;;0;0;;;;;;;6.54;0.74;6.23;;;2.52
MCOPED;2024;220000368;CENTRE HOSPITALIER LANNION;220000103;1;;8;;;0;0;513;0;0;1588;;;;3.32;;;0;;;;1;;;;;;;;5.22;1.1;4.06;0;0;5.17
MCOPED;2024;230000820;CENTRE HOSPITALIER GUERET;230780041;1;;10;;;0;0;484;0;0;1197;;;;2.34;2.34;0;0;0;;;1;1;;;;;;;5.08;5.23;3.01;0;0;9.35
MCOPED;2024;240000372;C.H DE BERGERAC;240000059;1;0;12;0;0;0;0;602;0;0;1508;1;1;;2.38;2.38;;0;0;0;1;1;1;;;;;;;9.67;0;0;0;0;9.8
MCOPED;2024;240000489;CENTRE HOSPITALIER DE PERIGUEUX;240000117;1;0;18;0;4;437;0;1962;0;0;4652;0;0;0;6.51;6.51;0;1;1;0;0;0;0;0;0;0;0;0;0;17.37;4.18;12.59;0.2;0.75;14.55
MCOPED;2024;250000023;CHU BESANCON SITE SAINT-JACQUES;250000015;1;0;0;0;2;34;0;0;0;0;0;0;0;;0.5;0.42;;0;0;;;0;0;;0;;;;;;0.5;;;;
MCOPED;2024;250000700;CHI HC SITE RIVES DU DOUBS PONTARLIER;250000452;1;;14;;;0;0;1173;0;0;2874;;;;2.48;2.48;;0;0;0;1;1;1;;;;;;;4.29;3.2;5.68;;;4.47
MCOPED;2024;250006954;CHU JEAN MINJOZ BESANCON;250000015;1;18;35;16;12;4016;1776;2825;1538;4132;9216;0;0;0;4.4;1.79;2.61;1;1;0;1;1;1;0;0;0;0;0;0;11.92;12.31;8.3;1.2;0.48;23.8
MCOPED;2024;260000013;CH DE VALENCE;260000021;1;8;21;4;2;536;1;2702;893;2137;5470;;;;16.78;11.87;4.91;;;;;;;;;;;;;11.05;30.15;30.94;;;
MCOPED;2024;260000120;HOPITAUX DROME NORD - ROMANS-SUR-ISERE;260016910;1;1;15;1;1;259;358;931;123;205;2698;;;;3.71;3.71;;0;;;;1;;;;;;;;5.03;3.56;7.14;0.1;0.5;5.01
MCOPED;2024;260000138;CH PORTES PROVENCE MONTELIMAR;260000047;1;0;23;0;0;0;0;1690;0;0;3123;;;;4.92;4.92;;0;0;0;0;1;1;;;;;;;7.49;9.81;18.15;;0.42;2.52
MCOPED;2024;270000359;CH EURE SEINE EVREUX;270023724;1;;16;;2;303;0;1399;0;0;4196;;;;13.92;12.03;;1;1;;;0;0;;;;;;;6.43;2.9;5.77;;1;10.62
MCOPED;2024;280000084;CH DREUX;280000183;1;;21;;1;188;0;1482;0;0;3802;;;;8.67;7.67;0;0;0;0;0;0;0;;;;;;;12.39;4.45;4.28;0;0;12.43
MCOPED;2024;280504267;CH CHARTRES LOUIS PASTEUR-LE COUDRAY;280000134;1;;16;;3;496;0;1580;0;0;4026;;;;6;6;0;1;1;0;0;0;0;;;;;;;17.96;2;14.37;0;0;9.34
MCOPED;2024;290000025;CHIC QUIMPER;290020700;1;;28;;3;1098;0;3304;0;0;6879;0;0;0;9.78;9.78;0;1;1;0;0;1;1;;;;;;;8.65;6.42;10.64;;0.19;5.17
MCOPED;2024;290000033;C.H. DES PAYS DE MORLAIX;290021542;1;0;16;0;0;369;0;924;0;0;2097;;;;4.93;3.9;;0;0;0;0;1;1;;;;;;;2.53;12.69;4.3;0;0;8.92
MCOPED;2024;290000058;CHRU BREST SITE HOPITAL MORVAN;290000017;1;10;60;0;9;3255;1026;5391;842;1974;14636;;;;19.13;12.32;6.81;1;1;0;1;1;0;;;;;;;10.91;1.85;6.19;0.1;1;6.27
MCOPED;2024;2A0004842;CH ND LA MISERICORDE;2A0000014;1;0;13;0;0;0;0;1410;0;0;2102;;;;3.39;3.39;;0;0;0;0;1;1;;;;;;;6.87;5.83;10.63;;0.37;7.2
MCOPED;2024;2B0000012;CENTRE HOSPITALIER DE BASTIA;2B0000020;1;0;14;0;0;0;0;1259;0;0;2344;;;;8.36;5.78;1.99;1;1;0;1;1;0;;;;;;;5.47;4.64;8.85;;2.04;11.16
MCOPED;2024;300000023;CH ALES CEVENNES;300780046;1;0;14;0;0;0;0;1497;0;0;2583;0;0;0;5.9;5.9;0;0;0;0;0;1;1;0;0;0;0;0;0;7.78;5.85;2.9;0.17;1.43;15.25
MCOPED;2024;300000031;CH LOUIS PASTEUR BAGNOLS SUR CEZE;300780053;1;0;13;0;1;41;0;764;0;0;2002;0;0;;3.04;3.04;;0;0;0;1;1;1;0;0;;;;;4.3;8.8;12.33;0;0.5;7.47
MCOPED;2024;300002508;CL DU GRAND AVIGNON LES ANGLES;300000213;1;;;15;;0;31;0;0;0;0;4;0;1;;;;0;0;0;1;1;0;;;;;;;9.92;0;0;0;0;15.9
MCOPED;2024;300782117;CHU NIMES CAREMEAU;300780038;1;1;39;;5;983;0;3506;12;27;8496;;;;8.41;7.72;;1;1;;;0;0;;;;;;;16.63;17.65;22.22;;0.59;17.44
MCOPED;2024;310016977;HOPITAUX MERE & ENFANTS CHU TOULOUSE;310781406;1;36;139;12;28;6168;2522;13818;2349;8578;32362;;;;;;;;;;;;;;;;;;;70.06;132.19;155.89;9;2.27;29
MCOPED;2024;310026083;CL RIVE GAUCHE TOULOUSE;310026075;1;2;1;5;;0;6609;15;371;510;10;23;10;5;0.35;0.35;0;0;0;0;1;1;1;0;0;0;3;1;2;2;8.5;1;0;0;0
MCOPED;2024;310780150;CL MEDIPOLE GARONNE TOULOUSE;310788799;1;105;6;4;1;22;1623;253;653;794;355;12;4;3;;;;0;0;0;1;1;1;;;;;;;7;3;0;0;0;2
MCOPED;2024;310783048;HOPITAL PURPAN CHU TOULOUSE;310781406;1;16;4;5;12;3092;1210;422;1793;4818;545;;;;7.5;7.5;;;;;;;;;;;;;;;;;;;
MCOPED;2024;320000086;CH AUCH EN GASCOGNE;320780117;1;0;9;0;0;0;0;1000;0;0;1613;;;;5.2;5.2;;0;0;0;0;1;1;;;;;;;8.95;5.55;7.34;0;0;4.41
MCOPED;2024;330000555;CENTRE HOSPITALIER D'ARCACHON;330781204;1;;6;;;33;0;624;0;0;1234;;;;5.84;5.84;;0;0;;;1;1;;;;;;;2.81;4.75;2.65;;;1.3
MCOPED;2024;330000605;CTRE HOSPIT.R.BOULIN-LIBOURNE;330781253;1;;17;;4;507;0;1912;0;0;4043;0;0;0;2.53;2.53;0;1;1;;;0;0;;;;;;;10.01;9.43;8.03;0;1;14.01
MCOPED;2024;330780479;POLYCLIN BORDEAUX-NORD AQUITAINE;330000274;1;5;4;;2;6;0;7;224;390;0;;;;;;;;;;;;;;;;;;;1;;;;;
MCOPED;2024;330781360;GROUPE HOSPITALIER PELLEGRIN - CHU;330781196;1;38;186;5;24;9075;1346;10442;1473;5674;34335;;;;110.54;84.7;6.16;1;1;1;1;1;1;;;;;;;205.25;249.38;189.16;2.73;17.02;198.99
MCOPED;2024;330783648;HOPITAL HAUT-LEVEQUE - CHU;330781196;1;;20;;5;1494;0;1169;0;0;5703;;;;11.58;0.68;;0;0;0;0;0;0;;;;;;;8.81;4.56;4.25;0.15;0.48;35.12
MCOPED;2024;330802752;CENTRE JEAN ABADIE - CHU;330781196;1;;21;;6;2866;0;402;0;0;6459;;;;7.6;0;0;0;0;0;0;0;0;;;;;;;33.75;1.85;3.13;;5.76;33.24
MCOPED;2024;340000025;INSTITUT ST PIERRE PALAVAS LES FLOTS;340022722;1;;;;12;3842;0;0;0;0;0;;;;2.91;;;;;;;;;;;;;;;2.43;;;1;0.7;6.49
MCOPED;2024;340000033;CH BEZIERS;340780055;1;1;17;;1;126;0;3167;186;367;4858;;;;10.22;9.01;;1;1;;;;;;;;;;;6.66;6.43;4.95;0.09;0.5;8.35
MCOPED;2024;340000223;HOPITAL ST CLAIR SETE HBT;340011295;1;0;10;0;1;49;0;701;0;0;1411;0;0;0;2.96;2.96;0;0;0;0;0;1;1;0;0;0;0;0;0;3.23;2.71;3.43;0;0;5.44
MCOPED;2024;340022979;POLYCL ST ROCH MONTPELLIER;340000306;1;12;0;5;0;0;1780;99;220;233;189;23;8;4;;;;0;1;0;1;1;0;;;;;;;2.03;2.5;3.77;;;
MCOPED;2024;340782085;HOPITAL GUI DE CHAULIAC CHU MTP;340780477;1;6;10;0;4;1959;0;792;670;1243;2135;;;;4.25;3.72;;0;0;;;1;1;;;;;;;3;8.44;6.93;;1.32;8.07
MCOPED;2024;340785161;HOPITAL LAPEYRONIE CHU MONTPELLIER;340780477;1;20;14;6;0;0;938;2358;1679;5757;3339;;;;9.88;;2.67;1;;1;1;1;;;;;;;;8.37;30.36;33.3;;;8.86
MCOPED;2024;340796663;HOPITAL ARNAUD DE VILLENEUVE CHU MPT;340780477;1;0;50;0;21;5434;0;4657;0;0;14335;;;;16.06;15.28;;1;1;;;1;1;;;;;;;12.87;51.58;35.62;;0.69;12.31
MCOPED;2024;350000147;GHRE - SITE SAINT MALO BROUSSAIS;350000022;1;0;12;0;4;344;0;1081;0;0;2177;;;;6.83;6.83;;1;1;;;0;0;;;;;;;3.85;11.36;3.93;;0.1;22.11
MCOPED;2024;350000154;C.H FOUGERES;350000030;1;0;5;0;1;35;0;588;0;0;1261;;;;1.75;1.75;;0;0;0;0;1;1;;;;;;;1.25;2.21;1.61;0;0;4.82
MCOPED;2024;350000162;CHIRC SITE REDON;350000048;1;;5;;2;3;0;480;0;0;1094;;;;2.56;2.56;;0;0;0;0;1;1;;;;;;;5.38;1.55;3.43;;;4.55
MCOPED;2024;350000188;CENTRE HOSPITALIER VITRE;350000055;1;;5;;;0;0;387;0;0;1086;;;;3.58;1.81;;;;;;;;;;;;;;3.76;7.4;1.53;;;5.09
MCOPED;2024;350007084;CHRU RENNES SITE HOPITAL SUD;350005179;1;16;66;0;20;3057;5;5998;1403;3792;19824;;;;17.83;9.03;2.62;1;1;1;;1;1;;;;;;;44.89;38.7;48.67;0.86;4.69;31.95
MCOPED;2024;360000137;CH CHATEAUROUX;360000053;1;;106;;;0;0;1045;0;0;3162;1;1;;4.63;4.63;;1;1;;;0;0;;;;;;;9.09;5.47;5.36;;;8.11
MCOPED;2024;370000499;CHRU CLOCHEVILLE - TOURS;370000481;1;35;69;12;7;2569;2224;6135;1678;5999;16236;;;;72.29;35.7;3.58;0;0;0;1;1;1;;;;;;;126.11;39.37;80.46;0;1.94;100.62
MCOPED;2024;380000034;CH PIERRE OUDOT BOURGOIN JALLIEU;380780049;1;;20;;;0;0;1550;0;0;3801;;;;5.54;5.5;;1;1;;;0;0;;;;;;;4.03;12.11;8.25;;0.74;2.48
MCOPED;2024;380000067;HOPITAL NORD - CHU38;380780080;1;25;122;7;4;1358;1947;6356;1757;5413;19661;;;;66.05;43.93;8.43;1;1;1;1;1;1;;;;;;;51.9;92.52;81.6;4.65;5.5;50.7
MCOPED;2024;380000174;CH LUCIEN HUSSEL DE VIENNE;380781435;1;1;12;1;1;95;216;1445;105;148;3084;0;0;0;7.27;7.07;0.2;1;1;0;0;0;0;0;0;0;0;0;0;6.63;3.94;8.73;0;0;4.01
MCOPED;2024;380000406;HOPITAL DE VOIRON - CHU38;380780080;1;;21;;;314;70;1182;95;158;2195;;;;8.31;8.31;;1;1;;;0;0;;;;;;;2.82;4.82;6.05;;0.5;0.08
MCOPED;2024;380780288;NOUVELLE CLINIQUE DE CHARTREUSE;380019224;1;0;0;1;0;0;986;0;0;0;0;;;;0.8;;;0;0;0;0;0;0;;;;;;;0.8;;;;;
MCOPED;2024;390000040;CH LONS;390780146;1;0;14;0;0;0;0;1269;0;0;2749;;;;5.2;5.2;;1;1;0;0;1;1;;;;;;;3.87;4;7.97;;;0.5
MCOPED;2024;390000222;CH LOUIS PASTEUR DOLE;390780609;1;;10;;1;39;0;889;0;0;2622;;;;2.96;2.96;;;;;;;;;;;;;;5.49;4.67;5.77;;1;2.21
MCOPED;2024;400000105;CENTRE HOSPITALIER DAX;400780193;1;2;10;;1;79;0;1702;2;3;2497;;;;1.45;1.45;;0;0;;;1;1;;;;;;;0.08;14.62;11.77;0.24;0.5;7.51
MCOPED;2024;400000139;CHI MONT DE MARSAN ET PAYS DES SOURCES;400011177;1;0;12;0;5;527;0;958;0;0;2351;0;0;0;7.12;7.12;0;1;1;;;0;;;;;;;;11.28;6.76;8.93;0;0.42;6.67
MCOPED;2024;410000020;CH BLOIS SIMONE VEIL;410000087;1;0;12;0;4;306;0;1606;0;0;4810;0;0;0;3.84;3.78;0;1;1;;;0;0;0;0;0;0;0;0;12.43;5.55;8.66;0;0.5;2.16
MCOPED;2024;410000046;CH ROMORANTIN-LANTHENAY;410000103;1;0;10;0;0;0;0;687;0;0;2035;;;;1.75;1.75;;0;0;0;0;1;1;;;;;;;6.1;2.11;3.96;;;7.4
MCOPED;2024;420000010;CH DE ROANNE;420780033;1;;22;;;0;0;2020;0;0;4783;0;;;4.23;3.66;0;1;1;0;0;0;0;;;;;;;9.32;5.06;15.42;0.16;;5.18
MCOPED;2024;420000226;CH DU FOREZ SITE DE MONTBRISON;420013831;1;0;8;0;2;41;0;824;0;0;1314;0;0;0;2.77;2.77;0;0;0;0;0;1;1;0;0;0;0;0;0;5.48;2.59;5.43;0;0;4.56
MCOPED;2024;420000234;CH DE FIRMINY;420780652;1;0;1;0;6;231;0;288;0;0;64;;;;3.65;2.55;;;;;;1;1;;;;;;;0.54;0.18;;;;1.33
MCOPED;2024;420782559;HOPITAL DE BELLEVUE - CHU42;420784878;1;;;;2;550;0;0;0;0;0;;;;0.15;;;0;;;;0;;;;;;;;;;;;;0.11
MCOPED;2024;420785354;HOPITAL NORD - CHU42;420784878;1;17;59;4;3;1808;1291;5552;1335;3563;12061;;;;14.73;7.03;1.9;1;0;0;0;1;1;;;;;;;65.3;17.75;43.84;1.51;0.98;28.72
MCOPED;2024;430000117;CH EMILE ROUX LE PUY;430000018;1;;10;;4;868;0;1297;0;0;2525;0;0;;4.88;4.73;;0;0;0;0;1;1;0;0;0;0;0;0;4.95;6.05;5.91;0.2;0.48;9.88
MCOPED;2024;440000016;CH DE SAINT NAZAIRE;440000057;1;0;24;0;2;1952;0;2254;0;0;6685;1;1;;6.93;6.91;;1;1;;;0;0;;;;;;;10.98;8.2;18;0.4;1.25;7.31
MCOPED;2024;440000271;CHU DE NANTES SITE HOTEL DIEU HME;440000289;1;34;81;12;17;5612;1954;8106;1908;6654;26936;0;0;0;31.29;24.77;2.05;1;1;1;1;1;1;;;;;;;106.17;83.65;80.8;0.4;1.41;41.9
MCOPED;2024;440000503;CH CNP SITE CHATEAUBRIANT;440000313;1;;15;;;0;0;500;0;0;1432;0;0;;5.51;5.51;0;0;;;0;1;1;;;;;;;5.12;2.92;2.23;0.2;0.25;4
MCOPED;2024;440029379;CLINIQUE JULES VERNE;440000974;1;1;0;4;0;0;123;0;2;2;0;1;;1;;;;0;;0;1;1;;;;;;;;0.2;;;;;0.16
MCOPED;2024;450000047;CH DEZARNAULDS - GIEN;450000096;1;;20;;;0;0;1073;0;0;2602;;;;3.85;3.85;;;;;;;;;;;;;;6.08;2.82;12.22;0.5;;4.03
MCOPED;2024;450000062;CH AGGLOMERATION MONTARGOISE;450000104;1;;13;;;0;0;1563;0;0;2637;1;1;;5.97;5.97;;1;1;1;0;0;0;;;;;;;15.82;4.82;3.8;;;13.38
MCOPED;2024;450002613;CHRU ORLEANS - HOPITAL DE LA SOURCE;450000088;1;15;40;2;12;1658;917;4151;871;1992;8609;;;;10.1;7.19;2.52;1;1;0;0;1;1;;;;;;;37.27;22.25;41.21;;1.79;8.81
MCOPED;2024;460000110;CH JEAN ROUGIER CAHORS;460780216;1;;10;;0;335;0;487;0;0;1008;0;0;0;3.64;2;0;0;0;;;1;1;0;0;0;0;0;0;2.49;8.84;4.2;0;0.3;4.1
MCOPED;2024;470000423;CH AGEN NERAC - HOPITAL SAINT-ESPRIT;470016171;1;;13;;2;640;0;980;0;0;3687;0;0;0;4.94;4.94;0;1;1;;;;;0;0;0;0;0;0;5.41;7.81;11.12;0;1.64;5.9
MCOPED;2024;470000431;CH VILLENEUVE -POLE SANTE VILLENEUVOIS;470000324;1;;7;;;0;0;670;0;0;1324;;;;4.3;4.3;;0;0;0;0;1;1;;;;;;;;1.93;14.34;;0.26;1.8
MCOPED;2024;470000480;CENTRE HOSPITALIER DE MARMANDE - CHIC;470001660;1;;14;;2;26;0;752;0;0;1990;;;;3.22;1.67;;0;0;0;0;1;1;;;;;;;;6.67;7.55;;;6.28
MCOPED;2024;480000017;HOPITAL LOZERE SITE VALLEE DU LOT;480780097;1;;6;;0;193;0;425;0;0;745;;;;2.3;2.3;;0;0;0;0;1;1;;;;;;;2.09;9.8;4.54;0;0.2;3.11
MCOPED;2024;490000049;CHR ANGERS SITE LARREY;490000031;1;20;40;5;8;3621;1657;4551;1052;3095;15536;;;;46.13;25.5;8.43;1;1;;1;;;0;0;0;0;0;0;17.94;19.3;21.04;0;0.95;49.38
MCOPED;2024;490000635;CH DE CHOLET;490000676;1;2;18;;2;357;0;1505;272;562;4268;;;;6.81;6.81;;1;0;;;0;0;;;;;;;10.33;7.34;11.3;;;5.34
MCOPED;2024;490001765;CH DE SAUMUR;490528452;1;;4;;1;136;0;560;0;0;1141;;;;1.39;1.39;;1;1;;;0;0;;;;;;;1.36;3.33;5.27;;;4.7
MCOPED;2024;500000021;HOPITAUX DU SUD MANCHE;500000054;1;;15;;;0;0;1318;0;0;2764;0;;;5.12;4.23;0.04;1;0;0;0;0;0;;;;;;;11.96;9.61;9.29;0;1.41;11.57
MCOPED;2024;500000187;CHPC - SITE CHERBOURG;500000013;1;;27;;2;691;0;2121;0;0;6179;;;;8.53;8.53;;;;;;;;;;;;;;10.61;7.63;6.53;;1.61;22.23
MCOPED;2024;500000450;CH - SAINT-LO;500000112;1;0;16;0;0;122;0;1294;0;0;3364;;;;5.68;5.68;;1;1;;;0;0;;;;;;;9.99;6.33;11.46;;0.33;4.38
MCOPED;2024;510000169;CENTRE HOSPITALIER LEON BOURGEOIS;510000037;1;4;8;0;0;119;0;872;37;71;2094;;;;1.4;1.4;;0;0;0;0;1;1;;;;;;;9.39;1.2;6.99;;0.59;4.82
MCOPED;2024;510000235;CENTRE HOSPITALIER D'EPERNAY;510000060;1;;8;;;46;0;662;0;0;2053;;;;2.31;2.11;;0;0;;;1;1;;;;;;;3.57;3;6.36;;;4.29
MCOPED;2024;510002470;AMERICAN MEMORIAL HOSPITAL CHU REIMS;510000029;1;10;42;5;16;3674;2191;4370;953;2549;13919;;;;12.58;4.72;7.62;1;1;;;1;1;0;0;0;0;0;0;40.18;32.99;36.63;0;0.03;28.25
MCOPED;2024;520000027;CENTRE HOSPITALIER DE CHAUMONT;520780032;1;0;17;0;0;0;0;651;0;0;1777;;;;1.6;1.6;0;0;;0;0;1;1;;;;;;;7.21;5.15;10.2;;;6.01
MCOPED;2024;520000068;CH GENEVIEVE DE GAULLE ANTHONIOZ;520780073;1;;10;;2;313;0;1137;0;0;3250;;;;3.4;3.2;;1;1;;;0;0;;;;;;;8.05;0.85;5.88;0;0.5;5.16
MCOPED;2024;530000264;CENTRE HOSPITALIER DE LAVAL;530000371;1;;18;;4;543;0;1512;0;0;2804;;;;5.88;5.88;0;1;1;0;0;0;0;;;;;;;6.46;12.27;11.42;0;0.26;11.51
MCOPED;2024;540000015;CHRU NANCY - MATERNITE;540023264;1;;0;;2;1025;0;68;0;0;78;;;;0.35;0.35;;1;1;0;0;1;1;;;;;;;2;1;;;;
MCOPED;2024;540000155;CENTRE HOSPITALIER DE LUNEVILLE;540000080;1;0;5;0;0;0;0;506;0;0;889;;;;4.05;4.05;0;0;0;0;0;1;1;;;;;;;4.46;2.48;4.8;0;0;1.2
MCOPED;2024;540001070;CH DE BRIEY - HOPITAL MAILLOT;540000767;1;0;8;0;0;0;0;406;0;0;1703;;;;0.5;0.5;;0;0;0;0;1;1;;;;;;;4.59;2.69;6.73;;0.4;2.77
MCOPED;2024;540002698;CHRU NANCY - HOPITAUX DE BRABOIS;540023264;1;33;71;7;25;7041;2200;8458;2110;6043;21719;;;;11.67;9.15;0.58;0;1;0;1;1;0;;;;;;;79.18;33.42;74.86;;1.2;
MCOPED;2024;550000012;CH VERDUN/ST MIHIEL-HOP ST NICOLAS;550006795;1;;12;;2;197;0;592;0;0;1616;;;;2.32;2.32;;0;0;0;0;1;1;;;;;;;4.88;2.28;6.17;;;2.25
MCOPED;2024;560000127;CHBA SITE DE VANNES;560023210;1;;21;;5;1139;;2671;;;7216;;;;19.15;19.15;;1;1;;;0;0;;;;;;;9.41;19.63;20.06;;0.49;9.61
MCOPED;2024;560000135;GHBS- HÔPITAL DU SCORFF;560005746;1;;24;;4;1585;0;1818;0;0;5744;;;;6.24;6.24;;1;1;;;1;1;;;;;;;2.76;8.65;10.84;;0.68;3.78
MCOPED;2024;560000143;CHCB SITE KERIO;560014748;1;0;10;0;0;51;0;416;0;0;1122;;;;2;2;;0;0;;;1;1;;;;;;;3.32;9.96;5.95;;1;3.2
MCOPED;2024;570000059;CH MARIE-MADELEINE DE FORBACH;570025254;1;;22;;4;695;0;1976;0;0;4619;;;;6.99;5.99;;0;0;;;1;1;;;;;;;13.25;12.47;6.15;0.15;0.02;21.83
MCOPED;2024;570000117;CH SAINT-NICOLAS DE SARREBOURG;570015099;1;1;7;;;0;0;657;38;64;1935;;;;3.03;3.03;;;;;1;1;;;;;;;;3.8;4.8;7.6;;;3.75
MCOPED;2024;570000349;HOPITAL BEL AIR DE THIONVILLE - CHR;570005165;1;;15;;2;192;0;1503;0;0;4432;;;;3.91;3.91;;1;1;;;0;0;;;;;;;18.24;10.88;16.66;;0.67;8.5
MCOPED;2024;570000901;HOPITAL ROBERT PAX DE SARREGUEMINES;570000158;1;;16;;4;5;0;951;0;0;2096;;;;2.84;2.84;;0;0;0;0;1;1;;;;;;;3;6.7;5.7;;;3.7
MCOPED;2024;570026682;HOPITAL DE MERCY - CHR METZ THIONVILLE;570005165;1;7;30;;3;1197;0;2162;706;1556;8520;;;;9.6;9.6;;1;1;;;0;0;;;;;;;8.14;19.38;18.35;;0.5;10.72
MCOPED;2024;580972693;HOPITAL PIERRE BEREGOVOY;580780039;1;;15;;;0;0;1203;0;0;3692;;;;3.51;3.51;;;;;;;;;;;;;;4.93;3.07;9.4;0;0.36;1.98
MCOPED;2024;590000121;CH SECLIN;590780227;1;;11;;0;59;0;833;0;0;2121;;;;3.42;3.42;;1;1;;;0;0;;;;;;;0.31;7.89;4.75;;0.28;3.39
MCOPED;2024;590000337;CH DUNKERQUE;590781415;1;;26;8;6;1485;569;2737;0;0;6525;;;;6.59;5.71;0.03;1;1;;;0;0;;;;;;;8.24;16.19;17.21;0;1.27;14.45
MCOPED;2024;590000428;CH CAMBRAI;590781605;1;3;19;;1;86;0;1498;78;164;2968;;;;4.65;4.65;;0;0;;;1;1;;;;;;;8.63;7.98;19.29;;;3.37
MCOPED;2024;590000535;CH DE MAUBEUGE MCO;590781803;1;0;16;0;3;720;0;1617;0;0;3285;;;;5.55;4.29;0.55;1;1;0;0;1;1;;;;;;;9.01;13.82;23.5;;;7.51
MCOPED;2024;590000618;CH VALENCIENNES;590782215;1;14;36;6;4;1249;1109;5202;896;2530;9382;;;;19.3;5.89;13.41;1;1;0;;0;0;;;;;;;9.4;18.29;10;;0.8;26.07
MCOPED;2024;590000758;CH ARMENTIERES;590782637;1;;13;;2;670;0;1424;0;0;2796;;;;5.71;4.56;;;;;;;;;;;;;;9.07;12.88;18.79;0.1;0.64;2.13
MCOPED;2024;590001004;CH DOUAI DECHY;590783239;1;0;19;0;0;0;0;2298;0;0;4762;;;;7.98;6.14;;;;;;;;;;;;;;4.4;4.7;4.7;;0.5;6.4
MCOPED;2024;590006607;HOP JEANNE DE FLANDRE CHU LILLE;590780193;1;29;109;18;22;7455;3478;5291;1089;4284;22642;;;;20.55;13.31;2.36;;;;;;;;;;;;;80.57;112.64;110.81;;4.22;120.22
MCOPED;2024;590787586;INSTITUT COEUR POUMON CHU LILLE;590780193;1;;10;;2;460;0;849;0;0;2485;;;;4.73;3.33;;;;;;;;;;;;;;4.04;13.42;5.65;;;11.22
MCOPED;2024;590796975;HÔPITAL SALENGRO CHU LILLE;590780193;1;0;21;;8;1320;0;5691;0;0;5609;;;;3.47;3.22;;;;;;;;;;;;;;39.62;21.31;27.71;1;1.8;60.04
MCOPED;2024;590797353;GCS GHICL HOPITAL SAINT VINCENT -;590051801;1;7;29;9;27;6271;1564;3377;432;1042;8037;;;;17.24;12.2;5.04;;;;;;;;;;;;;11.73;15.1;25.01;;;1.55
MCOPED;2024;590801106;HOPITAL VICTOR PROVO;590782421;1;10;36;0;5;1147;358;3531;715;1620;7327;;;;20.49;18.59;1.9;;;;;;;;;;;;;20.98;59.19;18.01;1.33;5.99;37.28
MCOPED;2024;590804696;CENTRE HOSPITALIER DE TOURCOING;590781902;1;0;15;0;1;96;0;1338;0;0;2958;;;;5.87;5.87;;0;0;;;1;1;;;;;;;12.07;0;10.6;11.75;0.25;5.58
MCOPED;2024;600000194;CH BEAUVAIS;600100713;1;;28;;3;233;0;2582;0;0;6224;;;;8.58;8.58;;;;;;;;;;;;;;10.9;2.72;10.01;;0.94;7.07
MCOPED;2024;600000467;CH GHPSO CREIL;600101984;1;;38;;5;680;0;3534;0;0;9823;;;;6.53;6.53;;1;1;;;1;1;;;;;;;42.34;3.34;28.33;;1.12;24.28
MCOPED;2024;600113476;CH CHICN COMPIÈGNE;600100721;1;0;20;0;2;437;0;1593;0;0;4205;;;;8.12;7.8;;;;;;;;;;;;;;21.15;1;12.07;;1.03;9.51
MCOPED;2024;610000051;CHICAM - SITE ALENCON;610780082;1;0;15;0;0;260;0;1086;0;0;2733;;;;4.7;4.7;;;;;;;;;;;;;;7.26;5.11;8.33;;;5.01
MCOPED;2024;610000069;CENTRE HOSPITALIER D'ARGENTAN;610780090;1;1;14;0;1;147;0;1458;71;108;2437;;;;4.22;4.22;;0;0;0;;1;1;;;;;;;11.33;2.8;1;;0.23;14.7
MCOPED;2024;610000119;CH JACQUES MONOD - FLERS;610780165;1;;20;;;0;0;1621;0;0;4449;;;;7.32;;;;;;;;;;;;;;;15.48;12.91;16.47;;1.71;24.49
MCOPED;2024;620000026;ETAB HOPALE CTRE CALOT/HELIO;620003814;1;;1;;1;295;0;31;0;0;79;;;;0.1;0.05;;0;0;;;0;0;;;;;;;1;;0.25;0.25;;1
MCOPED;2024;620000034;CH ARRAS;620100057;1;;33;;6;958;0;2272;0;0;5483;;;;8.6;8.6;;1;1;;0;0;0;;;;;;;18.21;19.11;15.62;;1;14.97
MCOPED;2024;620000224;CH BETHUNE;620100651;1;;20;;2;431;0;1569;0;0;3639;;;;4.02;4.02;;;;;;;;;;;;;;3.38;10.34;9.46;0.08;;7.51
MCOPED;2024;620000257;CH LENS;620100685;1;10;17;5;5;872;957;2698;642;1575;6450;;;;10.53;8.03;2.5;1;1;0;1;0;0;;;;;;;31.81;11.4;22.4;;1.79;25.64
MCOPED;2024;620000323;CH CALAIS;620101337;1;;15;;4;605;0;1935;0;0;4048;;;;8.49;5.9;0;1;1;;;0;0;;;;;;;10.82;11.41;10.95;;1.41;6.57
MCOPED;2024;620000349;CH REGION DE ST OMER;620101360;1;0;10;0;2;156;0;946;0;0;1943;;;;3.07;3.07;;0;0;0;0;1;1;;;;;;;0.51;13.79;11.63;0;0;2.54
MCOPED;2024;620000653;CH BOULOGNE-SUR-MER;620103440;1;4;25;0;2;385;0;1803;308;494;4208;;;;7.27;3.55;;1;1;0;0;0;0;;;;;;;10.14;5.7;13.75;;1;14.9
MCOPED;2024;620003202;CH ARRONDISSEMENT DE MONTREUIL;620103432;1;;12;;2;224;0;1519;0;0;2477;;;;4.95;3.95;;0;0;;;1;1;;;;;;;4.09;6.27;3;;0.25;3.2
MCOPED;2024;630781268;HOPITAL ESTAING - CHU63;630780989;1;14;46;4;15;711;756;3065;1214;3578;13736;;;;25.81;17.94;4.8;1;1;0;1;0;0;;;;;;;38.12;39.37;47.31;;1.73;33.54
MCOPED;2024;640000162;CH COTE BASQUE;640780417;1;3;19;0;2;907;0;4200;309;624;5930;;;;11.12;11.12;;1;1;0;;;;;;;;;;3.29;7.5;4.36;;0.73;8.82
MCOPED;2024;640000600;CENTRE HOSPITALIER DE PAU;640781290;1;0;24;0;4;1720;0;2045;0;0;5525;;;;18.3;15.3;3;1;1;0;1;1;1;;;;;;;0.58;14.64;7.62;0.11;0.5;12.38
MCOPED;2024;650000417;CH TARBES LOURDES GESPE SITE TARBES;650783160;1;;18;;6;633;0;1381;0;0;3061;;;;9.25;9.25;;1;1;0;0;0;0;;;;;;;4.54;20.98;3.03;;2.2;19.22
MCOPED;2024;660000084;CH PERPIGNAN;660780180;1;0;25;;6;1620;0;4217;0;0;7891;0;;;12.47;12.47;0;;;;;;;;;;;;;21.94;10.41;12.58;0;1;16.04
MCOPED;2024;670000157;CENTRE HOSPITALIER DE HAGUENAU;670780337;1;;18;;2;826;0;1132;0;0;3106;;;;6.85;5.38;0;1;1;0;0;0;0;;;;;;;4.03;18.22;0;0.08;2.6;20.35
MCOPED;2024;670000165;CH SAINTE-CATHERINE DE SAVERNE;670780345;1;1;7;0;6;160;0;774;12;14;1863;;;;7.33;6.33;;1;1;;;0;0;;;;;;;13.68;9.62;2.1;;0.12;6.2
MCOPED;2024;670000397;CENTRE HOSPITALIER DE SELESTAT;670017755;1;;14;;1;105;0;748;0;0;2325;1;1;;6.57;4.29;0.01;0;0;0;0;1;1;;;;;;;7.68;2.73;4.3;0;0;10.12
MCOPED;2024;670780212;CLINIQUE SAINTE-ANNE;670014604;1;;7;;;0;0;204;0;0;302;13;;;;;;;;;;;;;;;;;;;9.1;17.1;;;
MCOPED;2024;670783273;HOPITAL DE HAUTEPIERRE;670780055;1;23;68;10;30;3224;1936;5600;1372;4648;21692;;;;38.04;31.4;5.64;1;1;1;1;1;1;;;;;;;87.59;81.8;39.4;3.49;6.51;75.39
MCOPED;2024;680000684;HOPITAL LOUIS PASTEUR;680000973;1;8;27;11;6;1400;1770;1927;472;1123;6359;;;;5.12;3.7;1.42;1;1;0;1;0;0;;;;;;;7.02;10.2;19.25;0;0;10.22
MCOPED;2024;680004546;HOPITAL EMILE MULLER;680020336;1;0;48;5;5;2022;3;3162;27;42;12596;;;;14.47;10.17;;1;;;;1;1;;;;;;;37.88;27.27;31.39;0.2;3.27;20.89
MCOPED;2024;690000427;CTRE MEDICO-CHIR READAPT. LES MASSUES;750721334;1;;;;2;1038;0;0;0;0;0;;;;1.48;0.39;;0;0;0;1;1;1;;;;;;;1.01;;1;2.8;0.12;6.62
MCOPED;2024;690000575;CH NORD OUEST - VILLEFRANCHE;690782222;1;;45;5;5;1098;1495;2446;0;0;9124;7;7;;7.76;7.03;0.45;1;1;1;0;0;0;;;;;;;32.98;15;25.68;;0.8;9.06
MCOPED;2024;690000880;CENTRE LEON BERARD;690783220;1;0;15;;;0;0;2713;0;0;2352;;;;8.38;8.38;;0;0;0;0;1;1;;;;;;;17.87;6.75;8.09;;0.5;11.2
MCOPED;2024;690007539;HOPITAL FEMME MERE ENFANT - HCL;690781810;1;80;71;21;46;20863;3675;10185;3322;9815;38882;;;;64.47;43.24;4.44;1;1;1;1;1;1;;;;;;;207.92;77.81;202.17;4.77;12.21;92.97
MCOPED;2024;690019849;IHOP - HCL;690781810;1;0;35;0;17;2147;0;430;0;0;2208;;;;5.1;5.02;;0;0;;;0;0;;;;;;;21.95;17.04;24.62;0.25;1.37;16.11
MCOPED;2024;690041132;MEDIPOLE HOPITAL MUTUALISTE;690006598;1;;13;;1;140;0;542;0;0;2419;;;;2.42;2.42;;0;0;0;0;1;1;;;;;;;3.74;5.16;8.29;;0.65;1.15
MCOPED;2024;690784186;HOPITAL LOUIS PRADEL - HCL;690781810;1;0;14;0;0;672;0;1011;0;0;7912;;;;11.1;3.93;;1;0;;;1;0;;;;;;;29.75;12.29;22.09;;0.7;15.52
MCOPED;2024;700000029;GH HAUTE SAONE SITE VESOUL;700004591;1;;14;;4;716;0;1445;0;0;3124;2;2;;6.5;6.5;;0;0;0;;1;1;;;;;;;0.58;19.53;13.33;;;4.56
MCOPED;2024;710010067;CH DU PAYS CHAROLAIS BRIONNAIS;710780644;1;;10;;;0;0;931;0;0;1740;;;;3.92;;;;;;;;;;;;;;;4.21;5.04;11.1;;0.08;1
MCOPED;2024;710978263;CH WILLIAM MOREY CHALON SUR SAONE;710780958;1;0;18;0;0;0;0;3598;0;0;6158;0;0;;9.36;9.36;;1;;;;0;;;;;;;;5.37;4.9;31.87;;;
MCOPED;2024;710978289;CH LES CHANAUX MACON;710780263;1;1;14;0;1;197;0;1381;99;170;3817;;;;6.75;6.75;;1;1;;;0;0;;;;;;;7.53;15.36;18.37;;1;6.76
MCOPED;2024;720000033;CENTRE HOSPITALIER DU MANS;720000025;1;12;53;6;8;1946;1423;5034;919;2321;13204;0;0;0;9.02;7.33;1.69;1;1;1;0;0;0;;;;;;;31.72;12.74;41.63;;0.5;6.5
MCOPED;2024;720016179;POLE SANTE SARTHE ET LOIR;720016724;1;0;0;0;7;282;0;0;0;0;0;;;;5.63;3.03;0;0;0;0;0;1;1;;;;;;;0;0;0;0;1;0
MCOPED;2024;730000031;CHMS - SITE CHAMBERY MCO;730000015;1;9;36;;6;2026;0;2336;152;198;9503;;;;10.44;10.44;;;;;;;;;;;;;;12.39;8.04;;0.6;1.98;21.91
MCOPED;2024;730000262;CH D'ALBERTVILLE;730002839;1;2;12;0;0;0;0;979;193;335;2520;0;0;0;5.96;5.77;0;;;;;;;0;0;0;0;0;0;7.1;4.89;7.24;0;0.5;5.57
MCOPED;2024;740000237;CH ANNECY-GENEVOIS SITE ANNECY;740781133;1;;50;;4;1062;0;3010;0;0;9713;;;;10.62;10.62;;1;1;;;0;0;;;;;;;21.04;10.7;27.14;0.2;;6.71
MCOPED;2024;740000328;HOPITAUX DU LEMAN;740790381;1;;16;;4;719;0;1452;0;0;3593;;;;4.3;3.96;0.12;0;0;0;0;1;1;;;;;;;5.38;;4.79;;;3.93
MCOPED;2024;740781141;CH ALPES LEMAN;740790258;1;2;22;0;4;432;0;1676;173;355;4024;;;;10.66;8.22;;1;1;0;0;0;0;;;;;;;16.25;8.61;17.78;0;0.2;6.46
MCOPED;2024;740781224;HOPITAUX DU MONT BLANC SITE SALLANCHES;740001839;1;1;21;1;2;612;248;1235;185;427;3697;;;;2.54;2.54;;0;0;;;1;1;;;;;;;11.27;0.6;8.72;;0.8;8.12
MCOPED;2024;750000549;HOPITAL FONDATION A DE ROTHSCHILD;750150229;1;;17;4;;0;861;417;;;2237;;;;10.56;2.67;7.9;0;0;0;1;1;1;;;;;;;15.93;1.95;3.65;1.03;1;2.55
MCOPED;2024;750100075;GHU APHP NUP SITE SAINT LOUIS;750712184;1;0;16;;0;0;0;65;0;0;864;;;;5;;;1;;;;1;;;;;;;;29;1;;;;18
MCOPED;2024;750100109;GHU APHP SUN SITE TROUSSEAU;750712184;1;58;162;15;47;8850;2583;8614;2718;9540;30554;;;;146.82;;;1;1;1;;;;;;;;;;258.5;48;162.1;11;23.2;229.59
MCOPED;2024;750100166;GHU APHP CUP SITE COCHIN PORT ROYAL;750712184;1;;10;;6;2040;0;188;0;0;3555;;;;9.94;9.94;;0;0;;;0;0;;;;;;;9.9;1.1;1.65;;4.87;13.77
MCOPED;2024;750100208;GHU CUP SITE NECKER ENFANTS MALADES;750712184;1;137;283;17;61;13178;2907;11776;6677;21245;56555;;;;295.32;177.89;66.64;1;1;1;1;1;;;;;;;;500.17;133.11;316.56;27;32.5;549.72
MCOPED;2024;750803454;GHU APHP NUP SITE ROBERT DEBRE;750712184;1;32;177;15;45;11197;3434;12268;2202;7291;43940;0;0;0;122.1;85.9;36.2;1;1;1;1;1;1;0;0;0;0;0;0;367.39;78.84;217.74;15.23;24.95;244.44
MCOPED;2024;760000018;CH DIEPPE;760780023;1;0;13;0;3;468;0;1474;0;0;2743;;;;8.52;8.52;;1;1;;;0;0;;;;;;;13.21;7.67;;;0.89;20.83
MCOPED;2024;760000158;HOPITAL CHARLES NICOLLE CHU ROUEN;760780239;1;39;78;14;20;5484;4241;6871;1837;5504;24758;0;;;51.77;39.26;3.49;1;1;0;1;0;0;;;;;;;138.85;66.79;106.42;;5.43;73.64
MCOPED;2024;760000364;CHI DU PAYS DES HAUTES FALAISES FECAMP;760780734;1;;10;;;0;0;501;0;0;1289;;;;1.27;1.27;;;0;;;;1;;;;;;;8.81;3;2;;;7.7
MCOPED;2024;760000463;CH LES FEUGRAIS CHI ELBEUF;760024042;1;0;12;0;2;476;0;1614;0;0;3019;;;;8.87;8.87;;1;1;;;0;0;;;;;;;6.15;4.34;4.05;0;0;4.03
MCOPED;2024;760805770;HOPITAL JACQUES MONOD CH LE HAVRE;760780726;1;8;69;9;5;1430;963;4652;947;2062;10785;;;;6.96;4.98;1.96;;;;;;;;;;;;;30.34;15.5;13.43;;1.3;37.7
MCOPED;2024;770000131;CH DE COULOMMIERS;770021145;1;0;10;0;0;0;0;665;0;0;1897;;;;6.29;3.29;;1;1;;;1;0;;;;;;;9.28;0.8;8.42;;0.5;4.14
MCOPED;2024;770000149;CH SUD SEINE ET MARNE FONTAINEBLEAU;770021152;1;;2;;3;486;0;1688;0;0;3401;13;;;12.38;;;1;1;;;1;;;;;;;;43.39;1;;3.56;2.71;
MCOPED;2024;770000156;CH DE MELUN SITE SANTEPOLE;770110054;1;;28;;4;413;0;1788;0;0;5071;0;0;0;15.56;13.3;0;1;1;0;0;0;0;0;0;0;;0;;16.14;2.86;4.08;;1;
MCOPED;2024;770000164;CH SUD SEINE ET MARNE SITE MONTEREAU;770021152;1;0;1;0;0;0;0;20;0;0;20;;;;0.9;0.9;;1;1;1;1;1;1;;;;;;;57.4;;;2.86;2.52;
MCOPED;2024;770000172;CH DE PROVINS LEON BINET;770110070;1;1;17;;2;52;0;976;22;55;2159;;;;7.71;7.11;;1;1;;;0;0;;;;;;;13.66;2.25;7.65;0;0.17;1.31
MCOPED;2024;770000446;CH DE MEAUX SITE SAINT FARON;770021145;1;0;30;0;3;692;0;2509;0;0;7967;;;;17.59;12.12;0.05;1;;;;;;;;;;;;37.29;1.8;13.53;;2.5;16
MCOPED;2024;770019032;GHEF MARNE LA VALLEE SITE JOSSIGNY;770021145;1;0;25;0;2;1722;0;1908;0;0;6961;;;;12.46;7.18;;1;;;;0;;;;;;;;9.11;0.5;7.45;;;7.75
MCOPED;2024;780000287;CH FRANCOIS QUESNAY MANTES;780110011;1;3;29;2;3;353;345;4031;243;385;7765;;;;4.21;;;;;;;;;;;;;;;15.3;6.2;28.84;0.08;1.88;11.16
MCOPED;2024;780000311;CHI POISSY ST GERMAIN SITE DE POISSY;780001236;1;;20;;6;1223;0;3156;0;0;7666;;;;6.59;6.31;;0;0;0;0;0;0;;;;;;;10.11;10.15;15.96;;2.77;12.88
MCOPED;2024;780000329;CH DE RAMBOUILLET;780110052;1;0;12;0;2;181;0;872;0;0;2344;;;;3.5;3.45;;1;1;1;0;0;0;;;;;;;2.17;1.01;3.91;0;0.04;2.81
MCOPED;2024;780630026;CENTRE PEDIATRIQUE DES COTES;750803900;1;0;1;0;8;1623;0;19;0;0;164;;;;3.34;3.34;;1;1;0;;;;;;;;;;2.24;;1.03;;;0.79
MCOPED;2024;780800256;CH DE VERSAILLES SITE ANDRE MIGNOT;780110078;1;1;29;1;5;1547;118;3871;112;310;10254;;;;16.72;16.72;;1;1;;;0;0;;;;;;;15.74;5.05;7.5;0.1;1.63;12.78
MCOPED;2024;790000087;CENTRE HOSPITALIER DE NIORT;790000012;1;;19;;5;338;0;1676;0;0;3885;;;;12.23;12.05;;1;1;;;;;;;;;;;15.18;10.19;18.5;0.2;1.86;12.23
MCOPED;2024;800000143;CH ABBEVILLE;800000028;1;;10;;1;245;0;1476;0;0;3326;;;;4.52;4.52;;0;0;0;0;1;1;;;;;;;9.56;1;3.37;;0.38;7.36
MCOPED;2024;800006124;CHU AMIENS SUD;800000044;1;28;69;8;10;2797;1604;5573;1371;3972;20462;;;;27.13;19.4;3.56;1;1;;;0;0;;;;;;;66.44;24.37;37.19;0.18;2;44.32
MCOPED;2024;810000505;CH ALBI;810000331;1;;12;;2;389;0;1003;0;0;2870;;;;3.63;3.63;;0;0;0;0;1;1;;;;;;;7.48;4.21;3.95;;;2.8
MCOPED;2024;810000521;CHIC CASTRES MAZAMET SITE AUTAN;810000380;1;0;12;0;0;433;0;1152;0;0;2207;;;;5.2;5.2;;1;1;;;;;;;;;;;1.6;7.94;9.76;0.25;0.17;3.07
MCOPED;2024;820000032;CH MONTAUBAN;820000016;1;0;15;0;2;340;0;1237;0;0;2497;;;;4.96;4.81;;0;0;;;1;1;;;;;;;9.33;8.3;10.73;;;9.87
MCOPED;2024;830000287;CH LA DRACENIE DE DRAGUIGNAN;830100525;1;0;11;0;2;24;0;918;0;0;2208;7;;;5.16;5.12;0.04;0;0;0;0;1;;;;;;;;3.55;6.85;5.62;0.05;0.43;6.18
MCOPED;2024;830000295;CH DE HYERES MARIE JOSEE TREFFOT;830100533;1;0;20;0;0;0;0;1967;0;0;4028;;;;5.87;5.87;;0;;;;1;;;;;;;;5.15;14.18;8.9;;;6.89
MCOPED;2024;830000311;CHI DE FREJUS SAINT RAPHAEL;830100566;1;;9;1;2;52;15;1414;0;0;2646;;;;2.9;2.9;;;;;;1;1;;;;;;;7;8.8;16.85;;;8.54
MCOPED;2024;830000345;CHITS CH SAINTE MUSSE;830100616;1;11;20;0;1;585;0;2659;1340;3872;4459;;;;15.39;12.1;1;1;;;;;;;;;;;;5.31;20.79;23.29;0.2;0.79;13.38
MCOPED;2024;830100558;HOPITAL RENEE SABRAN HYERES;690781810;1;0;2;0;2;214;0;10;0;0;51;;;;0.35;0.35;;1;0;;;0;0;;;;;;;;;;;;
MCOPED;2024;840001861;CH D'AVIGNON HENRI DUFFAUT;840006597;1;14;49;;1;1227;0;7034;536;1308;12198;;;;7.58;5;;1;1;0;1;1;1;;;;;;;9.81;26.64;28.06;0.56;2.07;19.2
MCOPED;2024;850000142;CHD SITE LA ROCHE SUR YON;850000019;1;0;23;;3;725;0;3821;0;0;8170;;;;11.38;10.05;0;1;1;0;0;0;0;;;;;;;17.67;8.86;20.7;;0.25;9.48
MCOPED;2024;850000241;CENTRE HOSPITALIER COTE DE LUMIÈRE;850000084;1;;7;;0;81;0;507;0;0;1319;;;;2.37;2.37;;0;0;0;0;1;1;;;;;;;4.79;1;1.77;;;2.35
MCOPED;2024;850009630;CH FONTENAY SITE POLE SANTE SUD VENDEE;850000035;1;0;10;0;0;0;0;596;0;0;1034;;;;2;2;;;;;;;;;;;;;;4.12;2.23;4.6;0;0;0
MCOPED;2024;860000223;CHU LA MILETRIE;860014208;1;;37;;4;889;0;3936;0;0;12673;;;;28.9;26.12;2.63;0;0;0;1;1;1;;;;;;;31.17;11.11;24.19;2;0;7.75
MCOPED;2024;870014859;HOPITAL DE LA MERE ET DE L'ENFANT;870000015;1;13;31;7;12;2492;1337;3267;1174;2543;9429;0;0;0;27.33;18.29;2.5;1;1;0;0;1;1;0;0;0;0;0;0;79.81;63.64;44.78;5.9;1.3;79.57
MCOPED;2024;880000021;CHI E.DURKHEIM - PLATEAU DE LA JUSTICE;880007059;1;0;17;0;0;0;0;1371;0;0;2880;;;;6.75;6.75;;1;;;;;;;;;;;;17.34;10.32;18.19;0;1.11;9.2
MCOPED;2024;880000047;CHI HMV - SITE SAINT DIE DES VOSGES;880009147;1;1;10;;;0;0;799;119;210;1746;;;;1.4;1.4;;;;;;;;;;;;;;6.69;7;12.14;;;1
MCOPED;2024;880000054;CHI L'OUEST VOSGIEN SITE NEUFCHATEAU;880007299;1;0;8;0;2;332;0;602;0;0;1368;;;;3.19;2.7;0;0;0;;;1;1;;;;;;;1;5.5;;;0.4;7.11
MCOPED;2024;880000062;CENTRE HOSPITALIER DE REMIREMONT;880780093;1;0;7;0;3;267;0;198;0;0;996;;;;3.3;2;0;0;0;0;0;1;1;;;;;;;6.25;1.12;4.28;;1.76;8.55
MCOPED;2024;890975527;CH AUXERRE;890000037;1;;18;;2;483;0;1714;0;0;4052;;;;3.74;3.37;;1;1;0;0;0;0;;;;;;;15.2;7.6;8.55;;0.17;4.71
MCOPED;2024;890975550;CH SENS;890970569;1;0;12;0;2;117;0;1041;0;0;3191;;;;7.15;7.15;;1;1;0;0;1;1;;;;;;;7.76;3.87;6.73;;0.42;4.24
MCOPED;2024;900003039;HNFC SITE TREVENANS;900000365;1;;19;3;3;476;2;2157;0;0;4673;0;0;0;13.26;10.53;0;1;1;0;0;;;;;;;;;0;18;14.2;0;0;0
MCOPED;2024;910000272;CH D ARPAJON;910110014;1;;13;;2;197;0;1501;0;0;3332;;;;6.6;6.2;;1;1;0;0;0;0;;;;;;;6.98;3.2;3.57;0.14;;3.77
MCOPED;2024;910000280;CH DOURDAN ETAMPES SITE DOURDAN;910019447;1;0;14;0;2;17;0;675;0;0;1907;;;;5.66;5.66;;;;;;;;;;;;;;9.09;2;11.82;;;1.97
MCOPED;2024;910000298;CENTRE HOSPITALIER DE LONGJUMEAU;910110055;1;;;;;443;0;881;0;0;3740;;;;7.36;5.36;;;;;;;;;;;;;;;;;;;
MCOPED;2024;910000306;CH D ORSAY;910110055;1;;;;;335;0;54;0;0;0;;;;1.35;1.35;;;;;;;;;;;;;;;;;;;
MCOPED;2024;910001973;CH DOURDAN ETAMPES SITE ETAMPES;910019447;1;0;0;0;2;67;0;0;0;0;0;;;;1.82;1.82;;0;0;0;0;0;0;;;;;;;;0.5;0.5;;;0.5
MCOPED;2024;910020254;CH SUD FRANCILIEN SITE JEAN JAURES;910002773;1;0;36;0;6;2074;0;3452;0;0;11727;;;;15.8;15.8;;1;1;0;0;0;0;;;;;;;24.02;11.87;20.37;;2.92;19.07
MCOPED;2024;910026780;HOPITAL PARIS-SACLAY;910110055;1;;13;;6;1148;0;1255;0;0;2645;;;;3.79;;;;;;;;;;;;;;;35.42;8.64;38.66;;;
MCOPED;2024;920000585;CH RIVES DE SEINE SITE NEUILLY S/SEINE;920026374;1;0;18;0;2;646;0;2306;0;0;4177;;;;8.97;7.39;;1;1;0;0;0;0;;;;;;;6.77;2.08;13.51;0.2;1.8;10.54
MCOPED;2024;920000684;HOPITAL MARIE LANNELONGUE;750150120;1;16;38;0;2;343;0;1979;104;1441;10532;;;;17.8;12.3;5.5;1;0;0;1;1;1;;;;;;;41.69;11.51;34.3;4.45;2.4;24.2
MCOPED;2024;920100013;GHU APHP UPS SITE AMBROISE PARE;750712184;1;0;20;;3;1031;0;1852;0;0;6013;;;;16;16;0;1;1;;;1;1;;;;;;;11.52;1.35;11.18;0;1.62;8.5
MCOPED;2024;920100021;GHU APHP UPS SITE ANTOINE BECLERE;750712184;1;;26;;3;762;0;4044;0;0;7862;;;;5.81;5.81;;0;0;;;0;0;;;;;;;26.36;5.25;17.71;0.6;1.5;6.6
MCOPED;2024;920100047;GHU APHP NUP SITE LOUIS MOURIER;750712184;1;;29;;6;1330;0;3414;0;0;8174;;;;14.66;12.66;;1;1;;1;;;;;;;;;41.2;8.2;37.1;0;2;14.3
MCOPED;2024;920100054;GHU APHP UPS SITE RAYMOND POINCARE;750712184;1;;11;;2;2529;0;515;0;0;4488;;;;1.33;1.33;;1;1;;;1;1;;;;;;;2.53;0.55;6.22;4;0;5.5
MCOPED;2024;920300191;CLINIQUE MARCEL SEMBAT CCBB;920000767;1;14;2;15;0;0;190;11;138;198;32;62;10;52;0;0;0;0;0;0;1;1;0;0;0;0;0;0;0;1.85;2;2.84;0;0.8;0
MCOPED;2024;930000286;GHI LE RAINCY MONTFERMEIL;930021480;1;;15;;2;136;;1093;0;0;3535;;;;5.41;3.44;;;;;;;;;;;;;;9.32;3.5;15.55;;0.98;6.57
MCOPED;2024;930000302;CHI ANDRE GREGOIRE;930110036;1;;20;;3;352;0;1713;0;0;7320;;;;11.71;11.71;;1;1;0;0;0;0;;;;;;;11.03;0.75;10.2;;0.8;5.19
MCOPED;2024;930000328;CH GENERAL DELAFONTAINE;930110051;1;10;30;4;6;775;418;3549;395;1451;7859;;;;16.37;8.96;3.68;;;;;;;;;;;;;19.01;5.26;21.43;;1;
MCOPED;2024;930000336;CHI ROBERT BALLANGER;930110069;1;13;37;4;8;1003;1351;4123;201;388;9271;;;;26.63;15.36;5.42;;;;;;;;;;;;;41.94;5.17;33;0;0;31.71
MCOPED;2024;930100045;GHU APHP HU PSSD SITE JEAN VERDIER;750712184;1;;24;;8;3011;0;2488;0;0;8158;;;;20.58;20.58;;1;1;0;;1;;;;;;;;61;6;13.8;;2.34;38.6
MCOPED;2024;940000573;CHI DE CRETEIL;940110018;1;20;39;0;5;2832;0;3867;1584;3405;10854;;;;30.66;;;0;;;;;;;;;;;;53.88;3.73;29.28;1;3.37;6.35
MCOPED;2024;940000599;CHI LUCIE ET RAYMOND AUBRAC;940110042;1;10;51;7;6;969;672;2960;873;1973;8207;29;22;7;26.91;21.54;5.37;;;;;;;;;;;;;26.4;5;;;3;
MCOPED;2024;940000649;HOPITAL SAINT CAMILLE;940150014;1;10;28;5;3;613;832;3138;324;799;6119;;;;14.16;7.22;6.04;;;;;;;;;;;;;10.85;2.85;8.89;;;3.77
MCOPED;2024;940100043;GHU APHP UPS SITE KREMLIN BICETRE APHP;750712184;1;16;97;3;29;5642;350;5849;835;3236;25049;;;;69;56;11;0;0;0;0;0;0;;;;;;;78.47;10.68;43.94;4.8;5.81;60.88
MCOPED;2024;940300569;HOPITAL PRIVE DE VITRY SITE PASTEUR;940000912;1;;8;;;0;0;9;0;0;14;4;4;0;1;1;0;0;0;0;0;1;1;;;;;;;2.73;2.5;3.25;;;
MCOPED;2024;950000307;CH VICTOR DUPOUY;950110015;1;0;17;0;4;1003;0;3278;0;0;4747;0;0;0;10.32;10.32;0;1;1;1;0;0;0;0;0;0;0;0;0;9.01;1.59;8.39;3.36;1.03;6.25
MCOPED;2024;950000315;HOPITAL NOVO SITE BEAUMONT SUR OISE;950110080;1;0;6;0;1;81;0;399;0;0;1424;;;;4.6;4.5;;;;;;;;;;;;;;6.86;2.97;4.17;;;3.91
MCOPED;2024;950000323;GHEM SIMONE VEIL SITE EAUBONNE;950013870;1;;25;;5;473;0;4855;0;0;9054;;;;9.66;8.22;0.1;1;1;0;0;1;1;;;;;;;9.27;5.76;11.64;;0.86;7.31
MCOPED;2024;950000331;CH GENERAL DE GONESSE;950110049;1;1;46;1;3;903;79;4532;1;1;12486;;;;8.78;8.61;0.15;1;1;1;0;0;0;;;;;;;38.91;7.23;30.42;;;5.6
MCOPED;2024;950000364;CH NOVO SITE RENE DUBOS;950110080;1;9;37;0;5;319;187;3533;444;1160;8420;;;;28.79;24.94;2.5;;;;;;;;;;;;;30.19;4.42;24.34;;1.1;22.98
MCOPED;2024;950630012;HOPITAL D ENFANTS MARGENCY;750721334;1;;9;;;0;0;346;0;0;1954;;;;1.32;1.14;;1;1;0;;;;;;;;;;4.15;0.55;3.99;0.41;0.25;10.58
MCOPED;2024;970100392;CENTRE HOSPITALIER DE LA BASSE -TERRE;970100178;1;2;23;0;4;496;0;662;37;75;2071;0;0;0;2.59;2.59;0;1;0;0;0;0;0;0;0;0;0;0;0;6.76;0;0.9;0;0;10.28
MCOPED;2024;970100400;C.H. LOUIS CONSTANT FLEMING;970100186;1;0;8;0;1;88;0;442;0;0;767;0;0;0;2;2;0;0;0;0;0;1;1;0;0;0;0;0;0;6;12;6;0;0;0
MCOPED;2024;970100442;C.H.U. DE POINTE-A-PITRE/ABYMES;970100228;1;10;52;4;4;1380;497;2127;699;1626;7658;;;;20;14;6;1;1;;1;1;0;;;;;;;17.5;7;17.8;0;1;0.5
MCOPED;2024;970107249;CLINIQUE LES EAUX CLAIRES;970100731;1;0;0;3;6;647;223;0;0;0;0;1;1;0;0.6;0.6;0;0;0;0;0;0;0;0;1;0;2;2;1;0;1;0;0.6;0.6;0.3
MCOPED;2024;970211223;CHU DE MARTINIQUE SITE DE TRINITE;970211207;1;;8;;;0;0;464;0;0;1318;;;;0.5;0.3;;;;;;;;;;;;;;7;1;5.3;;;5.6
MCOPED;2024;970211256;CHU DE MARTINIQUE SITE MERE ENFANT;970211207;1;15;49;4;4;1298;410;3713;813;3915;15233;;;;18;11;7;1;0;0;1;1;1;;;;;;;28;17;40;;1;10
MCOPED;2024;970300026;CENTRE HOSPITALIER DE CAYENNE;970302022;1;5;35;1;4;831;4;2175;422;1660;10122;0;0;0;1;0;0;;;;;;;0;0;0;0;0;0;1;0;1.87;0;0;2.32
MCOPED;2024;970300083;CENTRE HOSPITALIER  FRANCK-JOLY;970302121;1;;15;;4;296;0;1172;0;0;4396;;;;7.49;7.49;;1;1;0;0;0;0;;;;;;;8.8;3.48;12.86;;;11.95
MCOPED;2024;970305637;CENTRE HOSPITALIER INTERCOM DE KOUROU;970305629;1;0;7;0;4;32;0;649;0;0;1924;0;0;;1.84;1.84;;0;0;0;1;1;1;;;;;;;4.42;1.22;6.61;;1.49;3
MCOPED;2024;970400024;CHU SITE FELIX GUYON (SAINT DENIS);970408589;1;15;50;;12;4695;8;3202;887;3875;12480;;;;9.65;9.65;;;;;;;;;;;;;;24.3;8.6;22.6;;2;5
MCOPED;2024;970400057;CHU SITE SUD (SAINT PIERRE);970408589;1;8;44;;10;1622;0;3668;672;2057;12588;;;;27.6;19.97;5.28;;;;;;;;;;;;;30.2;15.2;53;1.5;3.8;18.3
MCOPED;2024;970400065;CH OUEST REUNION;970421038;1;;20;2;3;576;232;3647;0;0;6232;;;;4;4;;1;1;1;0;0;0;;;;;;;11.23;4.7;14.29;;;2
MCOPED;2024;970400073;GHER (SAINT-BENOIT);970403606;1;;8;;3;152;0;1370;0;0;2822;0;0;0;5.96;5.96;0;;;;;;;0;0;0;0;0;0;13.82;7.31;16.04;0.31;0;2
MCOPED;2024;980500011;CHM;980500003;1;;38;;4;631;0;1914;0;0;14495;;;;23.83;18.54;1;1;1;1;0;0;0;;;;;;;26.31;13.81;13.37;0;0;35.37
